{
  "type": "FeatureCollection",
  "features": [
    {
      "type": "Feature",
      "properties": {
        "site_id": "south-lhonak",
        "from_date": "2019-10-15",
        "to_date": "2022-11-30",
        "status": "provisional_owner_approved_not_independently_reviewed",
        "crs_for_measurement": "EPSG:32645",
        "change_class": "glacier_loss",
        "area_km2": 0.106886
      },
      "geometry": {
        "type": "MultiPolygon",
        "coordinates": [
          [
            [
              [
                88.18347919170647,
                27.913171160389066,
                0.0
              ],
              [
                88.1836588547633,
                27.913171160389062,
                0.0
              ],
              [
                88.1836588547633,
                27.912991497332236,
                0.0
              ],
              [
                88.18383851782012,
                27.91299149733224,
                0.0
              ],
              [
                88.18383851781876,
                27.912923736171734,
                0.0
              ],
              [
                88.18367481194194,
                27.912925142851574,
                0.0
              ],
              [
                88.18367088096817,
                27.91256412374599,
                0.0
              ],
              [
                88.18346767613997,
                27.912565869540902,
                0.0
              ],
              [
                88.18346571102138,
                27.912385359965654,
                0.0
              ],
              [
                88.18305930197587,
                27.912388850639186,
                0.0
              ],
              [
                88.18306323088353,
                27.91274986984358,
                0.0
              ],
              [
                88.18286002566009,
                27.912751614758132,
                0.0
              ],
              [
                88.18286198979952,
                27.91293212436033,
                0.0
              ],
              [
                88.18265878422574,
                27.912933868987427,
                0.0
              ],
              [
                88.18266271189371,
                27.91329488821878,
                0.0
              ],
              [
                88.18306912437977,
                27.913291398605253,
                0.0
              ],
              [
                88.18307108891445,
                27.913471908189486,
                0.0
              ],
              [
                88.1832742954674,
                27.9134701629156,
                0.0
              ],
              [
                88.1832762603614,
                27.913650672481868,
                0.0
              ],
              [
                88.18347919167044,
                27.91364892926993,
                0.0
              ],
              [
                88.18347919170647,
                27.913171160389066,
                0.0
              ]
            ]
          ],
          [
            [
              [
                88.18383851782012,
                27.91101520370718,
                0.0
              ],
              [
                88.18401818087695,
                27.911015203707183,
                0.0
              ],
              [
                88.184018180866,
                27.91039482172575,
                0.0
              ],
              [
                88.1838504974653,
                27.91039626271573,
                0.0
              ],
              [
                88.18384853188857,
                27.910215753104545,
                0.0
              ],
              [
                88.18405173230603,
                27.910214006878448,
                0.0
              ],
              [
                88.18404780053274,
                27.909852987674046,
                0.0
              ],
              [
                88.18419784392626,
                27.909851698084434,
                0.0
              ],
              [
                88.18419784393377,
                27.90975756230941,
                0.0
              ],
              [
                88.18424997985264,
                27.90975756233354,
                0.0
              ],
              [
                88.18424903405295,
                27.909670731576263,
                0.0
              ],
              [
                88.18437750698915,
                27.909669627205027,
                0.0
              ],
              [
                88.1843775069906,
                27.909577899252586,
                0.0
              ],
              [
                88.18455717004741,
                27.90957789925259,
                0.0
              ],
              [
                88.18455717004741,
                27.90939823619576,
                0.0
              ],
              [
                88.18473683310424,
                27.90939823619576,
                0.0
              ],
              [
                88.18473683310424,
                27.909218573138936,
                0.0
              ],
              [
                88.18491649616107,
                27.909218573138943,
                0.0
              ],
              [
                88.18491649616107,
                27.909038910082117,
                0.0
              ],
              [
                88.18509615921789,
                27.909038910082113,
                0.0
              ],
              [
                88.18509615921789,
                27.908523964993105,
                0.0
              ],
              [
                88.1850029235351,
                27.908499920911645,
                0.0
              ],
              [
                88.18491649616107,
                27.908499920911645,
                0.0
              ],
              [
                88.18491649616107,
                27.9084776325907,
                0.0
              ],
              [
                88.184852,
                27.908461000000003,
                0.0
              ],
              [
                88.18455908792863,
                27.90832025785482,
                0.0
              ],
              [
                88.18455717004741,
                27.90832025785482,
                0.0
              ],
              [
                88.18455717004741,
                27.90831933632668,
                0.0
              ],
              [
                88.184365,
                27.908226999999997,
                0.0
              ],
              [
                88.183932,
                27.907943999999997,
                0.0
              ],
              [
                88.18344600000002,
                27.907805,
                0.0
              ],
              [
                88.182961,
                27.907666,
                0.0
              ],
              [
                88.182581,
                27.907335,
                0.0
              ],
              [
                88.18214800000001,
                27.907052,
                0.0
              ],
              [
                88.18182171102912,
                27.906803148596982,
                0.0
              ],
              [
                88.18177924835737,
                27.906803512900307,
                0.0
              ],
              [
                88.18178121021508,
                27.906984022727084,
                0.0
              ],
              [
                88.18198440473958,
                27.906982279734923,
                0.0
              ],
              [
                88.18198636695661,
                27.907162789552718,
                0.0
              ],
              [
                88.18218956179552,
                27.907161046246145,
                0.0
              ],
              [
                88.1821934869572,
                27.907522065836815,
                0.0
              ],
              [
                88.1823966824519,
                27.90752032220685,
                0.0
              ],
              [
                88.18239864539655,
                27.907700831979728,
                0.0
              ],
              [
                88.18260184121463,
                27.907699088035347,
                0.0
              ],
              [
                88.18260380450963,
                27.907879597790263,
                0.0
              ],
              [
                88.18280700065111,
                27.907877853531474,
                0.0
              ],
              [
                88.18280896430544,
                27.908058363268417,
                0.0
              ],
              [
                88.18301216076132,
                27.9080566187042,
                0.0
              ],
              [
                88.18301412476599,
                27.90823712842318,
                0.0
              ],
              [
                88.18321732154527,
                27.908235383535576,
                0.0
              ],
              [
                88.18322321469118,
                27.908776912629637,
                0.0
              ],
              [
                88.18302001690577,
                27.908778657553164,
                0.0
              ],
              [
                88.18302983748609,
                27.909681206004336,
                0.0
              ],
              [
                88.1832330369603,
                27.909679461017916,
                0.0
              ],
              [
                88.18323696599373,
                27.910040480339088,
                0.0
              ],
              [
                88.18344016612373,
                27.910038735020297,
                0.0
              ],
              [
                88.1834460608327,
                27.910580263925702,
                0.0
              ],
              [
                88.1832428596876,
                27.910582009280436,
                0.0
              ],
              [
                88.18324875354315,
                27.91112353818584,
                0.0
              ],
              [
                88.1836551578276,
                27.91112004709909,
                0.0
              ],
              [
                88.18365712316178,
                27.911300556692307,
                0.0
              ],
              [
                88.18383851780713,
                27.91129899808445,
                0.0
              ],
              [
                88.18383851782012,
                27.91101520370718,
                0.0
              ]
            ],
            [
              [
                88.18384460079801,
                27.909854733873196,
                0.0
              ],
              [
                88.18343820126566,
                27.909858225382155,
                0.0
              ],
              [
                88.18343623641657,
                27.90967771572607,
                0.0
              ],
              [
                88.18384263527518,
                27.90967422425304,
                0.0
              ],
              [
                88.18384460079801,
                27.909854733873196,
                0.0
              ]
            ]
          ],
          [
            [
              [
                88.18940807258166,
                27.914967790957306,
                0.0
              ],
              [
                88.18877776035012,
                27.91496779157056,
                0.0
              ],
              [
                88.18877863219795,
                27.915047510123614,
                0.0
              ],
              [
                88.18940807258026,
                27.915042076829245,
                0.0
              ],
              [
                88.18940807258166,
                27.914967790957306,
                0.0
              ]
            ]
          ],
          [
            [
              [
                88.18850975729754,
                27.91478812790048,
                0.0
              ],
              [
                88.18796288431673,
                27.91478813246719,
                0.0
              ],
              [
                88.18796382290127,
                27.914874013013076,
                0.0
              ],
              [
                88.1885097572961,
                27.914869303952234,
                0.0
              ],
              [
                88.18850975729754,
                27.91478812790048,
                0.0
              ]
            ]
          ],
          [
            [
              [
                88.19296630962347,
                27.91514745401413,
                0.0
              ],
              [
                88.1920313794392,
                27.915147454990578,
                0.0
              ],
              [
                88.19203195483192,
                27.915199922714432,
                0.0
              ],
              [
                88.19291686240162,
                27.915192261416234,
                0.0
              ],
              [
                88.192777,
                27.915319,
                0.0
              ],
              [
                88.19296630962347,
                27.91514745401413,
                0.0
              ]
            ]
          ],
          [
            [
              [
                88.19174369232037,
                27.914967790957306,
                0.0
              ],
              [
                88.18958773563848,
                27.914967790957306,
                0.0
              ],
              [
                88.18958773563709,
                27.915040525460075,
                0.0
              ],
              [
                88.19174369231915,
                27.915021890752204,
                0.0
              ],
              [
                88.19174369232037,
                27.914967790957306,
                0.0
              ]
            ]
          ],
          [
            [
              [
                88.18797076812707,
                27.909218573138933,
                0.0
              ],
              [
                88.18803993320756,
                27.90921857313894,
                0.0
              ],
              [
                88.18797076812707,
                27.909206895917556,
                0.0
              ],
              [
                88.18797076812707,
                27.909218573138933,
                0.0
              ]
            ]
          ],
          [
            [
              [
                88.18833009424073,
                27.910655877593534,
                0.0
              ],
              [
                88.18833009424073,
                27.910476214536704,
                0.0
              ],
              [
                88.18850975729754,
                27.910476214536708,
                0.0
              ],
              [
                88.18850975729754,
                27.910116888423055,
                0.0
              ],
              [
                88.18833009424073,
                27.910116888423055,
                0.0
              ],
              [
                88.18833009424073,
                27.909937225366235,
                0.0
              ],
              [
                88.18707245284295,
                27.909937225366235,
                0.0
              ],
              [
                88.18707245284295,
                27.90975756230941,
                0.0
              ],
              [
                88.18545548533153,
                27.90975756230941,
                0.0
              ],
              [
                88.18545548533153,
                27.91029655147988,
                0.0
              ],
              [
                88.18617413755884,
                27.910296551479885,
                0.0
              ],
              [
                88.18617413755884,
                27.91047621453671,
                0.0
              ],
              [
                88.18653346367248,
                27.910476214536708,
                0.0
              ],
              [
                88.18653346367248,
                27.91065587759353,
                0.0
              ],
              [
                88.18707245284295,
                27.910655877593538,
                0.0
              ],
              [
                88.18707245284295,
                27.910835540650357,
                0.0
              ],
              [
                88.18797076812707,
                27.910835540650353,
                0.0
              ],
              [
                88.18797076812707,
                27.91065587759353,
                0.0
              ],
              [
                88.18833009424073,
                27.910655877593534,
                0.0
              ]
            ]
          ],
          [
            [
              [
                88.18833009424073,
                27.90957789925259,
                0.0
              ],
              [
                88.18850975729754,
                27.909577899252582,
                0.0
              ],
              [
                88.1885097572963,
                27.90945351554719,
                0.0
              ],
              [
                88.18833009423946,
                27.90945506530476,
                0.0
              ],
              [
                88.18833009424073,
                27.90957789925259,
                0.0
              ]
            ]
          ],
          [
            [
              [
                88.18653346367248,
                27.914069475673184,
                0.0
              ],
              [
                88.18653346367248,
                27.913889812616365,
                0.0
              ],
              [
                88.1867131267293,
                27.91388981261636,
                0.0
              ],
              [
                88.1867131267293,
                27.913710149559535,
                0.0
              ],
              [
                88.18689278978613,
                27.913710149559535,
                0.0
              ],
              [
                88.18689278978613,
                27.91335082344589,
                0.0
              ],
              [
                88.18761144201342,
                27.91335082344589,
                0.0
              ],
              [
                88.18761144201342,
                27.913171160389066,
                0.0
              ],
              [
                88.1881504311839,
                27.913171160389066,
                0.0
              ],
              [
                88.1881504311839,
                27.912991497332243,
                0.0
              ],
              [
                88.18833009424073,
                27.91299149733224,
                0.0
              ],
              [
                88.18833009424073,
                27.912452508161767,
                0.0
              ],
              [
                88.18761144201342,
                27.912452508161763,
                0.0
              ],
              [
                88.18761144201342,
                27.9126321712186,
                0.0
              ],
              [
                88.18653346367248,
                27.912632171218597,
                0.0
              ],
              [
                88.18653346367248,
                27.912811834275423,
                0.0
              ],
              [
                88.18635380061566,
                27.91281183427542,
                0.0
              ],
              [
                88.18635380061566,
                27.913350823445885,
                0.0
              ],
              [
                88.18617413755884,
                27.913350823445892,
                0.0
              ],
              [
                88.18617413755884,
                27.913530486502722,
                0.0
              ],
              [
                88.18599447450201,
                27.91353048650271,
                0.0
              ],
              [
                88.18599447450201,
                27.913710149559538,
                0.0
              ],
              [
                88.18563514838836,
                27.913710149559535,
                0.0
              ],
              [
                88.18563514838836,
                27.914069475673184,
                0.0
              ],
              [
                88.18599447450201,
                27.914069475673184,
                0.0
              ],
              [
                88.18599447450201,
                27.914249138730003,
                0.0
              ],
              [
                88.18635380061566,
                27.914249138730007,
                0.0
              ],
              [
                88.18635380061566,
                27.91406947567318,
                0.0
              ],
              [
                88.18653346367248,
                27.914069475673184,
                0.0
              ]
            ]
          ],
          [
            [
              [
                88.18617413755884,
                27.911194866764006,
                0.0
              ],
              [
                88.18617413755884,
                27.91137452982083,
                0.0
              ],
              [
                88.18635380061566,
                27.911374529820833,
                0.0
              ],
              [
                88.18635380061566,
                27.911194866764,
                0.0
              ],
              [
                88.18617413755884,
                27.911194866764006,
                0.0
              ]
            ]
          ],
          [
            [
              [
                88.18617413755884,
                27.914428801786833,
                0.0
              ],
              [
                88.18617413755884,
                27.914608464843656,
                0.0
              ],
              [
                88.18635380061566,
                27.914608464843653,
                0.0
              ],
              [
                88.18635380061566,
                27.91442880178683,
                0.0
              ],
              [
                88.18617413755884,
                27.914428801786833,
                0.0
              ]
            ]
          ]
        ]
      }
    },
    {
      "type": "Feature",
      "properties": {
        "site_id": "south-lhonak",
        "from_date": "2019-10-15",
        "to_date": "2022-11-30",
        "status": "provisional_owner_approved_not_independently_reviewed",
        "crs_for_measurement": "EPSG:32645",
        "change_class": "glacier_gain",
        "area_km2": 0.044116
      },
      "geometry": {
        "type": "MultiPolygon",
        "coordinates": [
          [
            [
              [
                88.19202997526843,
                27.915019413768,
                0.0
              ],
              [
                88.19174369231915,
                27.915021890752204,
                0.0
              ],
              [
                88.19174369232037,
                27.915147454014125,
                0.0
              ],
              [
                88.1920313794392,
                27.915147454990578,
                0.0
              ],
              [
                88.19202997526843,
                27.915019413768,
                0.0
              ]
            ]
          ],
          [
            [
              [
                88.18940807258166,
                27.915145763717923,
                0.0
              ],
              [
                88.189549,
                27.915155999999996,
                0.0
              ],
              [
                88.18943134363637,
                27.915147454014125,
                0.0
              ],
              [
                88.18958773563848,
                27.915147454014132,
                0.0
              ],
              [
                88.18958773563709,
                27.915040525460075,
                0.0
              ],
              [
                88.18940807258026,
                27.915042076829245,
                0.0
              ],
              [
                88.18940807258166,
                27.915145763717923,
                0.0
              ]
            ]
          ],
          [
            [
              [
                88.1887766580513,
                27.914867000961593,
                0.0
              ],
              [
                88.1885097572961,
                27.914869303952234,
                0.0
              ],
              [
                88.18850975729754,
                27.914967790957306,
                0.0
              ],
              [
                88.18877776035012,
                27.91496779157056,
                0.0
              ],
              [
                88.1887766580513,
                27.914867000961593,
                0.0
              ]
            ]
          ],
          [
            [
              [
                88.18836941341341,
                27.909274199667202,
                0.0
              ],
              [
                88.18810587371274,
                27.90927647272108,
                0.0
              ],
              [
                88.18810784627836,
                27.90945698207174,
                0.0
              ],
              [
                88.18833009423946,
                27.90945506530476,
                0.0
              ],
              [
                88.18833009424073,
                27.90939823619576,
                0.0
              ],
              [
                88.18850975729754,
                27.90939823619576,
                0.0
              ],
              [
                88.1885097572963,
                27.90945351554719,
                0.0
              ],
              [
                88.18851424362781,
                27.9094534768455,
                0.0
              ],
              [
                88.18851249587955,
                27.90929359513989,
                0.0
              ],
              [
                88.188463,
                27.90928999999999,
                0.0
              ],
              [
                88.18836941341341,
                27.909274199667202,
                0.0
              ]
            ]
          ],
          [
            [
              [
                88.18566264771036,
                27.914788127900486,
                0.0
              ],
              [
                88.18796288431673,
                27.91478813246719,
                0.0
              ],
              [
                88.18796185012906,
                27.914693503788165,
                0.0
              ],
              [
                88.1854092010184,
                27.914715490601143,
                0.0
              ],
              [
                88.18566264771036,
                27.914788127900486,
                0.0
              ]
            ]
          ],
          [
            [
              [
                88.18610145963926,
                27.911821113133826,
                0.0
              ],
              [
                88.18610736803853,
                27.912362641374486,
                0.0
              ],
              [
                88.1863105723008,
                27.912360891689875,
                0.0
              ],
              [
                88.18631254213552,
                27.91254140108546,
                0.0
              ],
              [
                88.18671895127086,
                27.912537900799954,
                0.0
              ],
              [
                88.18671698076238,
                27.91235739143131,
                0.0
              ],
              [
                88.18692018496175,
                27.912355640857378,
                0.0
              ],
              [
                88.18691427251106,
                27.911814112769438,
                0.0
              ],
              [
                88.1867110693268,
                27.911815863307446,
                0.0
              ],
              [
                88.18670909888121,
                27.911635353929825,
                0.0
              ],
              [
                88.18630269311456,
                27.911638854080582,
                0.0
              ],
              [
                88.1863046628864,
                27.911819363494132,
                0.0
              ],
              [
                88.18610145963926,
                27.911821113133826,
                0.0
              ]
            ]
          ],
          [
            [
              [
                88.18387801742588,
                27.91292339673328,
                0.0
              ],
              [
                88.1838799832721,
                27.9131039062636,
                0.0
              ],
              [
                88.18509921784668,
                27.913093423139838,
                0.0
              ],
              [
                88.18509724997926,
                27.912912913681375,
                0.0
              ],
              [
                88.18550366068665,
                27.912909416935225,
                0.0
              ],
              [
                88.18549972364924,
                27.912548398063205,
                0.0
              ],
              [
                88.18570292829776,
                27.912546649267927,
                0.0
              ],
              [
                88.18569899065848,
                27.912185630404885,
                0.0
              ],
              [
                88.1854957866837,
                27.91218737917322,
                0.0
              ],
              [
                88.18549381822338,
                27.91200686971475,
                0.0
              ],
              [
                88.18488420719734,
                27.91201211418717,
                0.0
              ],
              [
                88.18488223977907,
                27.911831604683794,
                0.0
              ],
              [
                88.18467903639718,
                27.911833352230417,
                0.0
              ],
              [
                88.18467706932925,
                27.911652842718052,
                0.0
              ],
              [
                88.18427066320326,
                27.911656336877048,
                0.0
              ],
              [
                88.18426869682705,
                27.91147582732875,
                0.0
              ],
              [
                88.18406549407398,
                27.911477573950105,
                0.0
              ],
              [
                88.18406352804809,
                27.911297064383838,
                0.0
              ],
              [
                88.18383851780713,
                27.91129899808445,
                0.0
              ],
              [
                88.18383851782012,
                27.911554192877652,
                0.0
              ],
              [
                88.18401818087695,
                27.91155419287765,
                0.0
              ],
              [
                88.18401818087695,
                27.91173385593447,
                0.0
              ],
              [
                88.18419784393377,
                27.91173385593447,
                0.0
              ],
              [
                88.18419784393377,
                27.912272845104944,
                0.0
              ],
              [
                88.18401818087695,
                27.912272845104944,
                0.0
              ],
              [
                88.18401818087695,
                27.912811834275416,
                0.0
              ],
              [
                88.18383851782012,
                27.912811834275423,
                0.0
              ],
              [
                88.18383851781876,
                27.912923736171734,
                0.0
              ],
              [
                88.18387801742588,
                27.91292339673328,
                0.0
              ]
            ]
          ],
          [
            [
              [
                88.18405369821512,
                27.910394516480643,
                0.0
              ],
              [
                88.18405566414219,
                27.910575026064876,
                0.0
              ],
              [
                88.18425886521541,
                27.910573279515386,
                0.0
              ],
              [
                88.18426083150182,
                27.910753789090634,
                0.0
              ],
              [
                88.18487043561082,
                27.91074854759163,
                0.0
              ],
              [
                88.18486846830933,
                27.9105680380613,
                0.0
              ],
              [
                88.1850716693017,
                27.91056629030807,
                0.0
              ],
              [
                88.1850697016858,
                27.910385780786715,
                0.0
              ],
              [
                88.18527290232785,
                27.910384032746016,
                0.0
              ],
              [
                88.18526699858182,
                27.909842504181967,
                0.0
              ],
              [
                88.1850637989459,
                27.909844252186733,
                0.0
              ],
              [
                88.18506183140187,
                27.909663742638436,
                0.0
              ],
              [
                88.18437750698915,
                27.909669627205027,
                0.0
              ],
              [
                88.1843775069906,
                27.909757562309405,
                0.0
              ],
              [
                88.18424997985264,
                27.90975756233354,
                0.0
              ],
              [
                88.1842510002495,
                27.90985124117846,
                0.0
              ],
              [
                88.18419784392626,
                27.909851698084434,
                0.0
              ],
              [
                88.18419784393377,
                27.91029655147988,
                0.0
              ],
              [
                88.18401818087695,
                27.910296551479885,
                0.0
              ],
              [
                88.184018180866,
                27.91039482172575,
                0.0
              ],
              [
                88.18405369821512,
                27.910394516480643,
                0.0
              ]
            ]
          ],
          [
            [
              [
                88.18511496147781,
                27.914537498618937,
                0.0
              ],
              [
                88.18503957286894,
                27.914538147072285,
                0.0
              ],
              [
                88.18511536730612,
                27.914574721390018,
                0.0
              ],
              [
                88.18511496147781,
                27.914537498618937,
                0.0
              ]
            ]
          ],
          [
            [
              [
                88.18470657728852,
                27.914360484954397,
                0.0
              ],
              [
                88.18461112060785,
                27.914361305665985,
                0.0
              ],
              [
                88.18470698826323,
                27.914398193014854,
                0.0
              ],
              [
                88.18470657728852,
                27.914360484954397,
                0.0
              ]
            ]
          ],
          [
            [
              [
                88.18428836141574,
                27.91328092259614,
                0.0
              ],
              [
                88.18429032797162,
                27.913461432090546,
                0.0
              ],
              [
                88.18449353441677,
                27.91345968502901,
                0.0
              ],
              [
                88.18449156751953,
                27.913279175543597,
                0.0
              ],
              [
                88.18428836141574,
                27.91328092259614,
                0.0
              ]
            ]
          ],
          [
            [
              [
                88.18449353441677,
                27.91345968502901,
                0.0
              ],
              [
                88.184495501332,
                27.913640194514432,
                0.0
              ],
              [
                88.18469870810053,
                27.913638447129504,
                0.0
              ],
              [
                88.18469674084396,
                27.913457937662056,
                0.0
              ],
              [
                88.18449353441677,
                27.91345968502901,
                0.0
              ]
            ]
          ],
          [
            [
              [
                88.18409498658221,
                27.914185216860172,
                0.0
              ],
              [
                88.18405947626248,
                27.91418552206285,
                0.0
              ],
              [
                88.18409510112582,
                27.91419573207523,
                0.0
              ],
              [
                88.18409498658221,
                27.914185216860172,
                0.0
              ]
            ]
          ],
          [
            [
              [
                88.1838913612828,
                27.91414863296498,
                0.0
              ],
              [
                88.18388981279067,
                27.914006453870357,
                0.0
              ],
              [
                88.18368660527652,
                27.914008200078484,
                0.0
              ],
              [
                88.18368463967285,
                27.913827690548157,
                0.0
              ],
              [
                88.1834814324821,
                27.913829436441873,
                0.0
              ],
              [
                88.18347946723775,
                27.913648926902557,
                0.0
              ],
              [
                88.18347919167044,
                27.91364892926993,
                0.0
              ],
              [
                88.18347919170647,
                27.91406947567318,
                0.0
              ],
              [
                88.1836588547633,
                27.914069475673184,
                0.0
              ],
              [
                88.1836588547633,
                27.91413004973015,
                0.0
              ],
              [
                88.183408,
                27.91411,
                0.0
              ],
              [
                88.1838913612828,
                27.91414863296498,
                0.0
              ]
            ]
          ],
          [
            [
              [
                88.18182171144873,
                27.906803148593383,
                0.0
              ],
              [
                88.18171400000001,
                27.906721,
                0.0
              ],
              [
                88.18182171102912,
                27.906803148596982,
                0.0
              ],
              [
                88.18182171144873,
                27.906803148593383,
                0.0
              ]
            ]
          ]
        ]
      }
    },
    {
      "type": "Feature",
      "properties": {
        "site_id": "south-lhonak",
        "from_date": "2019-10-15",
        "to_date": "2022-11-30",
        "status": "provisional_owner_approved_not_independently_reviewed",
        "crs_for_measurement": "EPSG:32645",
        "change_class": "lake_growth",
        "area_km2": 0.445808
      },
      "geometry": {
        "type": "MultiPolygon",
        "coordinates": [
          [
            [
              [
                88.19072768228301,
                27.90744857540902
              ],
              [
                88.19052448753393,
                27.90745033131896
              ],
              [
                88.1905264639623,
                27.90763084056183
              ],
              [
                88.19072965904377,
                27.90762908463393
              ],
              [
                88.19072768228301,
                27.90744857540902
              ]
            ]
          ],
          [
            [
              [
                88.18808614907168,
                27.907471378908944
              ],
              [
                88.18788295408903,
                27.90747313092019
              ],
              [
                88.1878809820624,
                27.90729262150664
              ],
              [
                88.18767778738518,
                27.907294373212466
              ],
              [
                88.18768173078267,
                27.9076553920755
              ],
              [
                88.18727534003584,
                27.90765889464273
              ],
              [
                88.18726942699226,
                27.90711736625834
              ],
              [
                88.1870662326025,
                27.90711911704788
              ],
              [
                88.18706820326369,
                27.90729962652431
              ],
              [
                88.1868650085236,
                27.907301377035374
              ],
              [
                88.18686303819477,
                27.90712086754097
              ],
              [
                88.18645664932544,
                27.907124367637834
              ],
              [
                88.1864546796973,
                27.9069438581075
              ],
              [
                88.18625148557705,
                27.906945607693302
              ],
              [
                88.18625739350921,
                27.90748713629328
              ],
              [
                88.18544461277911,
                27.90749413177982
              ],
              [
                88.1854426447949,
                27.907313622204576
              ],
              [
                88.18523944991108,
                27.907315370317132
              ],
              [
                88.1852374822862,
                27.90713486071494
              ],
              [
                88.18503428770778,
                27.907136608513085
              ],
              [
                88.1850362550003,
                27.90731711812427
              ],
              [
                88.18361389013074,
                27.90732934441986
              ],
              [
                88.18361192520082,
                27.90714883471885
              ],
              [
                88.18340873048767,
                27.907150580118497
              ],
              [
                88.18340676590807,
                27.906970070399513
              ],
              [
                88.18320357150932,
                27.906971815484752
              ],
              [
                88.18320553574756,
                27.907152325221702
              ],
              [
                88.18300234099847,
                27.907154070028465
              ],
              [
                88.18300037709261,
                27.90697356028253
              ],
              [
                88.18279718265794,
                27.9069753047659
              ],
              [
                88.18279325559183,
                27.906614285229125
              ],
              [
                88.18238686801605,
                27.90661777326161
              ],
              [
                88.18238883087088,
                27.906798283061438
              ],
              [
                88.18177924835737,
                27.906803512900307
              ],
              [
                88.18178121021508,
                27.906984022727084
              ],
              [
                88.18198440473958,
                27.906982279734923
              ],
              [
                88.18198636695661,
                27.907162789552718
              ],
              [
                88.18218956179552,
                27.907161046246145
              ],
              [
                88.1821934869572,
                27.907522065836815
              ],
              [
                88.1823966824519,
                27.90752032220685
              ],
              [
                88.18239864539655,
                27.907700831979728
              ],
              [
                88.18260184121463,
                27.907699088035347
              ],
              [
                88.18260380450963,
                27.907879597790263
              ],
              [
                88.18280700065111,
                27.907877853531474
              ],
              [
                88.18280896430544,
                27.908058363268417
              ],
              [
                88.18301216076132,
                27.9080566187042
              ],
              [
                88.18301412476599,
                27.90823712842318
              ],
              [
                88.18321732154527,
                27.908235383535576
              ],
              [
                88.18322321469118,
                27.908776912629637
              ],
              [
                88.18302001690577,
                27.908778657553164
              ],
              [
                88.18302983748609,
                27.909681206004336
              ],
              [
                88.1832330369603,
                27.909679461017916
              ],
              [
                88.18323696599373,
                27.910040480339088
              ],
              [
                88.18344016612373,
                27.910038735020297
              ],
              [
                88.1834460608327,
                27.910580263925702
              ],
              [
                88.1832428596876,
                27.910582009280436
              ],
              [
                88.18324875354315,
                27.91112353818584
              ],
              [
                88.1836551578276,
                27.91112004709909
              ],
              [
                88.18365712316178,
                27.911300556692307
              ],
              [
                88.18383851780713,
                27.91129899808445
              ],
              [
                88.18383851782012,
                27.91101520370718
              ],
              [
                88.18401818087695,
                27.911015203707183
              ],
              [
                88.184018180866,
                27.91039482172575
              ],
              [
                88.1838504974653,
                27.91039626271573
              ],
              [
                88.18384853188857,
                27.910215753104545
              ],
              [
                88.18405173230603,
                27.910214006878448
              ],
              [
                88.18404780053274,
                27.909852987674046
              ],
              [
                88.18419784392626,
                27.909851698084434
              ],
              [
                88.18419784393377,
                27.90975756230941
              ],
              [
                88.18424997985264,
                27.90975756233354
              ],
              [
                88.18424903405295,
                27.909670731576263
              ],
              [
                88.18437750698915,
                27.909669627205027
              ],
              [
                88.1843775069906,
                27.909577899252586
              ],
              [
                88.18455717004741,
                27.90957789925259
              ],
              [
                88.18455717004741,
                27.90939823619576
              ],
              [
                88.18473683310424,
                27.90939823619576
              ],
              [
                88.18473683310424,
                27.909218573138936
              ],
              [
                88.18491649616107,
                27.909218573138943
              ],
              [
                88.18491649616107,
                27.909038910082117
              ],
              [
                88.18509615921789,
                27.909038910082113
              ],
              [
                88.18509615921789,
                27.90849992091164
              ],
              [
                88.18491649616107,
                27.908499920911645
              ],
              [
                88.18491649616107,
                27.908320257854818
              ],
              [
                88.18455717004741,
                27.90832025785482
              ],
              [
                88.18455717004741,
                27.908140594797995
              ],
              [
                88.18509615921789,
                27.908140594797995
              ],
              [
                88.18509615921789,
                27.908320257854818
              ],
              [
                88.18635380061566,
                27.90832025785481
              ],
              [
                88.18635380061566,
                27.90849992091164
              ],
              [
                88.18707245284295,
                27.908499920911645
              ],
              [
                88.18707245284295,
                27.90867958396847
              ],
              [
                88.18761144201342,
                27.908679583968475
              ],
              [
                88.18761144201342,
                27.90885924702529
              ],
              [
                88.18797076812707,
                27.90885924702529
              ],
              [
                88.18797076812707,
                27.909218573138933
              ],
              [
                88.18833009424073,
                27.90921857313894
              ],
              [
                88.18833009424073,
                27.909038910082117
              ],
              [
                88.19030638786579,
                27.909038910082113
              ],
              [
                88.19030638786579,
                27.90885924702529
              ],
              [
                88.1904860509226,
                27.90885924702529
              ],
              [
                88.1904860509226,
                27.908679583968475
              ],
              [
                88.19102504009308,
                27.90867958396847
              ],
              [
                88.19102504009308,
                27.908859247025287
              ],
              [
                88.19210301843403,
                27.908859247025283
              ],
              [
                88.19210301843403,
                27.90903891008211
              ],
              [
                88.19264200760449,
                27.909038910082113
              ],
              [
                88.19264200760449,
                27.908859247025287
              ],
              [
                88.19282167066132,
                27.908859247025294
              ],
              [
                88.19282167066132,
                27.909038910082117
              ],
              [
                88.19300133371814,
                27.909038910082113
              ],
              [
                88.19300133371814,
                27.90921857313894
              ],
              [
                88.19336065983178,
                27.909218573138933
              ],
              [
                88.19336065983178,
                27.909038910082117
              ],
              [
                88.19425897511591,
                27.909038910082113
              ],
              [
                88.19425897511591,
                27.90921857313894
              ],
              [
                88.19461830122955,
                27.909218573138936
              ],
              [
                88.19461830122955,
                27.909038910082117
              ],
              [
                88.19479796428638,
                27.909038910082113
              ],
              [
                88.19479796428638,
                27.90921857313894
              ],
              [
                88.19587594262732,
                27.909218573138943
              ],
              [
                88.19587594262732,
                27.909398236195763
              ],
              [
                88.19623526874098,
                27.909398236195763
              ],
              [
                88.19623526874098,
                27.90921857313894
              ],
              [
                88.19677425791144,
                27.909218573138936
              ],
              [
                88.19677425791144,
                27.909398236195766
              ],
              [
                88.1971335840251,
                27.909398236195763
              ],
              [
                88.1971335840251,
                27.909577899252582
              ],
              [
                88.19731324708191,
                27.909577899252586
              ],
              [
                88.19731324708191,
                27.909757562309405
              ],
              [
                88.19839122542285,
                27.909757562309416
              ],
              [
                88.19839122542285,
                27.90957789925259
              ],
              [
                88.1994692037638,
                27.909577899252586
              ],
              [
                88.1994692037638,
                27.90975756230941
              ],
              [
                88.20030421975527,
                27.909757562501273
              ],
              [
                88.20030372028323,
                27.909712321112533
              ],
              [
                88.20050691853575,
                27.909710550649887
              ],
              [
                88.20050891172667,
                27.909891059174104
              ],
              [
                88.20036751904682,
                27.90989229116808
              ],
              [
                88.20036751904792,
                27.90993722536623
              ],
              [
                88.20072684516157,
                27.909937225366228
              ],
              [
                88.20072684516157,
                27.91011688842306
              ],
              [
                88.20112106099546,
                27.91011688863023
              ],
              [
                88.20112050159754,
                27.910066254423928
              ],
              [
                88.20132370045194,
                27.910064482739582
              ],
              [
                88.20132569502627,
                27.910244991200916
              ],
              [
                88.20126583433084,
                27.91024551315997
              ],
              [
                88.20126583433203,
                27.910296551479885
              ],
              [
                88.20180482350251,
                27.910296551479885
              ],
              [
                88.20180482350251,
                27.91065587759353
              ],
              [
                88.20216414961617,
                27.91065587759353
              ],
              [
                88.20216414961617,
                27.910835540650353
              ],
              [
                88.2025234757298,
                27.910835540650353
              ],
              [
                88.2025234757298,
                27.91101520370718
              ],
              [
                88.20288280184346,
                27.91101520370718
              ],
              [
                88.20288280184346,
                27.911194866764003
              ],
              [
                88.20342179101392,
                27.911194866763996
              ],
              [
                88.20342179101392,
                27.91137452982083
              ],
              [
                88.20360145407075,
                27.91137452982083
              ],
              [
                88.20360145407075,
                27.911554192877652
              ],
              [
                88.2039607801844,
                27.911554192877652
              ],
              [
                88.2039607801844,
                27.911733855934475
              ],
              [
                88.20414044324123,
                27.91173385593447
              ],
              [
                88.20414044324123,
                27.911913518991295
              ],
              [
                88.2046794324117,
                27.911913518991295
              ],
              [
                88.2046794324117,
                27.912093182048125
              ],
              [
                88.20503875852535,
                27.912093182048125
              ],
              [
                88.20503875852535,
                27.912272845104948
              ],
              [
                88.20521842158216,
                27.912272845104944
              ],
              [
                88.20521842158216,
                27.912452508161767
              ],
              [
                88.20539808463899,
                27.912452508161767
              ],
              [
                88.20539808463899,
                27.912632171218597
              ],
              [
                88.20575741075264,
                27.912632171218593
              ],
              [
                88.20575741075264,
                27.912811834275416
              ],
              [
                88.20611673686629,
                27.912811834275416
              ],
              [
                88.20611673686629,
                27.912991497332243
              ],
              [
                88.20647606297993,
                27.91299149733224
              ],
              [
                88.20647606297993,
                27.913171160389066
              ],
              [
                88.20665572603676,
                27.91317116038907
              ],
              [
                88.20665572603676,
                27.913350823445896
              ],
              [
                88.20683538909358,
                27.913350823445892
              ],
              [
                88.20683538909358,
                27.91353048650271
              ],
              [
                88.20701505215041,
                27.913530486502715
              ],
              [
                88.20701505215041,
                27.91371014955953
              ],
              [
                88.20737437826405,
                27.913710149559535
              ],
              [
                88.20737437826405,
                27.91388981261636
              ],
              [
                88.20786918735239,
                27.913889812695725
              ],
              [
                88.2078681704707,
                27.913798298148162
              ],
              [
                88.20746175977229,
                27.913801860965403
              ],
              [
                88.2074597547146,
                27.913621353007116
              ],
              [
                88.20725654967082,
                27.9136231339531
              ],
              [
                88.20725454496349,
                27.91344262597685
              ],
              [
                88.20684813550474,
                27.913446186943556
              ],
              [
                88.20684212352971,
                27.91290466288905
              ],
              [
                88.20663891977951,
                27.912906442882814
              ],
              [
                88.20663691615913,
                27.912725934843685
              ],
              [
                88.20643371273232,
                27.912727714523044
              ],
              [
                88.20642970622819,
                27.91236669840885
              ],
              [
                88.20602330065915,
                27.912370256815354
              ],
              [
                88.20601929558335,
                27.912009240620318
              ],
              [
                88.20581609344113,
                27.912011019347464
              ],
              [
                88.20581809564216,
                27.912191527458457
              ],
              [
                88.20541169063907,
                27.912195084041375
              ],
              [
                88.20540968912076,
                27.91201457590344
              ],
              [
                88.20561289128992,
                27.912012797778164
              ],
              [
                88.20561088944821,
                27.911832289649197
              ],
              [
                88.20581409126703,
                27.91183051122748
              ],
              [
                88.20581008697276,
                27.911469494978544
              ],
              [
                88.20560688582766,
                27.911471273373305
              ],
              [
                88.20560488404884,
                27.911290765226383
              ],
              [
                88.20540168321816,
                27.911292543297765
              ],
              [
                88.20539968179865,
                27.911112035132874
              ],
              [
                88.20499328076612,
                27.911115590359326
              ],
              [
                88.20499128002933,
                27.91093508215851
              ],
              [
                88.20478807982748,
                27.910936859304613
              ],
              [
                88.20478607945002,
                27.910756351094808
              ],
              [
                88.20458287956257,
                27.910758127926503
              ],
              [
                88.20458087953546,
                27.91057761969873
              ],
              [
                88.20417448038039,
                27.910581172445845
              ],
              [
                88.20417248105396,
                27.91040066418214
              ],
              [
                88.20376608250078,
                27.91040421569856
              ],
              [
                88.20376408385707,
                27.910223707398917
              ],
              [
                88.20335768590577,
                27.910227257693645
              ],
              [
                88.20335369003767,
                27.90986624104046
              ],
              [
                88.20294729335298,
                27.909869790077533
              ],
              [
                88.20294529611962,
                27.909689281715007
              ],
              [
                88.20274209809169,
                27.909691055770914
              ],
              [
                88.20274609190263,
                27.910052072522916
              ],
              [
                88.202542893183,
                27.91005384630932
              ],
              [
                88.2025408966054,
                27.90987333792883
              ],
              [
                88.20213449977699,
                27.909876884567403
              ],
              [
                88.20212851217323,
                27.909335359300176
              ],
              [
                88.20192531474717,
                27.90933713213437
              ],
              [
                88.20192331925655,
                27.909156623690997
              ],
              [
                88.20131372786769,
                27.909161940352046
              ],
              [
                88.20131572234321,
                27.909342448840327
              ],
              [
                88.20111252484529,
                27.909344220470782
              ],
              [
                88.20111053070214,
                27.909163711973516
              ],
              [
                88.2005009390887,
                27.909169025041287
              ],
              [
                88.20049894597861,
                27.908988516499107
              ],
              [
                88.20029574907356,
                27.90899028690786
              ],
              [
                88.20029774185127,
                27.909170795468004
              ],
              [
                88.2000945445869,
                27.909172565589287
              ],
              [
                88.20009255215056,
                27.908992057020157
              ],
              [
                88.19988935520958,
                27.908993826827025
              ],
              [
                88.19988736312358,
                27.908813318239925
              ],
              [
                88.199684166506,
                27.908815087741367
              ],
              [
                88.19968615825066,
                27.908995596337455
              ],
              [
                88.19927976427887,
                27.90899913446898
              ],
              [
                88.19927777320795,
                27.90881862583697
              ],
              [
                88.1990745765275,
                27.908820394431118
              ],
              [
                88.1990705951133,
                27.908459377131148
              ],
              [
                88.19866420305493,
                27.908462913376212
              ],
              [
                88.19865823309411,
                27.907921387309482
              ],
              [
                88.19845503804858,
                27.907923154942434
              ],
              [
                88.19846100699431,
                27.908464681054078
              ],
              [
                88.19764822258114,
                27.90847174875619
              ],
              [
                88.19764623425908,
                27.90829124000739
              ],
              [
                88.19723984261391,
                27.90829477203037
              ],
              [
                88.19724183025326,
                27.908475280806122
              ],
              [
                88.19703863406687,
                27.90847704639092
              ],
              [
                88.19703664675991,
                27.9082965375972
              ],
              [
                88.1968334508969,
                27.908298302858594
              ],
              [
                88.19683543786252,
                27.908478811661297
              ],
              [
                88.1966322416402,
                27.90848057664422
              ],
              [
                88.1966342282914,
                27.908661085455904
              ],
              [
                88.19643103170975,
                27.90866285015136
              ],
              [
                88.19642904539991,
                27.908482341321704
              ],
              [
                88.19622584913267,
                27.90848410570276
              ],
              [
                88.19621989131706,
                27.907942579150937
              ],
              [
                88.19601669604695,
                27.907944343190625
              ],
              [
                88.19601272492746,
                27.9075833254415
              ],
              [
                88.1949967516851,
                27.907592141004642
              ],
              [
                88.19499476784561,
                27.90741163205821
              ],
              [
                88.19458837909305,
                27.907415156167044
              ],
              [
                88.1945863959363,
                27.90723464718468
              ],
              [
                88.1947895899847,
                27.907232885291968
              ],
              [
                88.19478562306932,
                27.90687186734521
              ],
              [
                88.19437923630203,
                27.906875390771322
              ],
              [
                88.1943812190725,
                27.90705589977164
              ],
              [
                88.19397483155961,
                27.90705942202993
              ],
              [
                88.19398077798458,
                27.9076009490938
              ],
              [
                88.19377758319058,
                27.907602709809723
              ],
              [
                88.19378154689,
                27.907963727855297
              ],
              [
                88.19398474235773,
                27.90796196711242
              ],
              [
                88.19398672457126,
                27.908142476112747
              ],
              [
                88.19378352876215,
                27.908144236873586
              ],
              [
                88.19378551066127,
                27.90832474588289
              ],
              [
                88.19337911831543,
                27.90832826652423
              ],
              [
                88.19337713709007,
                27.90814775748797
              ],
              [
                88.19317394122709,
                27.908149517350488
              ],
              [
                88.19316997952191,
                27.90778849923306
              ],
              [
                88.19296678431469,
                27.9077902587632
              ],
              [
                88.19296876482143,
                27.907970767835394
              ],
              [
                88.19276556926384,
                27.907972527087068
              ],
              [
                88.19276754944717,
                27.908153036168233
              ],
              [
                88.19236115759541,
                27.908156553791226
              ],
              [
                88.19235917807684,
                27.907976044683107
              ],
              [
                88.19215598246538,
                27.907977803027475
              ],
              [
                88.1921579616426,
                27.908158312153567
              ],
              [
                88.1919547656718,
                27.908160070219463
              ],
              [
                88.19195080800908,
                27.907799051940323
              ],
              [
                88.19215400330613,
                27.907797293901382
              ],
              [
                88.19215202415586,
                27.907616784775293
              ],
              [
                88.19174563421751,
                27.907620300520804
              ],
              [
                88.19174761268506,
                27.907800809673844
              ],
              [
                88.19113802663219,
                27.90780608108675
              ],
              [
                88.19113604917075,
                27.907625571888783
              ],
              [
                88.19072965904377,
                27.90762908463393
              ],
              [
                88.19073163583147,
                27.90780959386782
              ],
              [
                88.19012204950012,
                27.90781486078016
              ],
              [
                88.19012007372751,
                27.907634351519317
              ],
              [
                88.18971368342086,
                27.90763786127307
              ],
              [
                88.18971565851075,
                27.907818370560854
              ],
              [
                88.1895124629981,
                27.90782012500653
              ],
              [
                88.18951048824059,
                27.907639615700788
              ],
              [
                88.18890090258297,
                27.907644877187302
              ],
              [
                88.18889695514308,
                27.907283858476973
              ],
              [
                88.18869376056468,
                27.907285611682987
              ],
              [
                88.18869178720854,
                27.90710510231435
              ],
              [
                88.18828539866257,
                27.90710860779212
              ],
              [
                88.18828737134497,
                27.907289117196683
              ],
              [
                88.18808417671268,
                27.90729086949539
              ],
              [
                88.18808614907168,
                27.907471378908944
              ]
            ],
            [
              [
                88.18384263527518,
                27.90967422425304
              ],
              [
                88.18384460079801,
                27.909854733873196
              ],
              [
                88.18343820126566,
                27.909858225382155
              ],
              [
                88.18343623641657,
                27.90967771572607
              ],
              [
                88.18384263527518,
                27.90967422425304
              ]
            ],
            [
              [
                88.18666181375654,
                27.90730312724101
              ],
              [
                88.18666378376196,
                27.907483636744384
              ],
              [
                88.18646058864456,
                27.90748538667155
              ],
              [
                88.18645861898051,
                27.9073048771502
              ],
              [
                88.18666181375654,
                27.90730312724101
              ]
            ],
            [
              [
                88.20152091466703,
                27.909521185374764
              ],
              [
                88.20152290951984,
                27.909701693836112
              ],
              [
                88.20131971136614,
                27.90970346579894
              ],
              [
                88.2013177168457,
                27.909522957319634
              ],
              [
                88.20152091466703,
                27.909521185374764
              ]
            ],
            [
              [
                88.20438167936088,
                27.910940412707507
              ],
              [
                88.20438367908257,
                27.911120920944267
              ],
              [
                88.20397727787037,
                27.911124473170354
              ],
              [
                88.20397527882241,
                27.910943964906647
              ],
              [
                88.20438167936088,
                27.910940412707507
              ]
            ],
            [
              [
                88.20438567882222,
                27.911301429172042
              ],
              [
                88.20438767857983,
                27.911481937399817
              ],
              [
                88.20418447730898,
                27.911483713692533
              ],
              [
                88.20418247788375,
                27.91130320544678
              ],
              [
                88.20438567882222,
                27.911301429172042
              ]
            ],
            [
              [
                88.20295528247505,
                27.91059182349169
              ],
              [
                88.20295727979823,
                27.91077233182727
              ],
              [
                88.20275407974908,
                27.91077410596402
              ],
              [
                88.2027520827583,
                27.910593597610486
              ],
              [
                88.20295528247505,
                27.91059182349169
              ]
            ],
            [
              [
                88.20254888302354,
                27.910595371441804
              ],
              [
                88.20254688639206,
                27.9104148630703
              ],
              [
                88.20275008578542,
                27.910413089256934
              ],
              [
                88.2027520827583,
                27.910593597610486
              ],
              [
                88.20254888302354,
                27.910595371441804
              ]
            ]
          ],
          [
            [
              [
                88.20827658752036,
                27.913975242040554
              ],
              [
                88.2080733818837,
                27.91397702420825
              ],
              [
                88.20807440935943,
                27.914069475789102
              ],
              [
                88.20827269354818,
                27.914069475673188
              ],
              [
                88.20827269354818,
                27.914249138730007
              ],
              [
                88.20827963204114,
                27.91424913873436
              ],
              [
                88.20827658752036,
                27.913975242040554
              ]
            ]
          ],
          [
            [
              [
                88.20909944906371,
                27.91487064952302
              ],
              [
                88.20889624181008,
                27.91487243295733
              ],
              [
                88.20889423427305,
                27.914691925124814
              ],
              [
                88.20869102734281,
                27.914693708244723
              ],
              [
                88.20868902016511,
                27.914513200394236
              ],
              [
                88.20848581354927,
                27.91451498319973
              ],
              [
                88.2084838067309,
                27.91433447533129
              ],
              [
                88.2084523566007,
                27.914334751227468
              ],
              [
                88.208452356605,
                27.91460846484366
              ],
              [
                88.20863201966182,
                27.914608464843656
              ],
              [
                88.20863201966182,
                27.914788127900483
              ],
              [
                88.20881168271865,
                27.91478812790048
              ],
              [
                88.20881168271865,
                27.914967790957306
              ],
              [
                88.20910052961946,
                27.914967791031206
              ],
              [
                88.20909944906371,
                27.91487064952302
              ]
            ]
          ],
          [
            [
              [
                88.20932073098682,
                27.916493435853713
              ],
              [
                88.20931974808752,
                27.916405095428598
              ],
              [
                88.20917100883229,
                27.916405095411893
              ],
              [
                88.20917100883081,
                27.916494750201633
              ],
              [
                88.20932073098682,
                27.916493435853713
              ]
            ]
          ],
          [
            [
              [
                88.20769103697988,
                27.916146682578756
              ],
              [
                88.20773370437625,
                27.91614630849776
              ],
              [
                88.2077337043777,
                27.916045769298243
              ],
              [
                88.20768991572162,
                27.91604576946266
              ],
              [
                88.20769103697988,
                27.916146682578756
              ]
            ]
          ],
          [
            [
              [
                88.19975787340083,
                27.915493902823094
              ],
              [
                88.19975986582818,
                27.915674411248503
              ],
              [
                88.20414044324005,
                27.915636188829012
              ],
              [
                88.20414044324123,
                27.91550678012777
              ],
              [
                88.2039607801844,
                27.915506780127775
              ],
              [
                88.2039607801844,
                27.91532711707096
              ],
              [
                88.20360145407075,
                27.915327117070955
              ],
              [
                88.20360145407075,
                27.91514745401413
              ],
              [
                88.20108617127522,
                27.915147454014125
              ],
              [
                88.20108617127522,
                27.914967790957306
              ],
              [
                88.2001878559911,
                27.914967790957306
              ],
              [
                88.2001878559911,
                27.914788127900483
              ],
              [
                88.19928954070697,
                27.914788127900486
              ],
              [
                88.19928954070697,
                27.914967790957313
              ],
              [
                88.19893021459333,
                27.914967790957306
              ],
              [
                88.19893021459333,
                27.91514745401412
              ],
              [
                88.1987505515365,
                27.915147454014132
              ],
              [
                88.19875055153624,
                27.91550267238281
              ],
              [
                88.19975787340083,
                27.915493902823094
              ]
            ]
          ],
          [
            [
              [
                88.19610209282637,
                27.915706220152536
              ],
              [
                88.19833739926037,
                27.91568679290773
              ],
              [
                88.19833739542774,
                27.915686445271117
              ],
              [
                88.19610187521789,
                27.91568644520976
              ],
              [
                88.19610209282637,
                27.915706220152536
              ]
            ]
          ],
          [
            [
              [
                88.19447443036844,
                27.915539817513896
              ],
              [
                88.19587594262673,
                27.9155276577076
              ],
              [
                88.19587594262732,
                27.915506780127775
              ],
              [
                88.1944740673256,
                27.915506781222454
              ],
              [
                88.19447443036844,
                27.915539817513896
              ]
            ]
          ],
          [
            [
              [
                88.19325319089788,
                27.91536987559389
              ],
              [
                88.19425897511502,
                27.91536115959988
              ],
              [
                88.19425897511591,
                27.915327117070955
              ],
              [
                88.19325272150884,
                27.91532711798929
              ],
              [
                88.19325319089788,
                27.91536987559389
              ]
            ]
          ],
          [
            [
              [
                88.19203195483192,
                27.915199922714432
              ],
              [
                88.19300133371706,
                27.915191530964908
              ],
              [
                88.19300133371814,
                27.91514745401413
              ],
              [
                88.1920313794396,
                27.91514745502716
              ],
              [
                88.19203195483192,
                27.915199922714432
              ]
            ]
          ],
          [
            [
              [
                88.19174369231915,
                27.915021890752204
              ],
              [
                88.19174369232037,
                27.914967790957306
              ],
              [
                88.18958773563848,
                27.914967790957306
              ],
              [
                88.18958773563709,
                27.915040525460075
              ],
              [
                88.19174369231915,
                27.915021890752204
              ]
            ]
          ],
          [
            [
              [
                88.18877863219795,
                27.915047510123614
              ],
              [
                88.18940807258025,
                27.915042076829245
              ],
              [
                88.18940807258166,
                27.914967790957306
              ],
              [
                88.18877776035012,
                27.91496779157056
              ],
              [
                88.18877863219795,
                27.915047510123614
              ]
            ]
          ],
          [
            [
              [
                88.18796382290127,
                27.914874013013076
              ],
              [
                88.1885097572961,
                27.914869303952234
              ],
              [
                88.18850975729754,
                27.91478812790048
              ],
              [
                88.18796288432902,
                27.914788133591856
              ],
              [
                88.18796382290127,
                27.914874013013076
              ]
            ]
          ],
          [
            [
              [
                88.18367481194194,
                27.912925142851574
              ],
              [
                88.18367088096817,
                27.91256412374599
              ],
              [
                88.18346767613997,
                27.912565869540902
              ],
              [
                88.18346571102138,
                27.912385359965654
              ],
              [
                88.18305930197587,
                27.912388850639186
              ],
              [
                88.18306323088353,
                27.91274986984358
              ],
              [
                88.18286002566009,
                27.912751614758132
              ],
              [
                88.18286198979952,
                27.91293212436033
              ],
              [
                88.18265878422574,
                27.912933868987427
              ],
              [
                88.18266271189371,
                27.91329488821878
              ],
              [
                88.18306912437977,
                27.913291398605253
              ],
              [
                88.18307108891445,
                27.913471908189486
              ],
              [
                88.1832742954674,
                27.9134701629156
              ],
              [
                88.1832762603614,
                27.913650672481868
              ],
              [
                88.18347919167044,
                27.91364892926993
              ],
              [
                88.18347919170647,
                27.913171160389066
              ],
              [
                88.1836588547633,
                27.913171160389062
              ],
              [
                88.1836588547633,
                27.912991497332236
              ],
              [
                88.18383851782012,
                27.91299149733224
              ],
              [
                88.18383851781876,
                27.912923736171734
              ],
              [
                88.18367481194194,
                27.912925142851574
              ]
            ]
          ],
          [
            [
              [
                88.18833009423946,
                27.90945506530476
              ],
              [
                88.18833009424073,
                27.90957789925259
              ],
              [
                88.18850975729754,
                27.909577899252582
              ],
              [
                88.1885097572963,
                27.90945351554719
              ],
              [
                88.18833009423946,
                27.90945506530476
              ]
            ]
          ],
          [
            [
              [
                88.18808417671268,
                27.90729086949539
              ],
              [
                88.18808220437164,
                27.907110360081845
              ],
              [
                88.18787901005373,
                27.907112112075122
              ],
              [
                88.1878809820624,
                27.90729262150664
              ],
              [
                88.18808417671268,
                27.90729086949539
              ]
            ]
          ],
          [
            [
              [
                88.18797076812707,
                27.91065587759353
              ],
              [
                88.18833009424073,
                27.910655877593534
              ],
              [
                88.18833009424073,
                27.910476214536704
              ],
              [
                88.18850975729754,
                27.910476214536708
              ],
              [
                88.18850975729754,
                27.910116888423055
              ],
              [
                88.18833009424073,
                27.910116888423055
              ],
              [
                88.18833009424073,
                27.909937225366235
              ],
              [
                88.18707245284295,
                27.909937225366235
              ],
              [
                88.18707245284295,
                27.90975756230941
              ],
              [
                88.18545548533153,
                27.90975756230941
              ],
              [
                88.18545548533153,
                27.91029655147988
              ],
              [
                88.18617413755884,
                27.910296551479885
              ],
              [
                88.18617413755884,
                27.91047621453671
              ],
              [
                88.18653346367248,
                27.910476214536708
              ],
              [
                88.18653346367248,
                27.91065587759353
              ],
              [
                88.18707245284295,
                27.910655877593538
              ],
              [
                88.18707245284295,
                27.910835540650357
              ],
              [
                88.18797076812707,
                27.910835540650353
              ],
              [
                88.18797076812707,
                27.91065587759353
              ]
            ]
          ],
          [
            [
              [
                88.18635380061566,
                27.911194866764
              ],
              [
                88.18617413755884,
                27.911194866764006
              ],
              [
                88.18617413755884,
                27.91137452982083
              ],
              [
                88.18635380061566,
                27.911374529820833
              ],
              [
                88.18635380061566,
                27.911194866764
              ]
            ]
          ],
          [
            [
              [
                88.18635380061566,
                27.91406947567318
              ],
              [
                88.18653346367248,
                27.914069475673184
              ],
              [
                88.18653346367248,
                27.913889812616365
              ],
              [
                88.1867131267293,
                27.91388981261636
              ],
              [
                88.1867131267293,
                27.913710149559535
              ],
              [
                88.18689278978613,
                27.913710149559535
              ],
              [
                88.18689278978613,
                27.91335082344589
              ],
              [
                88.18761144201342,
                27.91335082344589
              ],
              [
                88.18761144201342,
                27.913171160389066
              ],
              [
                88.1881504311839,
                27.913171160389066
              ],
              [
                88.1881504311839,
                27.912991497332243
              ],
              [
                88.18833009424073,
                27.91299149733224
              ],
              [
                88.18833009424073,
                27.912452508161767
              ],
              [
                88.18761144201342,
                27.912452508161763
              ],
              [
                88.18761144201342,
                27.9126321712186
              ],
              [
                88.18653346367248,
                27.912632171218597
              ],
              [
                88.18653346367248,
                27.912811834275423
              ],
              [
                88.18635380061566,
                27.91281183427542
              ],
              [
                88.18635380061566,
                27.913350823445885
              ],
              [
                88.18617413755884,
                27.913350823445892
              ],
              [
                88.18617413755884,
                27.913530486502722
              ],
              [
                88.18599447450201,
                27.91353048650271
              ],
              [
                88.18599447450201,
                27.913710149559538
              ],
              [
                88.18563514838836,
                27.913710149559535
              ],
              [
                88.18563514838836,
                27.914069475673184
              ],
              [
                88.18599447450201,
                27.914069475673184
              ],
              [
                88.18599447450201,
                27.914249138730003
              ],
              [
                88.18635380061566,
                27.914249138730007
              ],
              [
                88.18635380061566,
                27.91406947567318
              ]
            ]
          ],
          [
            [
              [
                88.18635380061566,
                27.91442880178683
              ],
              [
                88.18617413755884,
                27.914428801786833
              ],
              [
                88.18617413755884,
                27.914608464843656
              ],
              [
                88.18635380061566,
                27.914608464843653
              ],
              [
                88.18635380061566,
                27.91442880178683
              ]
            ]
          ]
        ]
      }
    },
    {
      "type": "Feature",
      "properties": {
        "site_id": "south-lhonak",
        "from_date": "2019-10-15",
        "to_date": "2022-11-30",
        "status": "provisional_owner_approved_not_independently_reviewed",
        "crs_for_measurement": "EPSG:32645",
        "change_class": "lake_reduction",
        "area_km2": 0.091565
      },
      "geometry": {
        "type": "MultiPolygon",
        "coordinates": [
          [
            [
              [
                88.2077337043777,
                27.916225432355073
              ],
              [
                88.208452356605,
                27.916225432355073
              ],
              [
                88.208452356605,
                27.916405095411893
              ],
              [
                88.20863201966182,
                27.916405095411896
              ],
              [
                88.20863201966182,
                27.91658475846872
              ],
              [
                88.20917100883229,
                27.916584758468723
              ],
              [
                88.20917100883081,
                27.916494750201633
              ],
              [
                88.20891431043387,
                27.916497003270322
              ],
              [
                88.20891230273516,
                27.916316495482725
              ],
              [
                88.2085058827751,
                27.916320061668642
              ],
              [
                88.20850387576809,
                27.916139553845106
              ],
              [
                88.20773370437625,
                27.91614630849776
              ],
              [
                88.2077337043777,
                27.916225432355073
              ]
            ]
          ],
          [
            [
              [
                88.20414044324123,
                27.915686443184597
              ],
              [
                88.20593707380947,
                27.915686443184597
              ],
              [
                88.20593707380947,
                27.915866106241424
              ],
              [
                88.20665572603676,
                27.91586610624142
              ],
              [
                88.20665572603676,
                27.916045769298243
              ],
              [
                88.20768991572162,
                27.91604576946266
              ],
              [
                88.20768903133829,
                27.91596617469234
              ],
              [
                88.20667298411966,
                27.915975078802422
              ],
              [
                88.20667098018487,
                27.91579457084413
              ],
              [
                88.20606135264781,
                27.915799909675595
              ],
              [
                88.20605934974608,
                27.91561940167241
              ],
              [
                88.20463688719373,
                27.915631848360672
              ],
              [
                88.20463488666356,
                27.915451340258656
              ],
              [
                88.20422846929965,
                27.915454893733408
              ],
              [
                88.20423046914712,
                27.91563540185339
              ],
              [
                88.20414044324005,
                27.915636188829012
              ],
              [
                88.20414044324123,
                27.915686443184597
              ]
            ]
          ],
          [
            [
              [
                88.19857088847968,
                27.915686443184597
              ],
              [
                88.19857088847968,
                27.915506780127775
              ],
              [
                88.1987505515365,
                27.915506780127775
              ],
              [
                88.19875055153624,
                27.91550267238281
              ],
              [
                88.19833540919558,
                27.91550628439249
              ],
              [
                88.19833739542774,
                27.915686445271117
              ],
              [
                88.19857088847968,
                27.915686443184597
              ]
            ]
          ],
          [
            [
              [
                88.19587594262732,
                27.915686443184605
              ],
              [
                88.19610187521789,
                27.91568644520976
              ],
              [
                88.19610010647162,
                27.91552571149357
              ],
              [
                88.19587594262673,
                27.9155276577076
              ],
              [
                88.19587594262732,
                27.915686443184605
              ]
            ]
          ],
          [
            [
              [
                88.19425897511591,
                27.915506780127778
              ],
              [
                88.1944740673256,
                27.915506781222454
              ],
              [
                88.19447244672659,
                27.91535930873815
              ],
              [
                88.19425897511502,
                27.91536115959988
              ],
              [
                88.19425897511591,
                27.915506780127778
              ]
            ]
          ],
          [
            [
              [
                88.19300133371814,
                27.91532711707095
              ],
              [
                88.19325272150884,
                27.91532711798929
              ],
              [
                88.19325120929521,
                27.91518936672831
              ],
              [
                88.19300133371706,
                27.915191530964908
              ],
              [
                88.19300133371814,
                27.91532711707095
              ]
            ]
          ],
          [
            [
              [
                88.19174369232037,
                27.915147454014125
              ],
              [
                88.1920313794396,
                27.91514745502716
              ],
              [
                88.19202997526843,
                27.915019413768
              ],
              [
                88.19174369231915,
                27.915021890752204
              ],
              [
                88.19174369232037,
                27.915147454014125
              ]
            ]
          ],
          [
            [
              [
                88.18940807258166,
                27.91514745401413
              ],
              [
                88.18958773563848,
                27.915147454014132
              ],
              [
                88.18958773563709,
                27.915040525460075
              ],
              [
                88.18940807258025,
                27.915042076829245
              ],
              [
                88.18940807258166,
                27.91514745401413
              ]
            ]
          ],
          [
            [
              [
                88.18850975729754,
                27.914967790957306
              ],
              [
                88.18877776035012,
                27.91496779157056
              ],
              [
                88.1887766580513,
                27.914867000961593
              ],
              [
                88.1885097572961,
                27.914869303952234
              ],
              [
                88.18850975729754,
                27.914967790957306
              ]
            ]
          ],
          [
            [
              [
                88.18347919170647,
                27.91406947567318
              ],
              [
                88.1836588547633,
                27.914069475673184
              ],
              [
                88.1836588547633,
                27.91424913873001
              ],
              [
                88.18383851782012,
                27.914249138730007
              ],
              [
                88.18383851782012,
                27.91442880178683
              ],
              [
                88.18455717004741,
                27.914428801786826
              ],
              [
                88.18455717004741,
                27.914608464843656
              ],
              [
                88.18509615921789,
                27.91460846484366
              ],
              [
                88.18509615921789,
                27.914788127900476
              ],
              [
                88.18796288432902,
                27.914788133591856
              ],
              [
                88.18796185012906,
                27.914693503788165
              ],
              [
                88.18511692951593,
                27.91471800803249
              ],
              [
                88.18511496147781,
                27.914537498618937
              ],
              [
                88.18470854463493,
                27.91454099440388
              ],
              [
                88.18470657728852,
                27.914360484954397
              ],
              [
                88.18409695289556,
                27.9143657263456
              ],
              [
                88.18409498658221,
                27.914185216860172
              ],
              [
                88.18389177874468,
                27.914186963382726
              ],
              [
                88.18388981279067,
                27.914006453870357
              ],
              [
                88.18368660527652,
                27.914008200078484
              ],
              [
                88.18368463967285,
                27.913827690548157
              ],
              [
                88.1834814324821,
                27.913829436441873
              ],
              [
                88.18347946723775,
                27.913648926902557
              ],
              [
                88.18347919167044,
                27.91364892926993
              ],
              [
                88.18347919170647,
                27.91406947567318
              ]
            ]
          ],
          [
            [
              [
                88.18383851782012,
                27.911554192877652
              ],
              [
                88.18401818087695,
                27.91155419287765
              ],
              [
                88.18401818087695,
                27.91173385593447
              ],
              [
                88.18419784393377,
                27.91173385593447
              ],
              [
                88.18419784393377,
                27.912272845104944
              ],
              [
                88.18401818087695,
                27.912272845104944
              ],
              [
                88.18401818087695,
                27.912811834275416
              ],
              [
                88.18383851782012,
                27.912811834275423
              ],
              [
                88.18383851781876,
                27.912923736171734
              ],
              [
                88.18387801742588,
                27.91292339673328
              ],
              [
                88.1838799832721,
                27.9131039062636
              ],
              [
                88.18509921784668,
                27.913093423139838
              ],
              [
                88.18509724997926,
                27.912912913681375
              ],
              [
                88.18550366068665,
                27.912909416935225
              ],
              [
                88.18549972364924,
                27.912548398063205
              ],
              [
                88.18570292829776,
                27.912546649267927
              ],
              [
                88.18569899065848,
                27.912185630404885
              ],
              [
                88.1854957866837,
                27.91218737917322
              ],
              [
                88.18549381822338,
                27.91200686971475
              ],
              [
                88.18488420719734,
                27.91201211418717
              ],
              [
                88.18488223977907,
                27.911831604683794
              ],
              [
                88.18467903639718,
                27.911833352230417
              ],
              [
                88.18467706932925,
                27.911652842718052
              ],
              [
                88.18427066320326,
                27.911656336877048
              ],
              [
                88.18426869682705,
                27.91147582732875
              ],
              [
                88.18406549407398,
                27.911477573950105
              ],
              [
                88.18406352804809,
                27.911297064383838
              ],
              [
                88.18383851780713,
                27.91129899808445
              ],
              [
                88.18383851782012,
                27.911554192877652
              ]
            ]
          ],
          [
            [
              [
                88.18419784393377,
                27.91029655147988
              ],
              [
                88.18401818087695,
                27.910296551479885
              ],
              [
                88.184018180866,
                27.91039482172575
              ],
              [
                88.18405369821512,
                27.910394516480643
              ],
              [
                88.18405566414219,
                27.910575026064876
              ],
              [
                88.18425886521541,
                27.910573279515386
              ],
              [
                88.18426083150182,
                27.910753789090634
              ],
              [
                88.18487043561082,
                27.91074854759163
              ],
              [
                88.18486846830933,
                27.9105680380613
              ],
              [
                88.1850716693017,
                27.91056629030807
              ],
              [
                88.1850697016858,
                27.910385780786715
              ],
              [
                88.18527290232785,
                27.910384032746016
              ],
              [
                88.18526699858182,
                27.909842504181967
              ],
              [
                88.1850637989459,
                27.909844252186733
              ],
              [
                88.18506183140187,
                27.909663742638436
              ],
              [
                88.18437750698915,
                27.909669627205027
              ],
              [
                88.1843775069906,
                27.909757562309405
              ],
              [
                88.18424997985264,
                27.90975756233354
              ],
              [
                88.1842510002495,
                27.90985124117846
              ],
              [
                88.18419784392626,
                27.909851698084434
              ],
              [
                88.18419784393377,
                27.91029655147988
              ]
            ]
          ],
          [
            [
              [
                88.20036751904792,
                27.909757562309405
              ],
              [
                88.20030421975527,
                27.909757562501273
              ],
              [
                88.2003057131328,
                27.90989282965472
              ],
              [
                88.20036751904682,
                27.90989229116808
              ],
              [
                88.20036751904792,
                27.909757562309405
              ]
            ]
          ],
          [
            [
              [
                88.20126583433203,
                27.91011688842305
              ],
              [
                88.20112106099546,
                27.91011688863023
              ],
              [
                88.20112249583053,
                27.91024676290324
              ],
              [
                88.20126583433084,
                27.91024551315997
              ],
              [
                88.20126583433203,
                27.91011688842305
              ]
            ]
          ],
          [
            [
              [
                88.20791336743453,
                27.91406947567318
              ],
              [
                88.20791336743453,
                27.913889812616354
              ],
              [
                88.20786918735239,
                27.913889812695725
              ],
              [
                88.20787218199641,
                27.91415931400184
              ],
              [
                88.2080753879924,
                27.914157532121617
              ],
              [
                88.20807440935943,
                27.914069475789102
              ],
              [
                88.20791336743453,
                27.91406947567318
              ]
            ]
          ],
          [
            [
              [
                88.208452356605,
                27.91424913873001
              ],
              [
                88.20827963204114,
                27.91424913873436
              ],
              [
                88.20828060042948,
                27.91433625783135
              ],
              [
                88.2084523566007,
                27.914334751227468
              ],
              [
                88.208452356605,
                27.91424913873001
              ]
            ]
          ],
          [
            [
              [
                88.20935067188913,
                27.916405095411896
              ],
              [
                88.20935067188913,
                27.915147454014125
              ],
              [
                88.20917100883229,
                27.91514745401413
              ],
              [
                88.20917100883229,
                27.914967790957306
              ],
              [
                88.20910052961946,
                27.914967791031206
              ],
              [
                88.20910346485643,
                27.915231665152117
              ],
              [
                88.20930667276583,
                27.91522988139441
              ],
              [
                88.20931974808752,
                27.916405095428598
              ],
              [
                88.20935067188913,
                27.916405095411896
              ]
            ]
          ],
          [
            [
              [
                88.18833009424073,
                27.90939823619576
              ],
              [
                88.18850975729754,
                27.90939823619576
              ],
              [
                88.1885097572963,
                27.90945351554719
              ],
              [
                88.18851424362781,
                27.9094534768455
              ],
              [
                88.18851227038846,
                27.9092729675128
              ],
              [
                88.18810587371274,
                27.90927647272108
              ],
              [
                88.18810784627836,
                27.90945698207174
              ],
              [
                88.18833009423946,
                27.90945506530476
              ],
              [
                88.18833009424073,
                27.90939823619576
              ]
            ]
          ],
          [
            [
              [
                88.18610736803853,
                27.912362641374486
              ],
              [
                88.1863105723008,
                27.912360891689875
              ],
              [
                88.18631254213552,
                27.91254140108546
              ],
              [
                88.18671895127086,
                27.912537900799954
              ],
              [
                88.18671698076238,
                27.91235739143131
              ],
              [
                88.18692018496175,
                27.912355640857378
              ],
              [
                88.18691427251106,
                27.911814112769438
              ],
              [
                88.1867110693268,
                27.911815863307446
              ],
              [
                88.18670909888121,
                27.911635353929825
              ],
              [
                88.18630269311456,
                27.911638854080582
              ],
              [
                88.1863046628864,
                27.911819363494132
              ],
              [
                88.18610145963926,
                27.911821113133826
              ],
              [
                88.18610736803853,
                27.912362641374486
              ]
            ]
          ],
          [
            [
              [
                88.19869803596212,
                27.91153156028221
              ],
              [
                88.19890123772704,
                27.91152979208332
              ],
              [
                88.1989032284027,
                27.91171030066144
              ],
              [
                88.19910643049101,
                27.911708532148133
              ],
              [
                88.199108421526,
                27.911889040717274
              ],
              [
                88.19931162393772,
                27.91188727188956
              ],
              [
                88.19931361532304,
                27.91206778043175
              ],
              [
                88.19972002075733,
                27.91206424185106
              ],
              [
                88.19971802869826,
                27.911883733335824
              ],
              [
                88.20012443338695,
                27.91188019357835
              ],
              [
                88.20012044797525,
                27.911519176574824
              ],
              [
                88.20032364961442,
                27.91151740628286
              ],
              [
                88.20031966360085,
                27.911156389288323
              ],
              [
                88.20052286454832,
                27.91115461871788
              ],
              [
                88.20052087123162,
                27.91097411022061
              ],
              [
                88.20072407182873,
                27.910972339362704
              ],
              [
                88.20072207819761,
                27.9107918308834
              ],
              [
                88.2009252784354,
                27.91079005973804
              ],
              [
                88.20092727240788,
                27.910970568208366
              ],
              [
                88.20113047296009,
                27.910968796748588
              ],
              [
                88.20112648435938,
                27.91060777983489
              ],
              [
                88.20132968422885,
                27.91060600810563
              ],
              [
                88.20132768961858,
                27.91042549965326
              ],
              [
                88.20092129054437,
                27.91042904278842
              ],
              [
                88.2009192966258,
                27.910248534300123
              ],
              [
                88.2007160974031,
                27.910250305409562
              ],
              [
                88.20071410383488,
                27.910069796903304
              ],
              [
                88.20010450705612,
                27.910075108372094
              ],
              [
                88.20010251452996,
                27.9098945998299
              ],
              [
                88.19949291859561,
                27.9098999085678
              ],
              [
                88.19949491011567,
                27.9100804171549
              ],
              [
                88.19908851205656,
                27.91008395483727
              ],
              [
                88.19909050292085,
                27.910264463451327
              ],
              [
                88.19888730352748,
                27.910266231856827
              ],
              [
                88.19889725643863,
                27.91116877490013
              ],
              [
                88.19869405533845,
                27.91117054307207
              ],
              [
                88.19869803596212,
                27.91153156028221
              ]
            ]
          ],
          [
            [
              [
                88.18449156751953,
                27.913279175543597
              ],
              [
                88.18428836141574,
                27.91328092259614
              ],
              [
                88.18429032797162,
                27.913461432090546
              ],
              [
                88.18449353441677,
                27.91345968502901
              ],
              [
                88.18449156751953,
                27.913279175543597
              ]
            ]
          ],
          [
            [
              [
                88.184495501332,
                27.913640194514432
              ],
              [
                88.18469870810053,
                27.913638447129504
              ],
              [
                88.18469674084396,
                27.913457937662056
              ],
              [
                88.18449353441677,
                27.91345968502901
              ],
              [
                88.184495501332,
                27.913640194514432
              ]
            ]
          ]
        ]
      }
    }
  ]
}
