{
  "type": "FeatureCollection",
  "features": [
    {
      "type": "Feature",
      "properties": {
        "rgi_id": "RGI2000-v7.0-G-15-07636",
        "lake_cat": 3,
        "image_id": "LE07_L2SP_139041_20011026_20200917_02_T1",
        "image_date": "2001-10-26",
        "inventory_doi": "https://doi.org/10.5194/essd-12-2169-2020",
        "contributor": "22.0",
        "source": "GLIMS-RGI lake_terminating dataset; RGI v7 Region 15",
        "source_url": "https://github.com/GLIMS-RGI/lake_terminating"
      },
      "geometry": {
        "type": "Polygon",
        "coordinates": [
          [
            [
              88.200427,
              27.941439,
              0.0
            ],
            [
              88.20009,
              27.941802,
              0.0
            ],
            [
              88.199762,
              27.942159,
              0.0
            ],
            [
              88.199301,
              27.942457,
              0.0
            ],
            [
              88.198641,
              27.942758,
              0.0
            ],
            [
              88.198313,
              27.943114,
              0.0
            ],
            [
              88.197785,
              27.943414,
              0.0
            ],
            [
              88.197257,
              27.943654,
              0.0
            ],
            [
              88.196728,
              27.943894,
              0.0
            ],
            [
              88.196197,
              27.943899,
              0.0
            ],
            [
              88.195667,
              27.943904,
              0.0
            ],
            [
              88.195135,
              27.943849,
              0.0
            ],
            [
              88.194602,
              27.943677,
              0.0
            ],
            [
              88.194516,
              27.943653,
              0.0
            ],
            [
              88.194138,
              27.94374,
              0.0
            ],
            [
              88.193609,
              27.943921,
              0.0
            ],
            [
              88.193147,
              27.944161,
              0.0
            ],
            [
              88.192685,
              27.944401,
              0.0
            ],
            [
              88.192599,
              27.944421,
              0.0
            ],
            [
              88.192533,
              27.944417,
              0.0
            ],
            [
              88.191919,
              27.944305,
              0.0
            ],
            [
              88.191556,
              27.944192,
              0.0
            ],
            [
              88.191124,
              27.943878,
              0.0
            ],
            [
              88.190679,
              27.943647,
              0.0
            ],
            [
              88.190075,
              27.943423,
              0.0
            ],
            [
              88.189921,
              27.943424,
              0.0
            ],
            [
              88.189292,
              27.94343,
              0.0
            ],
            [
              88.188453,
              27.943437,
              0.0
            ],
            [
              88.187826,
              27.943628,
              0.0
            ],
            [
              88.187197,
              27.943634,
              0.0
            ],
            [
              88.186568,
              27.943639,
              0.0
            ],
            [
              88.185938,
              27.943645,
              0.0
            ],
            [
              88.185309,
              27.94365,
              0.0
            ],
            [
              88.185105,
              27.944211,
              0.0
            ],
            [
              88.18469,
              27.944587,
              0.0
            ],
            [
              88.184065,
              27.944965,
              0.0
            ],
            [
              88.183889,
              27.94545,
              0.0
            ],
            [
              88.183974,
              27.945512,
              0.0
            ],
            [
              88.184332,
              27.945902,
              0.0
            ],
            [
              88.184602,
              27.946292,
              0.0
            ],
            [
              88.184954,
              27.946675,
              0.0
            ],
            [
              88.184804,
              27.946974,
              0.0
            ],
            [
              88.184809,
              27.947441,
              0.0
            ],
            [
              88.184946,
              27.947907,
              0.0
            ],
            [
              88.184995,
              27.948374,
              0.0
            ],
            [
              88.185088,
              27.948879,
              0.0
            ],
            [
              88.185093,
              27.949346,
              0.0
            ],
            [
              88.185099,
              27.94989,
              0.0
            ],
            [
              88.185104,
              27.950357,
              0.0
            ],
            [
              88.18511,
              27.950863,
              0.0
            ],
            [
              88.185113,
              27.950894,
              0.0
            ],
            [
              88.185393,
              27.951242,
              0.0
            ],
            [
              88.18573,
              27.951711,
              0.0
            ],
            [
              88.186,
              27.95218,
              0.0
            ],
            [
              88.186138,
              27.95265,
              0.0
            ],
            [
              88.18654,
              27.953001,
              0.0
            ],
            [
              88.186877,
              27.95341,
              0.0
            ],
            [
              88.187278,
              27.953702,
              0.0
            ],
            [
              88.187548,
              27.954112,
              0.0
            ],
            [
              88.187885,
              27.954521,
              0.0
            ],
            [
              88.18822,
              27.954872,
              0.0
            ],
            [
              88.188557,
              27.955341,
              0.0
            ],
            [
              88.188601,
              27.955442,
              0.0
            ],
            [
              88.188754,
              27.955502,
              0.0
            ],
            [
              88.189196,
              27.955771,
              0.0
            ],
            [
              88.18968,
              27.955961,
              0.0
            ],
            [
              88.189948,
              27.956426,
              0.0
            ],
            [
              88.190215,
              27.956813,
              0.0
            ],
            [
              88.190569,
              27.95716,
              0.0
            ],
            [
              88.190968,
              27.957507,
              0.0
            ],
            [
              88.191322,
              27.957854,
              0.0
            ],
            [
              88.19172,
              27.958201,
              0.0
            ],
            [
              88.191988,
              27.958587,
              0.0
            ],
            [
              88.192429,
              27.958895,
              0.0
            ],
            [
              88.192697,
              27.959282,
              0.0
            ],
            [
              88.193008,
              27.959668,
              0.0
            ],
            [
              88.193406,
              27.959976,
              0.0
            ],
            [
              88.19387,
              27.960177,
              0.0
            ],
            [
              88.193921,
              27.960276,
              0.0
            ],
            [
              88.194194,
              27.960703,
              0.0
            ],
            [
              88.194414,
              27.961131,
              0.0
            ],
            [
              88.194527,
              27.961608,
              0.0
            ],
            [
              88.194693,
              27.962036,
              0.0
            ],
            [
              88.194859,
              27.962465,
              0.0
            ],
            [
              88.195142,
              27.963704,
              0.0
            ],
            [
              88.195143,
              27.9638,
              0.0
            ],
            [
              88.195149,
              27.964325,
              0.0
            ],
            [
              88.195208,
              27.964802,
              0.0
            ],
            [
              88.195321,
              27.965279,
              0.0
            ],
            [
              88.195487,
              27.965755,
              0.0
            ],
            [
              88.195546,
              27.966232,
              0.0
            ],
            [
              88.195605,
              27.966709,
              0.0
            ],
            [
              88.195611,
              27.967187,
              0.0
            ],
            [
              88.195616,
              27.967664,
              0.0
            ],
            [
              88.195621,
              27.968142,
              0.0
            ],
            [
              88.195626,
              27.96862,
              0.0
            ],
            [
              88.195801,
              27.969812,
              0.0
            ],
            [
              88.195801,
              27.96986,
              0.0
            ],
            [
              88.195914,
              27.970337,
              0.0
            ],
            [
              88.195973,
              27.970814,
              0.0
            ],
            [
              88.19614,
              27.971242,
              0.0
            ],
            [
              88.196252,
              27.971719,
              0.0
            ],
            [
              88.196365,
              27.972195,
              0.0
            ],
            [
              88.196424,
              27.972673,
              0.0
            ],
            [
              88.196537,
              27.973149,
              0.0
            ],
            [
              88.196703,
              27.973578,
              0.0
            ],
            [
              88.196879,
              27.974866,
              0.0
            ],
            [
              88.196879,
              27.974914,
              0.0
            ],
            [
              88.196992,
              27.97539,
              0.0
            ],
            [
              88.197159,
              27.975866,
              0.0
            ],
            [
              88.197164,
              27.976344,
              0.0
            ],
            [
              88.197223,
              27.976821,
              0.0
            ],
            [
              88.197336,
              27.977298,
              0.0
            ],
            [
              88.197449,
              27.977774,
              0.0
            ],
            [
              88.197562,
              27.978251,
              0.0
            ],
            [
              88.197675,
              27.978728,
              0.0
            ],
            [
              88.198117,
              27.979775,
              0.0
            ],
            [
              88.198117,
              27.979822,
              0.0
            ],
            [
              88.198177,
              27.980395,
              0.0
            ],
            [
              88.19829,
              27.980872,
              0.0
            ],
            [
              88.198457,
              27.981348,
              0.0
            ],
            [
              88.198785,
              27.981775,
              0.0
            ],
            [
              88.199112,
              27.982202,
              0.0
            ],
            [
              88.199332,
              27.98263,
              0.0
            ],
            [
              88.199659,
              27.983009,
              0.0
            ],
            [
              88.199986,
              27.983388,
              0.0
            ],
            [
              88.200157,
              27.984294,
              0.0
            ],
            [
              88.200158,
              27.984342,
              0.0
            ],
            [
              88.200485,
              27.984721,
              0.0
            ],
            [
              88.200651,
              27.98515,
              0.0
            ],
            [
              88.200817,
              27.985578,
              0.0
            ],
            [
              88.201198,
              27.985909,
              0.0
            ],
            [
              88.201525,
              27.986289,
              0.0
            ],
            [
              88.201852,
              27.986668,
              0.0
            ],
            [
              88.202232,
              27.986999,
              0.0
            ],
            [
              88.202612,
              27.98733,
              0.0
            ],
            [
              88.203212,
              27.987993,
              0.0
            ],
            [
              88.203212,
              27.988041,
              0.0
            ],
            [
              88.203539,
              27.98842,
              0.0
            ],
            [
              88.20392,
              27.988751,
              0.0
            ],
            [
              88.2043,
              27.989082,
              0.0
            ],
            [
              88.204627,
              27.989462,
              0.0
            ],
            [
              88.205007,
              27.989793,
              0.0
            ],
            [
              88.206298,
              27.990366,
              0.0
            ],
            [
              88.206339,
              27.990366,
              0.0
            ],
            [
              88.206825,
              27.990505,
              0.0
            ],
            [
              88.207311,
              27.99068,
              0.0
            ],
            [
              88.207797,
              27.990891,
              0.0
            ],
            [
              88.208284,
              27.991101,
              0.0
            ],
            [
              88.208809,
              27.991132,
              0.0
            ],
            [
              88.209334,
              27.991164,
              0.0
            ],
            [
              88.209571,
              27.990732,
              0.0
            ],
            [
              88.209284,
              27.99034,
              0.0
            ],
            [
              88.208957,
              27.989949,
              0.0
            ],
            [
              88.208751,
              27.989521,
              0.0
            ],
            [
              88.208463,
              27.989094,
              0.0
            ],
            [
              88.208096,
              27.988739,
              0.0
            ],
            [
              88.207809,
              27.988311,
              0.0
            ],
            [
              88.207522,
              27.987884,
              0.0
            ],
            [
              88.207195,
              27.987529,
              0.0
            ],
            [
              88.206868,
              27.987173,
              0.0
            ],
            [
              88.206501,
              27.986818,
              0.0
            ],
            [
              88.206174,
              27.986463,
              0.0
            ],
            [
              88.205887,
              27.986071,
              0.0
            ],
            [
              88.20556,
              27.985644,
              0.0
            ],
            [
              88.205106,
              27.984753,
              0.0
            ],
            [
              88.205106,
              27.984717,
              0.0
            ],
            [
              88.204858,
              27.984253,
              0.0
            ],
            [
              88.204692,
              27.983825,
              0.0
            ],
            [
              88.204405,
              27.983433,
              0.0
            ],
            [
              88.204239,
              27.982969,
              0.0
            ],
            [
              88.204073,
              27.982541,
              0.0
            ],
            [
              88.203906,
              27.982112,
              0.0
            ],
            [
              88.20378,
              27.981648,
              0.0
            ],
            [
              88.203654,
              27.981183,
              0.0
            ],
            [
              88.203447,
              27.980755,
              0.0
            ],
            [
              88.203201,
              27.980327,
              0.0
            ],
            [
              88.202983,
              27.978932,
              0.0
            ],
            [
              88.202983,
              27.978896,
              0.0
            ],
            [
              88.202897,
              27.978431,
              0.0
            ],
            [
              88.202811,
              27.977966,
              0.0
            ],
            [
              88.202725,
              27.977502,
              0.0
            ],
            [
              88.20268,
              27.977036,
              0.0
            ],
            [
              88.202594,
              27.976571,
              0.0
            ],
            [
              88.202548,
              27.976106,
              0.0
            ],
            [
              88.202477,
              27.975104,
              0.0
            ],
            [
              88.202423,
              27.975104,
              0.0
            ],
            [
              88.202257,
              27.974676,
              0.0
            ],
            [
              88.202252,
              27.974244,
              0.0
            ],
            [
              88.20251,
              27.974078,
              0.0
            ],
            [
              88.20255,
              27.974077,
              0.0
            ],
            [
              88.202952,
              27.973895,
              0.0
            ],
            [
              88.20315,
              27.97357,
              0.0
            ],
            [
              88.203348,
              27.973246,
              0.0
            ],
            [
              88.203627,
              27.972921,
              0.0
            ],
            [
              88.203865,
              27.972597,
              0.0
            ],
            [
              88.204226,
              27.972379,
              0.0
            ],
            [
              88.204628,
              27.972268,
              0.0
            ],
            [
              88.205031,
              27.972157,
              0.0
            ],
            [
              88.205433,
              27.972046,
              0.0
            ],
            [
              88.205794,
              27.971864,
              0.0
            ],
            [
              88.206155,
              27.971646,
              0.0
            ],
            [
              88.206516,
              27.971463,
              0.0
            ],
            [
              88.206918,
              27.971388,
              0.0
            ],
            [
              88.207321,
              27.971313,
              0.0
            ],
            [
              88.207724,
              27.971238,
              0.0
            ],
            [
              88.208089,
              27.971414,
              0.0
            ],
            [
              88.208355,
              27.971712,
              0.0
            ],
            [
              88.208613,
              27.971674,
              0.0
            ],
            [
              88.209138,
              27.971514,
              0.0
            ],
            [
              88.209618,
              27.971354,
              0.0
            ],
            [
              88.210053,
              27.971039,
              0.0
            ],
            [
              88.210399,
              27.970647,
              0.0
            ],
            [
              88.210746,
              27.970293,
              0.0
            ],
            [
              88.211226,
              27.970095,
              0.0
            ],
            [
              88.21175,
              27.969973,
              0.0
            ],
            [
              88.212451,
              27.969928,
              0.0
            ],
            [
              88.212502,
              27.969924,
              0.0
            ],
            [
              88.212495,
              27.969889,
              0.0
            ],
            [
              88.212269,
              27.969346,
              0.0
            ],
            [
              88.212088,
              27.968842,
              0.0
            ],
            [
              88.212042,
              27.96857,
              0.0
            ],
            [
              88.212036,
              27.968103,
              0.0
            ],
            [
              88.212031,
              27.967636,
              0.0
            ],
            [
              88.212026,
              27.967169,
              0.0
            ],
            [
              88.212021,
              27.966702,
              0.0
            ],
            [
              88.212015,
              27.966196,
              0.0
            ],
            [
              88.212053,
              27.96569,
              0.0
            ],
            [
              88.212004,
              27.965223,
              0.0
            ],
            [
              88.211606,
              27.964915,
              0.0
            ],
            [
              88.211122,
              27.964686,
              0.0
            ],
            [
              88.210681,
              27.964456,
              0.0
            ],
            [
              88.210196,
              27.964266,
              0.0
            ],
            [
              88.209712,
              27.964076,
              0.0
            ],
            [
              88.209227,
              27.963769,
              0.0
            ],
            [
              88.208829,
              27.963461,
              0.0
            ],
            [
              88.208474,
              27.963114,
              0.0
            ],
            [
              88.208033,
              27.962845,
              0.0
            ],
            [
              88.207527,
              27.962552,
              0.0
            ],
            [
              88.207524,
              27.962282,
              0.0
            ],
            [
              88.207254,
              27.961892,
              0.0
            ],
            [
              88.206984,
              27.961501,
              0.0
            ],
            [
              88.206625,
              27.961033,
              0.0
            ],
            [
              88.206252,
              27.960773,
              0.0
            ],
            [
              88.206179,
              27.960722,
              0.0
            ],
            [
              88.205732,
              27.960333,
              0.0
            ],
            [
              88.205554,
              27.959875,
              0.0
            ],
            [
              88.205456,
              27.959393,
              0.0
            ],
            [
              88.205362,
              27.958922,
              0.0
            ],
            [
              88.205336,
              27.958845,
              0.0
            ],
            [
              88.205489,
              27.958781,
              0.0
            ],
            [
              88.20544,
              27.958315,
              0.0
            ],
            [
              88.20526,
              27.957888,
              0.0
            ],
            [
              88.205228,
              27.957805,
              0.0
            ],
            [
              88.204818,
              27.957748,
              0.0
            ],
            [
              88.204371,
              27.957359,
              0.0
            ],
            [
              88.204454,
              27.956887,
              0.0
            ],
            [
              88.204922,
              27.95679,
              0.0
            ],
            [
              88.204806,
              27.956491,
              0.0
            ],
            [
              88.204801,
              27.956465,
              0.0
            ],
            [
              88.204849,
              27.956335,
              0.0
            ],
            [
              88.204886,
              27.95579,
              0.0
            ],
            [
              88.204925,
              27.955322,
              0.0
            ],
            [
              88.204964,
              27.954855,
              0.0
            ],
            [
              88.205002,
              27.954349,
              0.0
            ],
            [
              88.204996,
              27.953804,
              0.0
            ],
            [
              88.204991,
              27.953337,
              0.0
            ],
            [
              88.204985,
              27.95287,
              0.0
            ],
            [
              88.20498,
              27.952403,
              0.0
            ],
            [
              88.204975,
              27.951936,
              0.0
            ],
            [
              88.20497,
              27.951469,
              0.0
            ],
            [
              88.204921,
              27.951003,
              0.0
            ],
            [
              88.204916,
              27.950536,
              0.0
            ],
            [
              88.204823,
              27.950069,
              0.0
            ],
            [
              88.20473,
              27.949564,
              0.0
            ],
            [
              88.204636,
              27.949059,
              0.0
            ],
            [
              88.204587,
              27.948593,
              0.0
            ],
            [
              88.204582,
              27.948126,
              0.0
            ],
            [
              88.204577,
              27.947659,
              0.0
            ],
            [
              88.204572,
              27.947192,
              0.0
            ],
            [
              88.204654,
              27.946685,
              0.0
            ],
            [
              88.204687,
              27.946479,
              0.0
            ],
            [
              88.204869,
              27.946294,
              0.0
            ],
            [
              88.205083,
              27.945864,
              0.0
            ],
            [
              88.205253,
              27.945396,
              0.0
            ],
            [
              88.205292,
              27.944928,
              0.0
            ],
            [
              88.205418,
              27.94446,
              0.0
            ],
            [
              88.205588,
              27.944031,
              0.0
            ],
            [
              88.205715,
              27.943562,
              0.0
            ],
            [
              88.205753,
              27.943095,
              0.0
            ],
            [
              88.205748,
              27.942628,
              0.0
            ],
            [
              88.205393,
              27.942242,
              0.0
            ],
            [
              88.204952,
              27.941973,
              0.0
            ],
            [
              88.204426,
              27.941939,
              0.0
            ],
            [
              88.203856,
              27.941944,
              0.0
            ],
            [
              88.203242,
              27.941872,
              0.0
            ],
            [
              88.202672,
              27.941838,
              0.0
            ],
            [
              88.202146,
              27.941803,
              0.0
            ],
            [
              88.201575,
              27.941692,
              0.0
            ],
            [
              88.201048,
              27.941657,
              0.0
            ],
            [
              88.200523,
              27.941662,
              0.0
            ],
            [
              88.200491,
              27.941662,
              0.0
            ],
            [
              88.200479,
              27.941597,
              0.0
            ],
            [
              88.200427,
              27.941439,
              0.0
            ]
          ],
          [
            [
              88.198661,
              27.956668,
              0.0
            ],
            [
              88.198723,
              27.957074,
              0.0
            ],
            [
              88.198265,
              27.956789,
              0.0
            ],
            [
              88.19773,
              27.956499,
              0.0
            ],
            [
              88.197395,
              27.956148,
              0.0
            ],
            [
              88.196993,
              27.955857,
              0.0
            ],
            [
              88.196657,
              27.955506,
              0.0
            ],
            [
              88.196918,
              27.955092,
              0.0
            ],
            [
              88.197451,
              27.955264,
              0.0
            ],
            [
              88.19805,
              27.955435,
              0.0
            ],
            [
              88.198452,
              27.955727,
              0.0
            ],
            [
              88.19859,
              27.956197,
              0.0
            ],
            [
              88.198661,
              27.956668,
              0.0
            ]
          ],
          [
            [
              88.204144,
              27.968654,
              0.0
            ],
            [
              88.204096,
              27.968678,
              0.0
            ],
            [
              88.203934,
              27.96868,
              0.0
            ],
            [
              88.203494,
              27.968619,
              0.0
            ],
            [
              88.203376,
              27.968769,
              0.0
            ],
            [
              88.202981,
              27.969067,
              0.0
            ],
            [
              88.202452,
              27.969248,
              0.0
            ],
            [
              88.202049,
              27.968839,
              0.0
            ],
            [
              88.20211,
              27.968367,
              0.0
            ],
            [
              88.202238,
              27.967894,
              0.0
            ],
            [
              88.202565,
              27.967479,
              0.0
            ],
            [
              88.202826,
              27.967064,
              0.0
            ],
            [
              88.203154,
              27.966708,
              0.0
            ],
            [
              88.203616,
              27.966468,
              0.0
            ],
            [
              88.204146,
              27.966345,
              0.0
            ],
            [
              88.204254,
              27.966459,
              0.0
            ],
            [
              88.204563,
              27.966145,
              0.0
            ],
            [
              88.205089,
              27.96614,
              0.0
            ],
            [
              88.205094,
              27.96656,
              0.0
            ],
            [
              88.205013,
              27.966927,
              0.0
            ],
            [
              88.204956,
              27.967195,
              0.0
            ],
            [
              88.205018,
              27.967222,
              0.0
            ],
            [
              88.20542,
              27.967513,
              0.0
            ],
            [
              88.205492,
              27.967984,
              0.0
            ],
            [
              88.205029,
              27.968224,
              0.0
            ],
            [
              88.2045,
              27.968405,
              0.0
            ],
            [
              88.204323,
              27.968446,
              0.0
            ],
            [
              88.204144,
              27.968654,
              0.0
            ]
          ]
        ]
      }
    },
    {
      "type": "Feature",
      "properties": {
        "rgi_id": "RGI2000-v7.0-G-15-07638",
        "lake_cat": 3,
        "image_id": "LE07_L2SP_139041_20011026_20200917_02_T1",
        "image_date": "2001-10-26",
        "inventory_doi": "https://doi.org/10.5194/essd-12-2169-2020",
        "contributor": "22.0",
        "source": "GLIMS-RGI lake_terminating dataset; RGI v7 Region 15",
        "source_url": "https://github.com/GLIMS-RGI/lake_terminating"
      },
      "geometry": {
        "type": "Polygon",
        "coordinates": [
          [
            [
              88.228033,
              27.973704,
              0.0
            ],
            [
              88.228097,
              27.973574,
              0.0
            ],
            [
              88.228003,
              27.973025,
              0.0
            ],
            [
              88.227909,
              27.972554,
              0.0
            ],
            [
              88.227902,
              27.972004,
              0.0
            ],
            [
              88.227897,
              27.971533,
              0.0
            ],
            [
              88.22798,
              27.97106,
              0.0
            ],
            [
              88.228063,
              27.970588,
              0.0
            ],
            [
              88.228235,
              27.970115,
              0.0
            ],
            [
              88.228407,
              27.969642,
              0.0
            ],
            [
              88.228578,
              27.969169,
              0.0
            ],
            [
              88.228396,
              27.968699,
              0.0
            ],
            [
              88.227951,
              27.968467,
              0.0
            ],
            [
              88.227874,
              27.968448,
              0.0
            ],
            [
              88.22733,
              27.968316,
              0.0
            ],
            [
              88.22695,
              27.968118,
              0.0
            ],
            [
              88.227034,
              27.968109,
              0.0
            ],
            [
              88.227381,
              27.967743,
              0.0
            ],
            [
              88.227668,
              27.967325,
              0.0
            ],
            [
              88.228133,
              27.967113,
              0.0
            ],
            [
              88.22848,
              27.966747,
              0.0
            ],
            [
              88.228591,
              27.966279,
              0.0
            ],
            [
              88.228353,
              27.965866,
              0.0
            ],
            [
              88.22794,
              27.965558,
              0.0
            ],
            [
              88.22776,
              27.965376,
              0.0
            ],
            [
              88.227758,
              27.965136,
              0.0
            ],
            [
              88.227698,
              27.964612,
              0.0
            ],
            [
              88.227478,
              27.964184,
              0.0
            ],
            [
              88.227151,
              27.963805,
              0.0
            ],
            [
              88.226771,
              27.963474,
              0.0
            ],
            [
              88.226444,
              27.963094,
              0.0
            ],
            [
              88.226116,
              27.962715,
              0.0
            ],
            [
              88.225683,
              27.962432,
              0.0
            ],
            [
              88.225249,
              27.96215,
              0.0
            ],
            [
              88.225213,
              27.962106,
              0.0
            ],
            [
              88.224975,
              27.961693,
              0.0
            ],
            [
              88.224562,
              27.961385,
              0.0
            ],
            [
              88.224092,
              27.96113,
              0.0
            ],
            [
              88.223622,
              27.960927,
              0.0
            ],
            [
              88.223096,
              27.960931,
              0.0
            ],
            [
              88.22257,
              27.960936,
              0.0
            ],
            [
              88.222046,
              27.961148,
              0.0
            ],
            [
              88.2217,
              27.961515,
              0.0
            ],
            [
              88.221627,
              27.961716,
              0.0
            ],
            [
              88.221405,
              27.961828,
              0.0
            ],
            [
              88.221353,
              27.961829,
              0.0
            ],
            [
              88.220652,
              27.961887,
              0.0
            ],
            [
              88.220068,
              27.961944,
              0.0
            ],
            [
              88.219543,
              27.962001,
              0.0
            ],
            [
              88.219017,
              27.962005,
              0.0
            ],
            [
              88.218493,
              27.962166,
              0.0
            ],
            [
              88.218028,
              27.962429,
              0.0
            ],
            [
              88.217564,
              27.962693,
              0.0
            ],
            [
              88.217394,
              27.963161,
              0.0
            ],
            [
              88.217399,
              27.963628,
              0.0
            ],
            [
              88.217431,
              27.963684,
              0.0
            ],
            [
              88.217397,
              27.963714,
              0.0
            ],
            [
              88.216994,
              27.963943,
              0.0
            ],
            [
              88.216529,
              27.964207,
              0.0
            ],
            [
              88.216066,
              27.964626,
              0.0
            ],
            [
              88.215661,
              27.964941,
              0.0
            ],
            [
              88.215666,
              27.965408,
              0.0
            ],
            [
              88.215613,
              27.965875,
              0.0
            ],
            [
              88.215325,
              27.966293,
              0.0
            ],
            [
              88.215096,
              27.96671,
              0.0
            ],
            [
              88.215043,
              27.967178,
              0.0
            ],
            [
              88.21499,
              27.967645,
              0.0
            ],
            [
              88.214644,
              27.968063,
              0.0
            ],
            [
              88.21459,
              27.968531,
              0.0
            ],
            [
              88.214596,
              27.968998,
              0.0
            ],
            [
              88.214836,
              27.969566,
              0.0
            ],
            [
              88.215074,
              27.969979,
              0.0
            ],
            [
              88.215257,
              27.970116,
              0.0
            ],
            [
              88.21528,
              27.970215,
              0.0
            ],
            [
              88.215556,
              27.970785,
              0.0
            ],
            [
              88.215883,
              27.971212,
              0.0
            ],
            [
              88.21621,
              27.971592,
              0.0
            ],
            [
              88.216537,
              27.971971,
              0.0
            ],
            [
              88.216811,
              27.972398,
              0.0
            ],
            [
              88.217061,
              27.972725,
              0.0
            ],
            [
              88.217209,
              27.972762,
              0.0
            ],
            [
              88.217623,
              27.973122,
              0.0
            ],
            [
              88.217697,
              27.973406,
              0.0
            ],
            [
              88.217745,
              27.973588,
              0.0
            ],
            [
              88.217867,
              27.974054,
              0.0
            ],
            [
              88.218105,
              27.974467,
              0.0
            ],
            [
              88.218633,
              27.974618,
              0.0
            ],
            [
              88.21916,
              27.974665,
              0.0
            ],
            [
              88.219405,
              27.974663,
              0.0
            ],
            [
              88.219453,
              27.974766,
              0.0
            ],
            [
              88.219691,
              27.975179,
              0.0
            ],
            [
              88.220104,
              27.975487,
              0.0
            ],
            [
              88.220401,
              27.975899,
              0.0
            ],
            [
              88.220639,
              27.976312,
              0.0
            ],
            [
              88.220995,
              27.976724,
              0.0
            ],
            [
              88.221291,
              27.977137,
              0.0
            ],
            [
              88.221762,
              27.977392,
              0.0
            ],
            [
              88.222291,
              27.977647,
              0.0
            ],
            [
              88.222576,
              27.977698,
              0.0
            ],
            [
              88.2229,
              27.97798,
              0.0
            ],
            [
              88.222953,
              27.97798,
              0.0
            ],
            [
              88.223013,
              27.978457,
              0.0
            ],
            [
              88.223179,
              27.978885,
              0.0
            ],
            [
              88.223184,
              27.979363,
              0.0
            ],
            [
              88.22319,
              27.979841,
              0.0
            ],
            [
              88.223195,
              27.980318,
              0.0
            ],
            [
              88.223254,
              27.980795,
              0.0
            ],
            [
              88.22326,
              27.981273,
              0.0
            ],
            [
              88.223265,
              27.98175,
              0.0
            ],
            [
              88.223217,
              27.982229,
              0.0
            ],
            [
              88.223168,
              27.982707,
              0.0
            ],
            [
              88.223335,
              27.983183,
              0.0
            ],
            [
              88.223822,
              27.983417,
              0.0
            ],
            [
              88.224308,
              27.983556,
              0.0
            ],
            [
              88.224789,
              27.983313,
              0.0
            ],
            [
              88.225053,
              27.982881,
              0.0
            ],
            [
              88.225317,
              27.982449,
              0.0
            ],
            [
              88.225528,
              27.982017,
              0.0
            ],
            [
              88.225738,
              27.981585,
              0.0
            ],
            [
              88.225786,
              27.981107,
              0.0
            ],
            [
              88.225889,
              27.980629,
              0.0
            ],
            [
              88.226045,
              27.980197,
              0.0
            ],
            [
              88.226201,
              27.979718,
              0.0
            ],
            [
              88.226358,
              27.979287,
              0.0
            ],
            [
              88.226459,
              27.978761,
              0.0
            ],
            [
              88.226616,
              27.978329,
              0.0
            ],
            [
              88.226772,
              27.977898,
              0.0
            ],
            [
              88.226929,
              27.977467,
              0.0
            ],
            [
              88.227085,
              27.977036,
              0.0
            ],
            [
              88.227241,
              27.976557,
              0.0
            ],
            [
              88.227344,
              27.976078,
              0.0
            ],
            [
              88.2275,
              27.975599,
              0.0
            ],
            [
              88.227656,
              27.97512,
              0.0
            ],
            [
              88.227758,
              27.974641,
              0.0
            ],
            [
              88.227914,
              27.97421,
              0.0
            ],
            [
              88.227945,
              27.973904,
              0.0
            ],
            [
              88.228033,
              27.973704,
              0.0
            ]
          ],
          [
            [
              88.223523,
              27.974297,
              0.0
            ],
            [
              88.223411,
              27.974009,
              0.0
            ],
            [
              88.223405,
              27.973537,
              0.0
            ],
            [
              88.223135,
              27.973147,
              0.0
            ],
            [
              88.223046,
              27.972916,
              0.0
            ],
            [
              88.22338,
              27.972913,
              0.0
            ],
            [
              88.223753,
              27.972576,
              0.0
            ],
            [
              88.224072,
              27.972191,
              0.0
            ],
            [
              88.224336,
              27.971758,
              0.0
            ],
            [
              88.22439,
              27.971758,
              0.0
            ],
            [
              88.224795,
              27.971658,
              0.0
            ],
            [
              88.2248,
              27.972124,
              0.0
            ],
            [
              88.224806,
              27.972643,
              0.0
            ],
            [
              88.224811,
              27.97311,
              0.0
            ],
            [
              88.224817,
              27.973577,
              0.0
            ],
            [
              88.224822,
              27.974044,
              0.0
            ],
            [
              88.224823,
              27.974154,
              0.0
            ],
            [
              88.224365,
              27.974385,
              0.0
            ],
            [
              88.223826,
              27.974294,
              0.0
            ],
            [
              88.223523,
              27.974297,
              0.0
            ]
          ]
        ]
      }
    },
    {
      "type": "Feature",
      "properties": {
        "rgi_id": "RGI2000-v7.0-G-15-07642",
        "lake_cat": 3,
        "image_id": "LE07_L2SP_139041_20011026_20200917_02_T1",
        "image_date": "2001-10-26",
        "inventory_doi": "https://doi.org/10.5194/essd-12-2169-2020",
        "contributor": "22.0",
        "source": "GLIMS-RGI lake_terminating dataset; RGI v7 Region 15",
        "source_url": "https://github.com/GLIMS-RGI/lake_terminating"
      },
      "geometry": {
        "type": "Polygon",
        "coordinates": [
          [
            [
              88.253518,
              27.944581,
              0.0
            ],
            [
              88.253081,
              27.944683,
              0.0
            ],
            [
              88.25246,
              27.944827,
              0.0
            ],
            [
              88.251995,
              27.945038,
              0.0
            ],
            [
              88.251609,
              27.945388,
              0.0
            ],
            [
              88.251224,
              27.945806,
              0.0
            ],
            [
              88.250761,
              27.946157,
              0.0
            ],
            [
              88.250454,
              27.946574,
              0.0
            ],
            [
              88.250147,
              27.946992,
              0.0
            ],
            [
              88.249918,
              27.94741,
              0.0
            ],
            [
              88.249533,
              27.947759,
              0.0
            ],
            [
              88.249147,
              27.948108,
              0.0
            ],
            [
              88.248762,
              27.948458,
              0.0
            ],
            [
              88.248298,
              27.948739,
              0.0
            ],
            [
              88.247833,
              27.948951,
              0.0
            ],
            [
              88.247494,
              27.948997,
              0.0
            ],
            [
              88.247158,
              27.949403,
              0.0
            ],
            [
              88.246988,
              27.949872,
              0.0
            ],
            [
              88.246759,
              27.950289,
              0.0
            ],
            [
              88.246647,
              27.950757,
              0.0
            ],
            [
              88.24636,
              27.951175,
              0.0
            ],
            [
              88.246072,
              27.951593,
              0.0
            ],
            [
              88.245727,
              27.952011,
              0.0
            ],
            [
              88.24538,
              27.952377,
              0.0
            ],
            [
              88.245034,
              27.952744,
              0.0
            ],
            [
              88.244805,
              27.953161,
              0.0
            ],
            [
              88.244459,
              27.953579,
              0.0
            ],
            [
              88.244113,
              27.953997,
              0.0
            ],
            [
              88.244177,
              27.954464,
              0.0
            ],
            [
              88.244299,
              27.95493,
              0.0
            ],
            [
              88.244827,
              27.955081,
              0.0
            ],
            [
              88.245104,
              27.955287,
              0.0
            ],
            [
              88.245062,
              27.955425,
              0.0
            ],
            [
              88.245067,
              27.955897,
              0.0
            ],
            [
              88.24525,
              27.956445,
              0.0
            ],
            [
              88.245609,
              27.956835,
              0.0
            ],
            [
              88.246142,
              27.956987,
              0.0
            ],
            [
              88.246197,
              27.956987,
              0.0
            ],
            [
              88.246426,
              27.957097,
              0.0
            ],
            [
              88.246602,
              27.957182,
              0.0
            ],
            [
              88.246983,
              27.95756,
              0.0
            ],
            [
              88.247096,
              27.958037,
              0.0
            ],
            [
              88.247102,
              27.958514,
              0.0
            ],
            [
              88.247107,
              27.958951,
              0.0
            ],
            [
              88.247107,
              27.958992,
              0.0
            ],
            [
              88.247068,
              27.959175,
              0.0
            ],
            [
              88.24692,
              27.959265,
              0.0
            ],
            [
              88.246399,
              27.959633,
              0.0
            ],
            [
              88.245934,
              27.959896,
              0.0
            ],
            [
              88.24547,
              27.96016,
              0.0
            ],
            [
              88.245006,
              27.960527,
              0.0
            ],
            [
              88.244601,
              27.960894,
              0.0
            ],
            [
              88.244314,
              27.961312,
              0.0
            ],
            [
              88.244144,
              27.96178,
              0.0
            ],
            [
              88.243975,
              27.962301,
              0.0
            ],
            [
              88.243747,
              27.962822,
              0.0
            ],
            [
              88.243577,
              27.96329,
              0.0
            ],
            [
              88.243583,
              27.963809,
              0.0
            ],
            [
              88.24353,
              27.964329,
              0.0
            ],
            [
              88.243477,
              27.964796,
              0.0
            ],
            [
              88.243456,
              27.964982,
              0.0
            ],
            [
              88.243411,
              27.965044,
              0.0
            ],
            [
              88.243094,
              27.965524,
              0.0
            ],
            [
              88.242884,
              27.965956,
              0.0
            ],
            [
              88.242835,
              27.966434,
              0.0
            ],
            [
              88.242841,
              27.966912,
              0.0
            ],
            [
              88.243121,
              27.967912,
              0.0
            ],
            [
              88.243122,
              27.96796,
              0.0
            ],
            [
              88.243396,
              27.968435,
              0.0
            ],
            [
              88.243616,
              27.968863,
              0.0
            ],
            [
              88.243783,
              27.969339,
              0.0
            ],
            [
              88.244111,
              27.969766,
              0.0
            ],
            [
              88.244136,
              27.969788,
              0.0
            ],
            [
              88.244239,
              27.970082,
              0.0
            ],
            [
              88.24442,
              27.970547,
              0.0
            ],
            [
              88.244601,
              27.971064,
              0.0
            ],
            [
              88.244898,
              27.971477,
              0.0
            ],
            [
              88.245195,
              27.971889,
              0.0
            ],
            [
              88.24555,
              27.972249,
              0.0
            ],
            [
              88.245847,
              27.972662,
              0.0
            ],
            [
              88.246202,
              27.973022,
              0.0
            ],
            [
              88.246614,
              27.973329,
              0.0
            ],
            [
              88.246969,
              27.973689,
              0.0
            ],
            [
              88.247325,
              27.974101,
              0.0
            ],
            [
              88.247853,
              27.974304,
              0.0
            ],
            [
              88.247976,
              27.974079,
              0.0
            ],
            [
              88.24802,
              27.974102,
              0.0
            ],
            [
              88.248466,
              27.974412,
              0.0
            ],
            [
              88.248906,
              27.974408,
              0.0
            ],
            [
              88.248908,
              27.974554,
              0.0
            ],
            [
              88.248913,
              27.975021,
              0.0
            ],
            [
              88.24892,
              27.975592,
              0.0
            ],
            [
              88.248925,
              27.976059,
              0.0
            ],
            [
              88.248931,
              27.976526,
              0.0
            ],
            [
              88.248936,
              27.976992,
              0.0
            ],
            [
              88.249059,
              27.97751,
              0.0
            ],
            [
              88.249182,
              27.97808,
              0.0
            ],
            [
              88.249305,
              27.978546,
              0.0
            ],
            [
              88.249435,
              27.978881,
              0.0
            ],
            [
              88.24944,
              27.979366,
              0.0
            ],
            [
              88.249391,
              27.979844,
              0.0
            ],
            [
              88.249343,
              27.980322,
              0.0
            ],
            [
              88.249349,
              27.9808,
              0.0
            ],
            [
              88.249301,
              27.981325,
              0.0
            ],
            [
              88.249144,
              27.981757,
              0.0
            ],
            [
              88.24915,
              27.982234,
              0.0
            ],
            [
              88.249155,
              27.982712,
              0.0
            ],
            [
              88.248898,
              27.983717,
              0.0
            ],
            [
              88.248899,
              27.983765,
              0.0
            ],
            [
              88.248743,
              27.984244,
              0.0
            ],
            [
              88.248425,
              27.984677,
              0.0
            ],
            [
              88.248268,
              27.985108,
              0.0
            ],
            [
              88.248058,
              27.98554,
              0.0
            ],
            [
              88.24774,
              27.985925,
              0.0
            ],
            [
              88.247649,
              27.986112,
              0.0
            ],
            [
              88.247608,
              27.986141,
              0.0
            ],
            [
              88.247347,
              27.986536,
              0.0
            ],
            [
              88.246909,
              27.986933,
              0.0
            ],
            [
              88.24656,
              27.987329,
              0.0
            ],
            [
              88.246299,
              27.987725,
              0.0
            ],
            [
              88.246038,
              27.988199,
              0.0
            ],
            [
              88.245867,
              27.988672,
              0.0
            ],
            [
              88.245606,
              27.989067,
              0.0
            ],
            [
              88.245256,
              27.989463,
              0.0
            ],
            [
              88.244995,
              27.989858,
              0.0
            ],
            [
              88.244735,
              27.990332,
              0.0
            ],
            [
              88.244474,
              27.990728,
              0.0
            ],
            [
              88.244303,
              27.991279,
              0.0
            ],
            [
              88.244043,
              27.991753,
              0.0
            ],
            [
              88.243872,
              27.992305,
              0.0
            ],
            [
              88.243831,
              27.992539,
              0.0
            ],
            [
              88.243781,
              27.9926,
              0.0
            ],
            [
              88.243253,
              27.993512,
              0.0
            ],
            [
              88.243254,
              27.99356,
              0.0
            ],
            [
              88.243206,
              27.994038,
              0.0
            ],
            [
              88.243049,
              27.994469,
              0.0
            ],
            [
              88.242893,
              27.9949,
              0.0
            ],
            [
              88.242736,
              27.995332,
              0.0
            ],
            [
              88.242526,
              27.995764,
              0.0
            ],
            [
              88.242316,
              27.996195,
              0.0
            ],
            [
              88.242105,
              27.996627,
              0.0
            ],
            [
              88.241895,
              27.997059,
              0.0
            ],
            [
              88.241738,
              27.99749,
              0.0
            ],
            [
              88.241582,
              27.997921,
              0.0
            ],
            [
              88.24148,
              27.9984,
              0.0
            ],
            [
              88.241323,
              27.998831,
              0.0
            ],
            [
              88.241275,
              27.999309,
              0.0
            ],
            [
              88.241441,
              27.999738,
              0.0
            ],
            [
              88.241927,
              27.999877,
              0.0
            ],
            [
              88.242465,
              27.999872,
              0.0
            ],
            [
              88.243003,
              27.999867,
              0.0
            ],
            [
              88.243489,
              28.000006,
              0.0
            ],
            [
              88.244027,
              27.999953,
              0.0
            ],
            [
              88.244345,
              27.999568,
              0.0
            ],
            [
              88.244664,
              27.999183,
              0.0
            ],
            [
              88.244982,
              27.998798,
              0.0
            ],
            [
              88.245246,
              27.998366,
              0.0
            ],
            [
              88.245403,
              27.997935,
              0.0
            ],
            [
              88.245559,
              27.997503,
              0.0
            ],
            [
              88.24577,
              27.997072,
              0.0
            ],
            [
              88.245926,
              27.99664,
              0.0
            ],
            [
              88.246082,
              27.996209,
              0.0
            ],
            [
              88.246347,
              27.995777,
              0.0
            ],
            [
              88.246665,
              27.995392,
              0.0
            ],
            [
              88.246928,
              27.994912,
              0.0
            ],
            [
              88.2473,
              27.994478,
              0.0
            ],
            [
              88.247457,
              27.994047,
              0.0
            ],
            [
              88.247775,
              27.993662,
              0.0
            ],
            [
              88.247985,
              27.99323,
              0.0
            ],
            [
              88.248249,
              27.992798,
              0.0
            ],
            [
              88.248405,
              27.992319,
              0.0
            ],
            [
              88.248669,
              27.991887,
              0.0
            ],
            [
              88.249466,
              27.990972,
              0.0
            ],
            [
              88.249465,
              27.990877,
              0.0
            ],
            [
              88.249728,
              27.990397,
              0.0
            ],
            [
              88.249992,
              27.989964,
              0.0
            ],
            [
              88.250311,
              27.989579,
              0.0
            ],
            [
              88.250521,
              27.989147,
              0.0
            ],
            [
              88.250731,
              27.988716,
              0.0
            ],
            [
              88.25105,
              27.988331,
              0.0
            ],
            [
              88.251901,
              27.987463,
              0.0
            ],
            [
              88.251899,
              27.987368,
              0.0
            ],
            [
              88.252163,
              27.986935,
              0.0
            ],
            [
              88.252481,
              27.986503,
              0.0
            ],
            [
              88.252799,
              27.98607,
              0.0
            ],
            [
              88.252956,
              27.985639,
              0.0
            ],
            [
              88.253166,
              27.985207,
              0.0
            ],
            [
              88.253376,
              27.984775,
              0.0
            ],
            [
              88.253424,
              27.984297,
              0.0
            ],
            [
              88.253894,
              27.983003,
              0.0
            ],
            [
              88.253947,
              27.983003,
              0.0
            ],
            [
              88.253995,
              27.982477,
              0.0
            ],
            [
              88.254205,
              27.981997,
              0.0
            ],
            [
              88.254307,
              27.981519,
              0.0
            ],
            [
              88.254409,
              27.98104,
              0.0
            ],
            [
              88.254511,
              27.980562,
              0.0
            ],
            [
              88.254505,
              27.980084,
              0.0
            ],
            [
              88.2545,
              27.979606,
              0.0
            ],
            [
              88.254494,
              27.979129,
              0.0
            ],
            [
              88.254481,
              27.977935,
              0.0
            ],
            [
              88.254479,
              27.977792,
              0.0
            ],
            [
              88.254527,
              27.977313,
              0.0
            ],
            [
              88.254575,
              27.976835,
              0.0
            ],
            [
              88.254624,
              27.976357,
              0.0
            ],
            [
              88.254618,
              27.97588,
              0.0
            ],
            [
              88.254613,
              27.975402,
              0.0
            ],
            [
              88.254607,
              27.974925,
              0.0
            ],
            [
              88.25481,
              27.973872,
              0.0
            ],
            [
              88.254864,
              27.973871,
              0.0
            ],
            [
              88.255074,
              27.97344,
              0.0
            ],
            [
              88.255338,
              27.973007,
              0.0
            ],
            [
              88.255495,
              27.972576,
              0.0
            ],
            [
              88.255543,
              27.972098,
              0.0
            ],
            [
              88.255753,
              27.971666,
              0.0
            ],
            [
              88.255963,
              27.971234,
              0.0
            ],
            [
              88.256173,
              27.970803,
              0.0
            ],
            [
              88.256546,
              27.970465,
              0.0
            ],
            [
              88.257454,
              27.969883,
              0.0
            ],
            [
              88.257507,
              27.969787,
              0.0
            ],
            [
              88.257738,
              27.969847,
              0.0
            ],
            [
              88.257797,
              27.969959,
              0.0
            ],
            [
              88.258036,
              27.970423,
              0.0
            ],
            [
              88.258042,
              27.97089,
              0.0
            ],
            [
              88.25793,
              27.971358,
              0.0
            ],
            [
              88.257936,
              27.971825,
              0.0
            ],
            [
              88.257883,
              27.972293,
              0.0
            ],
            [
              88.257595,
              27.972711,
              0.0
            ],
            [
              88.257308,
              27.97318,
              0.0
            ],
            [
              88.257079,
              27.973597,
              0.0
            ],
            [
              88.25691,
              27.974066,
              0.0
            ],
            [
              88.256857,
              27.974533,
              0.0
            ],
            [
              88.256862,
              27.975,
              0.0
            ],
            [
              88.256926,
              27.975467,
              0.0
            ],
            [
              88.257339,
              27.975826,
              0.0
            ],
            [
              88.258041,
              27.975872,
              0.0
            ],
            [
              88.25829,
              27.975814,
              0.0
            ],
            [
              88.258653,
              27.975843,
              0.0
            ],
            [
              88.259192,
              27.975933,
              0.0
            ],
            [
              88.259444,
              27.975931,
              0.0
            ],
            [
              88.259445,
              27.976006,
              0.0
            ],
            [
              88.259989,
              27.975819,
              0.0
            ],
            [
              88.260689,
              27.975744,
              0.0
            ],
            [
              88.261234,
              27.97567,
              0.0
            ],
            [
              88.262011,
              27.975455,
              0.0
            ],
            [
              88.262632,
              27.975311,
              0.0
            ],
            [
              88.263408,
              27.975027,
              0.0
            ],
            [
              88.263953,
              27.974953,
              0.0
            ],
            [
              88.264053,
              27.974914,
              0.0
            ],
            [
              88.264103,
              27.974467,
              0.0
            ],
            [
              88.264098,
              27.974,
              0.0
            ],
            [
              88.26415,
              27.973481,
              0.0
            ],
            [
              88.264203,
              27.973013,
              0.0
            ],
            [
              88.264256,
              27.972546,
              0.0
            ],
            [
              88.264368,
              27.972078,
              0.0
            ],
            [
              88.264362,
              27.971611,
              0.0
            ],
            [
              88.264357,
              27.971144,
              0.0
            ],
            [
              88.263944,
              27.970836,
              0.0
            ],
            [
              88.263647,
              27.970424,
              0.0
            ],
            [
              88.263641,
              27.969905,
              0.0
            ],
            [
              88.263681,
              27.969736,
              0.0
            ],
            [
              88.263929,
              27.969539,
              0.0
            ],
            [
              88.264216,
              27.969121,
              0.0
            ],
            [
              88.264332,
              27.969017,
              0.0
            ],
            [
              88.264388,
              27.96886,
              0.0
            ],
            [
              88.264676,
              27.968443,
              0.0
            ],
            [
              88.264904,
              27.967974,
              0.0
            ],
            [
              88.264957,
              27.967506,
              0.0
            ],
            [
              88.26501,
              27.967039,
              0.0
            ],
            [
              88.265062,
              27.966519,
              0.0
            ],
            [
              88.265232,
              27.965999,
              0.0
            ],
            [
              88.26546,
              27.96553,
              0.0
            ],
            [
              88.265645,
              27.965159,
              0.0
            ],
            [
              88.265685,
              27.964801,
              0.0
            ],
            [
              88.265797,
              27.964333,
              0.0
            ],
            [
              88.265792,
              27.963895,
              0.0
            ],
            [
              88.265909,
              27.963905,
              0.0
            ],
            [
              88.265768,
              27.963662,
              0.0
            ],
            [
              88.265762,
              27.963177,
              0.0
            ],
            [
              88.265761,
              27.963033,
              0.0
            ],
            [
              88.265757,
              27.962693,
              0.0
            ],
            [
              88.265907,
              27.962207,
              0.0
            ],
            [
              88.265979,
              27.961723,
              0.0
            ],
            [
              88.266129,
              27.961237,
              0.0
            ],
            [
              88.266124,
              27.960753,
              0.0
            ],
            [
              88.266196,
              27.960268,
              0.0
            ],
            [
              88.26619,
              27.959783,
              0.0
            ],
            [
              88.266185,
              27.959299,
              0.0
            ],
            [
              88.266179,
              27.958815,
              0.0
            ],
            [
              88.266251,
              27.95833,
              0.0
            ],
            [
              88.266246,
              27.957898,
              0.0
            ],
            [
              88.26578,
              27.957762,
              0.0
            ],
            [
              88.265246,
              27.957531,
              0.0
            ],
            [
              88.264801,
              27.9573,
              0.0
            ],
            [
              88.264355,
              27.957068,
              0.0
            ],
            [
              88.26391,
              27.956836,
              0.0
            ],
            [
              88.26364,
              27.956446,
              0.0
            ],
            [
              88.263635,
              27.955975,
              0.0
            ],
            [
              88.263684,
              27.955694,
              0.0
            ],
            [
              88.263307,
              27.955421,
              0.0
            ],
            [
              88.263435,
              27.954948,
              0.0
            ],
            [
              88.263433,
              27.954836,
              0.0
            ],
            [
              88.263429,
              27.954477,
              0.0
            ],
            [
              88.263424,
              27.954005,
              0.0
            ],
            [
              88.262891,
              27.953833,
              0.0
            ],
            [
              88.262359,
              27.953779,
              0.0
            ],
            [
              88.262088,
              27.953755,
              0.0
            ],
            [
              88.262046,
              27.953419,
              0.0
            ],
            [
              88.261983,
              27.952952,
              0.0
            ],
            [
              88.261919,
              27.952486,
              0.0
            ],
            [
              88.261855,
              27.95202,
              0.0
            ],
            [
              88.261849,
              27.951553,
              0.0
            ],
            [
              88.261786,
              27.951086,
              0.0
            ],
            [
              88.261722,
              27.95062,
              0.0
            ],
            [
              88.261716,
              27.950153,
              0.0
            ],
            [
              88.261478,
              27.94974,
              0.0
            ],
            [
              88.261181,
              27.949328,
              0.0
            ],
            [
              88.260983,
              27.948943,
              0.0
            ],
            [
              88.261246,
              27.948452,
              0.0
            ],
            [
              88.261685,
              27.948134,
              0.0
            ],
            [
              88.262125,
              27.947894,
              0.0
            ],
            [
              88.262385,
              27.947499,
              0.0
            ],
            [
              88.262556,
              27.946947,
              0.0
            ],
            [
              88.262551,
              27.946475,
              0.0
            ],
            [
              88.262545,
              27.946004,
              0.0
            ],
            [
              88.262186,
              27.945536,
              0.0
            ],
            [
              88.26174,
              27.945225,
              0.0
            ],
            [
              88.261209,
              27.94523,
              0.0
            ],
            [
              88.260589,
              27.945236,
              0.0
            ],
            [
              88.25997,
              27.945242,
              0.0
            ],
            [
              88.25944,
              27.945325,
              0.0
            ],
            [
              88.25891,
              27.945409,
              0.0
            ],
            [
              88.258202,
              27.945415,
              0.0
            ],
            [
              88.257672,
              27.945498,
              0.0
            ],
            [
              88.257142,
              27.945582,
              0.0
            ],
            [
              88.256525,
              27.945823,
              0.0
            ],
            [
              88.256417,
              27.945866,
              0.0
            ],
            [
              88.255126,
              27.945354,
              0.0
            ],
            [
              88.25464,
              27.945168,
              0.0
            ],
            [
              88.254153,
              27.944981,
              0.0
            ],
            [
              88.25372,
              27.944698,
              0.0
            ],
            [
              88.253518,
              27.944581,
              0.0
            ]
          ],
          [
            [
              88.248359,
              27.969632,
              0.0
            ],
            [
              88.248579,
              27.97006,
              0.0
            ],
            [
              88.248746,
              27.970488,
              0.0
            ],
            [
              88.248751,
              27.970966,
              0.0
            ],
            [
              88.248864,
              27.971442,
              0.0
            ],
            [
              88.248977,
              27.971919,
              0.0
            ],
            [
              88.249057,
              27.972254,
              0.0
            ],
            [
              88.24906,
              27.972529,
              0.0
            ],
            [
              88.249015,
              27.972925,
              0.0
            ],
            [
              88.24898,
              27.972915,
              0.0
            ],
            [
              88.248447,
              27.972762,
              0.0
            ],
            [
              88.247949,
              27.972712,
              0.0
            ],
            [
              88.247891,
              27.972488,
              0.0
            ],
            [
              88.247827,
              27.972021,
              0.0
            ],
            [
              88.247763,
              27.971555,
              0.0
            ],
            [
              88.247639,
              27.970985,
              0.0
            ],
            [
              88.247621,
              27.970932,
              0.0
            ],
            [
              88.247617,
              27.970546,
              0.0
            ],
            [
              88.247664,
              27.97002,
              0.0
            ],
            [
              88.247798,
              27.969609,
              0.0
            ],
            [
              88.24782,
              27.969541,
              0.0
            ],
            [
              88.248359,
              27.969632,
              0.0
            ]
          ]
        ]
      }
    },
    {
      "type": "Feature",
      "properties": {
        "rgi_id": "RGI2000-v7.0-G-15-07643",
        "lake_cat": 3,
        "image_id": "LE07_L2SP_139041_20011026_20200917_02_T1",
        "image_date": "2001-10-26",
        "inventory_doi": "https://doi.org/10.5194/essd-12-2169-2020",
        "contributor": "22.0",
        "source": "GLIMS-RGI lake_terminating dataset; RGI v7 Region 15",
        "source_url": "https://github.com/GLIMS-RGI/lake_terminating"
      },
      "geometry": {
        "type": "Polygon",
        "coordinates": [
          [
            [
              88.282458,
              27.977361,
              0.0
            ],
            [
              88.28254,
              27.97721,
              0.0
            ],
            [
              88.282801,
              27.976815,
              0.0
            ],
            [
              88.283061,
              27.976341,
              0.0
            ],
            [
              88.283321,
              27.975867,
              0.0
            ],
            [
              88.283847,
              27.975469,
              0.0
            ],
            [
              88.284285,
              27.975072,
              0.0
            ],
            [
              88.284396,
              27.974992,
              0.0
            ],
            [
              88.284348,
              27.974683,
              0.0
            ],
            [
              88.284343,
              27.974211,
              0.0
            ],
            [
              88.284337,
              27.973681,
              0.0
            ],
            [
              88.284331,
              27.97321,
              0.0
            ],
            [
              88.284324,
              27.97262,
              0.0
            ],
            [
              88.284318,
              27.97209,
              0.0
            ],
            [
              88.284312,
              27.971618,
              0.0
            ],
            [
              88.284241,
              27.971456,
              0.0
            ],
            [
              88.284348,
              27.971374,
              0.0
            ],
            [
              88.284517,
              27.970905,
              0.0
            ],
            [
              88.284687,
              27.970437,
              0.0
            ],
            [
              88.284798,
              27.969969,
              0.0
            ],
            [
              88.284851,
              27.969501,
              0.0
            ],
            [
              88.284864,
              27.969373,
              0.0
            ],
            [
              88.285103,
              27.969371,
              0.0
            ],
            [
              88.2851,
              27.969092,
              0.0
            ],
            [
              88.285181,
              27.968462,
              0.0
            ],
            [
              88.285175,
              27.967991,
              0.0
            ],
            [
              88.28517,
              27.967519,
              0.0
            ],
            [
              88.285341,
              27.967046,
              0.0
            ],
            [
              88.285396,
              27.966731,
              0.0
            ],
            [
              88.285424,
              27.966574,
              0.0
            ],
            [
              88.285154,
              27.966184,
              0.0
            ],
            [
              88.284884,
              27.965793,
              0.0
            ],
            [
              88.284613,
              27.965403,
              0.0
            ],
            [
              88.284343,
              27.965012,
              0.0
            ],
            [
              88.284073,
              27.964622,
              0.0
            ],
            [
              88.283627,
              27.964312,
              0.0
            ],
            [
              88.283357,
              27.963921,
              0.0
            ],
            [
              88.282997,
              27.963453,
              0.0
            ],
            [
              88.282727,
              27.963063,
              0.0
            ],
            [
              88.282544,
              27.962593,
              0.0
            ],
            [
              88.282273,
              27.962124,
              0.0
            ],
            [
              88.282003,
              27.961734,
              0.0
            ],
            [
              88.281733,
              27.961343,
              0.0
            ],
            [
              88.281551,
              27.960873,
              0.0
            ],
            [
              88.281368,
              27.960404,
              0.0
            ],
            [
              88.281274,
              27.959933,
              0.0
            ],
            [
              88.281273,
              27.959815,
              0.0
            ],
            [
              88.281207,
              27.959882,
              0.0
            ],
            [
              88.281109,
              27.959469,
              0.0
            ],
            [
              88.280986,
              27.9589,
              0.0
            ],
            [
              88.280805,
              27.958435,
              0.0
            ],
            [
              88.280683,
              27.957969,
              0.0
            ],
            [
              88.280652,
              27.957938,
              0.0
            ],
            [
              88.280826,
              27.95778,
              0.0
            ],
            [
              88.280909,
              27.957308,
              0.0
            ],
            [
              88.281169,
              27.956913,
              0.0
            ],
            [
              88.28143,
              27.956517,
              0.0
            ],
            [
              88.28169,
              27.956043,
              0.0
            ],
            [
              88.281862,
              27.95557,
              0.0
            ],
            [
              88.281856,
              27.955099,
              0.0
            ],
            [
              88.281326,
              27.955182,
              0.0
            ],
            [
              88.280708,
              27.955345,
              0.0
            ],
            [
              88.280448,
              27.955741,
              0.0
            ],
            [
              88.280009,
              27.956059,
              0.0
            ],
            [
              88.2798,
              27.956123,
              0.0
            ],
            [
              88.279743,
              27.956061,
              0.0
            ],
            [
              88.279384,
              27.955593,
              0.0
            ],
            [
              88.279114,
              27.955203,
              0.0
            ],
            [
              88.278931,
              27.954733,
              0.0
            ],
            [
              88.278399,
              27.954659,
              0.0
            ],
            [
              88.27778,
              27.954665,
              0.0
            ],
            [
              88.277162,
              27.954828,
              0.0
            ],
            [
              88.276633,
              27.95499,
              0.0
            ],
            [
              88.276434,
              27.955171,
              0.0
            ],
            [
              88.276034,
              27.95521,
              0.0
            ],
            [
              88.275334,
              27.955372,
              0.0
            ],
            [
              88.275069,
              27.955453,
              0.0
            ],
            [
              88.274864,
              27.955169,
              0.0
            ],
            [
              88.274836,
              27.955149,
              0.0
            ],
            [
              88.274552,
              27.955278,
              0.0
            ],
            [
              88.274089,
              27.955629,
              0.0
            ],
            [
              88.273545,
              27.955772,
              0.0
            ],
            [
              88.273001,
              27.955846,
              0.0
            ],
            [
              88.272457,
              27.95599,
              0.0
            ],
            [
              88.271835,
              27.956134,
              0.0
            ],
            [
              88.271213,
              27.956209,
              0.0
            ],
            [
              88.270668,
              27.956214,
              0.0
            ],
            [
              88.270203,
              27.956426,
              0.0
            ],
            [
              88.269659,
              27.956569,
              0.0
            ],
            [
              88.269194,
              27.956781,
              0.0
            ],
            [
              88.268729,
              27.956993,
              0.0
            ],
            [
              88.268185,
              27.957136,
              0.0
            ],
            [
              88.26772,
              27.957348,
              0.0
            ],
            [
              88.267255,
              27.95756,
              0.0
            ],
            [
              88.26679,
              27.957771,
              0.0
            ],
            [
              88.26625,
              27.957897,
              0.0
            ],
            [
              88.266251,
              27.95833,
              0.0
            ],
            [
              88.266179,
              27.958815,
              0.0
            ],
            [
              88.266185,
              27.959299,
              0.0
            ],
            [
              88.26619,
              27.959783,
              0.0
            ],
            [
              88.266196,
              27.960268,
              0.0
            ],
            [
              88.266124,
              27.960753,
              0.0
            ],
            [
              88.266129,
              27.961237,
              0.0
            ],
            [
              88.265979,
              27.961723,
              0.0
            ],
            [
              88.265907,
              27.962207,
              0.0
            ],
            [
              88.265757,
              27.962693,
              0.0
            ],
            [
              88.265761,
              27.963033,
              0.0
            ],
            [
              88.266221,
              27.963063,
              0.0
            ],
            [
              88.266754,
              27.963176,
              0.0
            ],
            [
              88.267221,
              27.963407,
              0.0
            ],
            [
              88.267491,
              27.963817,
              0.0
            ],
            [
              88.267696,
              27.964287,
              0.0
            ],
            [
              88.267791,
              27.96437,
              0.0
            ],
            [
              88.268098,
              27.964637,
              0.0
            ],
            [
              88.268316,
              27.964864,
              0.0
            ],
            [
              88.268268,
              27.96539,
              0.0
            ],
            [
              88.26822,
              27.965868,
              0.0
            ],
            [
              88.268226,
              27.966346,
              0.0
            ],
            [
              88.268178,
              27.966871,
              0.0
            ],
            [
              88.268184,
              27.967349,
              0.0
            ],
            [
              88.268189,
              27.967827,
              0.0
            ],
            [
              88.268087,
              27.968305,
              0.0
            ],
            [
              88.268093,
              27.968783,
              0.0
            ],
            [
              88.268098,
              27.96926,
              0.0
            ],
            [
              88.267997,
              27.969787,
              0.0
            ],
            [
              88.268003,
              27.970264,
              0.0
            ],
            [
              88.268008,
              27.970742,
              0.0
            ],
            [
              88.267967,
              27.971793,
              0.0
            ],
            [
              88.267967,
              27.971841,
              0.0
            ],
            [
              88.267973,
              27.972318,
              0.0
            ],
            [
              88.268032,
              27.972795,
              0.0
            ],
            [
              88.268038,
              27.973273,
              0.0
            ],
            [
              88.268151,
              27.97375,
              0.0
            ],
            [
              88.268264,
              27.974226,
              0.0
            ],
            [
              88.268324,
              27.974751,
              0.0
            ],
            [
              88.268383,
              27.975228,
              0.0
            ],
            [
              88.268443,
              27.975705,
              0.0
            ],
            [
              88.268502,
              27.976182,
              0.0
            ],
            [
              88.268562,
              27.976659,
              0.0
            ],
            [
              88.268567,
              27.977137,
              0.0
            ],
            [
              88.268573,
              27.977615,
              0.0
            ],
            [
              88.268578,
              27.978092,
              0.0
            ],
            [
              88.26853,
              27.97857,
              0.0
            ],
            [
              88.268431,
              27.979335,
              0.0
            ],
            [
              88.268378,
              27.979336,
              0.0
            ],
            [
              88.268221,
              27.979767,
              0.0
            ],
            [
              88.267957,
              27.980199,
              0.0
            ],
            [
              88.267802,
              27.980678,
              0.0
            ],
            [
              88.267645,
              27.98111,
              0.0
            ],
            [
              88.267489,
              27.981541,
              0.0
            ],
            [
              88.267225,
              27.981973,
              0.0
            ],
            [
              88.267015,
              27.982405,
              0.0
            ],
            [
              88.266858,
              27.982836,
              0.0
            ],
            [
              88.266702,
              27.983268,
              0.0
            ],
            [
              88.266546,
              27.983699,
              0.0
            ],
            [
              88.266227,
              27.984084,
              0.0
            ],
            [
              88.265963,
              27.984516,
              0.0
            ],
            [
              88.265699,
              27.984949,
              0.0
            ],
            [
              88.265435,
              27.985381,
              0.0
            ],
            [
              88.265171,
              27.985813,
              0.0
            ],
            [
              88.265056,
              27.986131,
              0.0
            ],
            [
              88.264861,
              27.986232,
              0.0
            ],
            [
              88.264601,
              27.986647,
              0.0
            ],
            [
              88.264273,
              27.987004,
              0.0
            ],
            [
              88.264013,
              27.987478,
              0.0
            ],
            [
              88.263686,
              27.987894,
              0.0
            ],
            [
              88.263425,
              27.988309,
              0.0
            ],
            [
              88.263231,
              27.988782,
              0.0
            ],
            [
              88.263038,
              27.989255,
              0.0
            ],
            [
              88.26271,
              27.989671,
              0.0
            ],
            [
              88.262517,
              27.990144,
              0.0
            ],
            [
              88.262256,
              27.990559,
              0.0
            ],
            [
              88.262062,
              27.991032,
              0.0
            ],
            [
              88.261869,
              27.991506,
              0.0
            ],
            [
              88.261609,
              27.991979,
              0.0
            ],
            [
              88.261481,
              27.992452,
              0.0
            ],
            [
              88.261221,
              27.992926,
              0.0
            ],
            [
              88.261094,
              27.993399,
              0.0
            ],
            [
              88.260967,
              27.99393,
              0.0
            ],
            [
              88.260906,
              27.994402,
              0.0
            ],
            [
              88.260912,
              27.994874,
              0.0
            ],
            [
              88.260917,
              27.995345,
              0.0
            ],
            [
              88.261056,
              27.995816,
              0.0
            ],
            [
              88.261194,
              27.996286,
              0.0
            ],
            [
              88.261399,
              27.996756,
              0.0
            ],
            [
              88.261537,
              27.997226,
              0.0
            ],
            [
              88.261597,
              27.997664,
              0.0
            ],
            [
              88.261602,
              27.998073,
              0.0
            ],
            [
              88.261553,
              27.998552,
              0.0
            ],
            [
              88.261559,
              27.999029,
              0.0
            ],
            [
              88.261511,
              27.999507,
              0.0
            ],
            [
              88.261354,
              27.999938,
              0.0
            ],
            [
              88.261144,
              28.00037,
              0.0
            ],
            [
              88.260988,
              28.000802,
              0.0
            ],
            [
              88.26096,
              28.000876,
              0.0
            ],
            [
              88.26072,
              28.001182,
              0.0
            ],
            [
              88.260392,
              28.001598,
              0.0
            ],
            [
              88.260065,
              28.002013,
              0.0
            ],
            [
              88.259805,
              28.002487,
              0.0
            ],
            [
              88.259611,
              28.002961,
              0.0
            ],
            [
              88.259351,
              28.003435,
              0.0
            ],
            [
              88.259091,
              28.00385,
              0.0
            ],
            [
              88.25883,
              28.004323,
              0.0
            ],
            [
              88.258637,
              28.004856,
              0.0
            ],
            [
              88.258511,
              28.005387,
              0.0
            ],
            [
              88.25845,
              28.005859,
              0.0
            ],
            [
              88.258389,
              28.006331,
              0.0
            ],
            [
              88.258791,
              28.006681,
              0.0
            ],
            [
              88.259323,
              28.006735,
              0.0
            ],
            [
              88.259855,
              28.006731,
              0.0
            ],
            [
              88.260386,
              28.006785,
              0.0
            ],
            [
              88.260918,
              28.006839,
              0.0
            ],
            [
              88.261449,
              28.006775,
              0.0
            ],
            [
              88.26191,
              28.006476,
              0.0
            ],
            [
              88.262104,
              28.006003,
              0.0
            ],
            [
              88.262185,
              28.005701,
              0.0
            ],
            [
              88.262281,
              28.005614,
              0.0
            ],
            [
              88.262545,
              28.005181,
              0.0
            ],
            [
              88.262864,
              28.004796,
              0.0
            ],
            [
              88.263074,
              28.004365,
              0.0
            ],
            [
              88.26323,
              28.003933,
              0.0
            ],
            [
              88.263494,
              28.003501,
              0.0
            ],
            [
              88.263597,
              28.003023,
              0.0
            ],
            [
              88.263806,
              28.002543,
              0.0
            ],
            [
              88.264016,
              28.002111,
              0.0
            ],
            [
              88.264334,
              28.001678,
              0.0
            ],
            [
              88.264491,
              28.001247,
              0.0
            ],
            [
              88.264701,
              28.000815,
              0.0
            ],
            [
              88.264911,
              28.000383,
              0.0
            ],
            [
              88.265067,
              27.999952,
              0.0
            ],
            [
              88.265224,
              27.999521,
              0.0
            ],
            [
              88.265488,
              27.999089,
              0.0
            ],
            [
              88.265526,
              27.998971,
              0.0
            ],
            [
              88.265541,
              27.998957,
              0.0
            ],
            [
              88.265802,
              27.998542,
              0.0
            ],
            [
              88.266063,
              27.998127,
              0.0
            ],
            [
              88.266256,
              27.997595,
              0.0
            ],
            [
              88.266383,
              27.997122,
              0.0
            ],
            [
              88.26651,
              27.99665,
              0.0
            ],
            [
              88.266571,
              27.996119,
              0.0
            ],
            [
              88.266698,
              27.995646,
              0.0
            ],
            [
              88.266759,
              27.995174,
              0.0
            ],
            [
              88.266886,
              27.994701,
              0.0
            ],
            [
              88.26708,
              27.994228,
              0.0
            ],
            [
              88.267207,
              27.993755,
              0.0
            ],
            [
              88.267534,
              27.99334,
              0.0
            ],
            [
              88.267794,
              27.992866,
              0.0
            ],
            [
              88.26812,
              27.992332,
              0.0
            ],
            [
              88.268314,
              27.991859,
              0.0
            ],
            [
              88.268441,
              27.991386,
              0.0
            ],
            [
              88.268634,
              27.990854,
              0.0
            ],
            [
              88.268638,
              27.990823,
              0.0
            ],
            [
              88.268779,
              27.990652,
              0.0
            ],
            [
              88.269252,
              27.989645,
              0.0
            ],
            [
              88.269251,
              27.989597,
              0.0
            ],
            [
              88.269569,
              27.989212,
              0.0
            ],
            [
              88.269888,
              27.988827,
              0.0
            ],
            [
              88.270206,
              27.988442,
              0.0
            ],
            [
              88.270524,
              27.988057,
              0.0
            ],
            [
              88.270843,
              27.987672,
              0.0
            ],
            [
              88.271215,
              27.987286,
              0.0
            ],
            [
              88.271533,
              27.986901,
              0.0
            ],
            [
              88.27169,
              27.98647,
              0.0
            ],
            [
              88.271846,
              27.986038,
              0.0
            ],
            [
              88.272056,
              27.985607,
              0.0
            ],
            [
              88.272266,
              27.985175,
              0.0
            ],
            [
              88.272584,
              27.98479,
              0.0
            ],
            [
              88.272848,
              27.98431,
              0.0
            ],
            [
              88.273058,
              27.983878,
              0.0
            ],
            [
              88.27343,
              27.983492,
              0.0
            ],
            [
              88.273748,
              27.983059,
              0.0
            ],
            [
              88.274066,
              27.982674,
              0.0
            ],
            [
              88.274439,
              27.982337,
              0.0
            ],
            [
              88.274973,
              27.982045,
              0.0
            ],
            [
              88.275292,
              27.98166,
              0.0
            ],
            [
              88.275556,
              27.981228,
              0.0
            ],
            [
              88.27582,
              27.980795,
              0.0
            ],
            [
              88.276347,
              27.979883,
              0.0
            ],
            [
              88.276401,
              27.979882,
              0.0
            ],
            [
              88.276773,
              27.979497,
              0.0
            ],
            [
              88.277145,
              27.979111,
              0.0
            ],
            [
              88.277355,
              27.97868,
              0.0
            ],
            [
              88.277673,
              27.978294,
              0.0
            ],
            [
              88.278046,
              27.977957,
              0.0
            ],
            [
              88.278418,
              27.977619,
              0.0
            ],
            [
              88.278845,
              27.977281,
              0.0
            ],
            [
              88.278869,
              27.977268,
              0.0
            ],
            [
              88.2794,
              27.977322,
              0.0
            ],
            [
              88.279931,
              27.977258,
              0.0
            ],
            [
              88.280258,
              27.976902,
              0.0
            ],
            [
              88.28072,
              27.976662,
              0.0
            ],
            [
              88.281182,
              27.976422,
              0.0
            ],
            [
              88.281518,
              27.976772,
              0.0
            ],
            [
              88.281789,
              27.977182,
              0.0
            ],
            [
              88.282388,
              27.977353,
              0.0
            ],
            [
              88.282458,
              27.977361,
              0.0
            ]
          ],
          [
            [
              88.27828,
              27.972312,
              0.0
            ],
            [
              88.278864,
              27.972255,
              0.0
            ],
            [
              88.279448,
              27.97225,
              0.0
            ],
            [
              88.279656,
              27.972248,
              0.0
            ],
            [
              88.27961,
              27.972605,
              0.0
            ],
            [
              88.279483,
              27.973078,
              0.0
            ],
            [
              88.279223,
              27.973552,
              0.0
            ],
            [
              88.278962,
              27.973967,
              0.0
            ],
            [
              88.278769,
              27.97444,
              0.0
            ],
            [
              88.278575,
              27.974914,
              0.0
            ],
            [
              88.278451,
              27.975374,
              0.0
            ],
            [
              88.278231,
              27.975376,
              0.0
            ],
            [
              88.277849,
              27.974997,
              0.0
            ],
            [
              88.277575,
              27.97457,
              0.0
            ],
            [
              88.27757,
              27.974092,
              0.0
            ],
            [
              88.277505,
              27.973138,
              0.0
            ],
            [
              88.277504,
              27.97309,
              0.0
            ],
            [
              88.277552,
              27.972612,
              0.0
            ],
            [
              88.27755,
              27.972391,
              0.0
            ],
            [
              88.277755,
              27.972369,
              0.0
            ],
            [
              88.27828,
              27.972312,
              0.0
            ]
          ],
          [
            [
              88.267314,
              27.961245,
              0.0
            ],
            [
              88.267776,
              27.961005,
              0.0
            ],
            [
              88.268307,
              27.961059,
              0.0
            ],
            [
              88.268839,
              27.961113,
              0.0
            ],
            [
              88.269109,
              27.961523,
              0.0
            ],
            [
              88.269115,
              27.961995,
              0.0
            ],
            [
              88.269121,
              27.962525,
              0.0
            ],
            [
              88.269124,
              27.962778,
              0.0
            ],
            [
              88.268789,
              27.962528,
              0.0
            ],
            [
              88.268321,
              27.962238,
              0.0
            ],
            [
              88.267919,
              27.961947,
              0.0
            ],
            [
              88.267452,
              27.961716,
              0.0
            ],
            [
              88.267314,
              27.961245,
              0.0
            ]
          ]
        ]
      }
    },
    {
      "type": "Feature",
      "properties": {
        "rgi_id": "RGI2000-v7.0-G-15-07982",
        "lake_cat": 3,
        "image_id": "LE07_L2SP_139041_20011026_20200917_02_T1",
        "image_date": "2001-10-26",
        "inventory_doi": "https://doi.org/10.5194/essd-12-2169-2020",
        "contributor": "22.0",
        "source": "GLIMS-RGI lake_terminating dataset; RGI v7 Region 15",
        "source_url": "https://github.com/GLIMS-RGI/lake_terminating"
      },
      "geometry": {
        "type": "Polygon",
        "coordinates": [
          [
            [
              88.09194,
              27.949798,
              0.0
            ],
            [
              88.093003,
              27.949756,
              0.0
            ],
            [
              88.093804,
              27.949678,
              0.0
            ],
            [
              88.093765,
              27.949572,
              0.0
            ],
            [
              88.094108,
              27.949357,
              0.0
            ],
            [
              88.094401,
              27.949092,
              0.0
            ],
            [
              88.09464,
              27.94878,
              0.0
            ],
            [
              88.094879,
              27.948467,
              0.0
            ],
            [
              88.095172,
              27.948202,
              0.0
            ],
            [
              88.095465,
              27.947937,
              0.0
            ],
            [
              88.095731,
              27.947649,
              0.0
            ],
            [
              88.095731,
              27.947625,
              0.0
            ],
            [
              88.096034,
              27.947277,
              0.0
            ],
            [
              88.096384,
              27.94717,
              0.0
            ],
            [
              88.09698,
              27.946989,
              0.0
            ],
            [
              88.097509,
              27.946808,
              0.0
            ],
            [
              88.09804,
              27.946803,
              0.0
            ],
            [
              88.09842,
              27.946885,
              0.0
            ],
            [
              88.098749,
              27.946487,
              0.0
            ],
            [
              88.099217,
              27.946064,
              0.0
            ],
            [
              88.099687,
              27.945851,
              0.0
            ],
            [
              88.100276,
              27.945742,
              0.0
            ],
            [
              88.100866,
              27.945737,
              0.0
            ],
            [
              88.101334,
              27.945419,
              0.0
            ],
            [
              88.101804,
              27.945205,
              0.0
            ],
            [
              88.102274,
              27.944992,
              0.0
            ],
            [
              88.102744,
              27.944779,
              0.0
            ],
            [
              88.103214,
              27.944565,
              0.0
            ],
            [
              88.103682,
              27.944247,
              0.0
            ],
            [
              88.10415,
              27.943824,
              0.0
            ],
            [
              88.104619,
              27.943506,
              0.0
            ],
            [
              88.105089,
              27.943293,
              0.0
            ],
            [
              88.105559,
              27.94308,
              0.0
            ],
            [
              88.106028,
              27.942866,
              0.0
            ],
            [
              88.106617,
              27.942757,
              0.0
            ],
            [
              88.107325,
              27.942751,
              0.0
            ],
            [
              88.107916,
              27.942851,
              0.0
            ],
            [
              88.108508,
              27.943056,
              0.0
            ],
            [
              88.109098,
              27.943051,
              0.0
            ],
            [
              88.109688,
              27.943046,
              0.0
            ],
            [
              88.110162,
              27.943252,
              0.0
            ],
            [
              88.110872,
              27.943456,
              0.0
            ],
            [
              88.111347,
              27.943767,
              0.0
            ],
            [
              88.111821,
              27.943972,
              0.0
            ],
            [
              88.112295,
              27.944178,
              0.0
            ],
            [
              88.11277,
              27.944384,
              0.0
            ],
            [
              88.113244,
              27.944589,
              0.0
            ],
            [
              88.113718,
              27.944795,
              0.0
            ],
            [
              88.114192,
              27.945001,
              0.0
            ],
            [
              88.114784,
              27.945206,
              0.0
            ],
            [
              88.115376,
              27.945411,
              0.0
            ],
            [
              88.11585,
              27.945616,
              0.0
            ],
            [
              88.116324,
              27.945822,
              0.0
            ],
            [
              88.116916,
              27.946027,
              0.0
            ],
            [
              88.11739,
              27.946232,
              0.0
            ],
            [
              88.117865,
              27.946438,
              0.0
            ],
            [
              88.118458,
              27.946748,
              0.0
            ],
            [
              88.118932,
              27.946953,
              0.0
            ],
            [
              88.119407,
              27.947264,
              0.0
            ],
            [
              88.119882,
              27.947574,
              0.0
            ],
            [
              88.120357,
              27.947885,
              0.0
            ],
            [
              88.120833,
              27.948195,
              0.0
            ],
            [
              88.121307,
              27.948401,
              0.0
            ],
            [
              88.121782,
              27.948712,
              0.0
            ],
            [
              88.122257,
              27.949022,
              0.0
            ],
            [
              88.122732,
              27.949333,
              0.0
            ],
            [
              88.123208,
              27.949643,
              0.0
            ],
            [
              88.123682,
              27.949849,
              0.0
            ],
            [
              88.124158,
              27.950264,
              0.0
            ],
            [
              88.124633,
              27.950574,
              0.0
            ],
            [
              88.125109,
              27.950885,
              0.0
            ],
            [
              88.125583,
              27.951091,
              0.0
            ],
            [
              88.126174,
              27.951191,
              0.0
            ],
            [
              88.126764,
              27.951186,
              0.0
            ],
            [
              88.127354,
              27.951181,
              0.0
            ],
            [
              88.127943,
              27.951071,
              0.0
            ],
            [
              88.128531,
              27.950962,
              0.0
            ],
            [
              88.129121,
              27.950957,
              0.0
            ],
            [
              88.129709,
              27.950743,
              0.0
            ],
            [
              88.130299,
              27.950738,
              0.0
            ],
            [
              88.130889,
              27.950733,
              0.0
            ],
            [
              88.131477,
              27.950518,
              0.0
            ],
            [
              88.131511,
              27.950503,
              0.0
            ],
            [
              88.13153,
              27.950422,
              0.0
            ],
            [
              88.131525,
              27.949951,
              0.0
            ],
            [
              88.131791,
              27.949745,
              0.0
            ],
            [
              88.132057,
              27.949456,
              0.0
            ],
            [
              88.132268,
              27.94912,
              0.0
            ],
            [
              88.132305,
              27.949062,
              0.0
            ],
            [
              88.132929,
              27.948945,
              0.0
            ],
            [
              88.132993,
              27.948829,
              0.0
            ],
            [
              88.133343,
              27.948407,
              0.0
            ],
            [
              88.133574,
              27.947986,
              0.0
            ],
            [
              88.133806,
              27.947565,
              0.0
            ],
            [
              88.134274,
              27.947142,
              0.0
            ],
            [
              88.13486,
              27.946823,
              0.0
            ],
            [
              88.13521,
              27.946401,
              0.0
            ],
            [
              88.135559,
              27.945979,
              0.0
            ],
            [
              88.135663,
              27.945791,
              0.0
            ],
            [
              88.135196,
              27.9455,
              0.0
            ],
            [
              88.135099,
              27.945168,
              0.0
            ],
            [
              88.135178,
              27.945048,
              0.0
            ],
            [
              88.135479,
              27.944658,
              0.0
            ],
            [
              88.135824,
              27.944268,
              0.0
            ],
            [
              88.135917,
              27.944033,
              0.0
            ],
            [
              88.136294,
              27.943789,
              0.0
            ],
            [
              88.136361,
              27.943667,
              0.0
            ],
            [
              88.136474,
              27.943142,
              0.0
            ],
            [
              88.136586,
              27.942617,
              0.0
            ],
            [
              88.136817,
              27.942092,
              0.0
            ],
            [
              88.136811,
              27.941568,
              0.0
            ],
            [
              88.136924,
              27.941043,
              0.0
            ],
            [
              88.137154,
              27.940517,
              0.0
            ],
            [
              88.137385,
              27.939991,
              0.0
            ],
            [
              88.137615,
              27.939465,
              0.0
            ],
            [
              88.13761,
              27.938941,
              0.0
            ],
            [
              88.137604,
              27.938418,
              0.0
            ],
            [
              88.137599,
              27.937894,
              0.0
            ],
            [
              88.137668,
              27.937572,
              0.0
            ],
            [
              88.137569,
              27.937582,
              0.0
            ],
            [
              88.137036,
              27.937469,
              0.0
            ],
            [
              88.13701,
              27.937469,
              0.0
            ],
            [
              88.137017,
              27.937442,
              0.0
            ],
            [
              88.136976,
              27.937046,
              0.0
            ],
            [
              88.137178,
              27.936976,
              0.0
            ],
            [
              88.137553,
              27.93683,
              0.0
            ],
            [
              88.137677,
              27.936736,
              0.0
            ],
            [
              88.136996,
              27.936641,
              0.0
            ],
            [
              88.136404,
              27.936436,
              0.0
            ],
            [
              88.135929,
              27.936231,
              0.0
            ],
            [
              88.135455,
              27.936025,
              0.0
            ],
            [
              88.13498,
              27.935715,
              0.0
            ],
            [
              88.134506,
              27.935509,
              0.0
            ],
            [
              88.13403,
              27.935094,
              0.0
            ],
            [
              88.133555,
              27.934783,
              0.0
            ],
            [
              88.133081,
              27.934578,
              0.0
            ],
            [
              88.132605,
              27.934267,
              0.0
            ],
            [
              88.132247,
              27.933851,
              0.0
            ],
            [
              88.131772,
              27.933541,
              0.0
            ],
            [
              88.131414,
              27.933124,
              0.0
            ],
            [
              88.131055,
              27.932708,
              0.0
            ],
            [
              88.130932,
              27.932185,
              0.0
            ],
            [
              88.130692,
              27.931768,
              0.0
            ],
            [
              88.130451,
              27.931351,
              0.0
            ],
            [
              88.13021,
              27.930829,
              0.0
            ],
            [
              88.129969,
              27.930307,
              0.0
            ],
            [
              88.129845,
              27.929784,
              0.0
            ],
            [
              88.129605,
              27.929367,
              0.0
            ],
            [
              88.129481,
              27.928844,
              0.0
            ],
            [
              88.12924,
              27.928322,
              0.0
            ],
            [
              88.129117,
              27.927799,
              0.0
            ],
            [
              88.128876,
              27.927382,
              0.0
            ],
            [
              88.128635,
              27.92686,
              0.0
            ],
            [
              88.128395,
              27.926443,
              0.0
            ],
            [
              88.128036,
              27.926027,
              0.0
            ],
            [
              88.127559,
              27.925507,
              0.0
            ],
            [
              88.127084,
              27.925196,
              0.0
            ],
            [
              88.126782,
              27.924986,
              0.0
            ],
            [
              88.126436,
              27.924989,
              0.0
            ],
            [
              88.12587,
              27.925032,
              0.0
            ],
            [
              88.125303,
              27.925075,
              0.0
            ],
            [
              88.124693,
              27.92508,
              0.0
            ],
            [
              88.124169,
              27.925046,
              0.0
            ],
            [
              88.123645,
              27.924934,
              0.0
            ],
            [
              88.123207,
              27.924705,
              0.0
            ],
            [
              88.122811,
              27.92436,
              0.0
            ],
            [
              88.122371,
              27.924054,
              0.0
            ],
            [
              88.121933,
              27.923786,
              0.0
            ],
            [
              88.121494,
              27.923519,
              0.0
            ],
            [
              88.121055,
              27.92329,
              0.0
            ],
            [
              88.120617,
              27.923022,
              0.0
            ],
            [
              88.120177,
              27.922716,
              0.0
            ],
            [
              88.119911,
              27.922292,
              0.0
            ],
            [
              88.119821,
              27.922078,
              0.0
            ],
            [
              88.119817,
              27.921636,
              0.0
            ],
            [
              88.119812,
              27.921165,
              0.0
            ],
            [
              88.119807,
              27.920693,
              0.0
            ],
            [
              88.119471,
              27.920343,
              0.0
            ],
            [
              88.11907,
              27.920051,
              0.0
            ],
            [
              88.118735,
              27.9197,
              0.0
            ],
            [
              88.118333,
              27.91935,
              0.0
            ],
            [
              88.117889,
              27.919129,
              0.0
            ],
            [
              88.117827,
              27.918901,
              0.0
            ],
            [
              88.117698,
              27.918595,
              0.0
            ],
            [
              88.117648,
              27.918476,
              0.0
            ],
            [
              88.11747,
              27.918052,
              0.0
            ],
            [
              88.11764,
              27.917624,
              0.0
            ],
            [
              88.117747,
              27.917409,
              0.0
            ],
            [
              88.117782,
              27.917409,
              0.0
            ],
            [
              88.118156,
              27.917448,
              0.0
            ],
            [
              88.118156,
              27.91741,
              0.0
            ],
            [
              88.118623,
              27.916987,
              0.0
            ],
            [
              88.118973,
              27.916565,
              0.0
            ],
            [
              88.119033,
              27.916456,
              0.0
            ],
            [
              88.118901,
              27.916457,
              0.0
            ],
            [
              88.118237,
              27.916462,
              0.0
            ],
            [
              88.11802,
              27.916464,
              0.0
            ],
            [
              88.118018,
              27.916304,
              0.0
            ],
            [
              88.117926,
              27.915801,
              0.0
            ],
            [
              88.117909,
              27.91571,
              0.0
            ],
            [
              88.118162,
              27.915579,
              0.0
            ],
            [
              88.118557,
              27.915281,
              0.0
            ],
            [
              88.119019,
              27.915041,
              0.0
            ],
            [
              88.119271,
              27.914927,
              0.0
            ],
            [
              88.119239,
              27.91514,
              0.0
            ],
            [
              88.11944,
              27.915337,
              0.0
            ],
            [
              88.119547,
              27.915093,
              0.0
            ],
            [
              88.11966,
              27.914568,
              0.0
            ],
            [
              88.119892,
              27.914147,
              0.0
            ],
            [
              88.120004,
              27.913623,
              0.0
            ],
            [
              88.120354,
              27.913201,
              0.0
            ],
            [
              88.120348,
              27.912677,
              0.0
            ],
            [
              88.120461,
              27.912152,
              0.0
            ],
            [
              88.120692,
              27.911731,
              0.0
            ],
            [
              88.120805,
              27.911206,
              0.0
            ],
            [
              88.120918,
              27.910681,
              0.0
            ],
            [
              88.120913,
              27.910266,
              0.0
            ],
            [
              88.120817,
              27.910228,
              0.0
            ],
            [
              88.120678,
              27.910173,
              0.0
            ],
            [
              88.120307,
              27.90998,
              0.0
            ],
            [
              88.120113,
              27.909684,
              0.0
            ],
            [
              88.119843,
              27.909274,
              0.0
            ],
            [
              88.11964,
              27.908804,
              0.0
            ],
            [
              88.119501,
              27.908275,
              0.0
            ],
            [
              88.119497,
              27.907803,
              0.0
            ],
            [
              88.119493,
              27.907419,
              0.0
            ],
            [
              88.119558,
              27.90741,
              0.0
            ],
            [
              88.119931,
              27.907072,
              0.0
            ],
            [
              88.119992,
              27.906905,
              0.0
            ],
            [
              88.1201,
              27.906856,
              0.0
            ],
            [
              88.12056,
              27.906388,
              0.0
            ],
            [
              88.120963,
              27.906023,
              0.0
            ],
            [
              88.121249,
              27.905608,
              0.0
            ],
            [
              88.121419,
              27.905141,
              0.0
            ],
            [
              88.121418,
              27.905087,
              0.0
            ],
            [
              88.121564,
              27.905008,
              0.0
            ],
            [
              88.122004,
              27.904769,
              0.0
            ],
            [
              88.122444,
              27.90453,
              0.0
            ],
            [
              88.122974,
              27.904525,
              0.0
            ],
            [
              88.123419,
              27.904757,
              0.0
            ],
            [
              88.123951,
              27.904832,
              0.0
            ],
            [
              88.124073,
              27.904794,
              0.0
            ],
            [
              88.124057,
              27.90483,
              0.0
            ],
            [
              88.124276,
              27.904681,
              0.0
            ],
            [
              88.124863,
              27.904362,
              0.0
            ],
            [
              88.125332,
              27.904148,
              0.0
            ],
            [
              88.125918,
              27.903724,
              0.0
            ],
            [
              88.126387,
              27.903511,
              0.0
            ],
            [
              88.126413,
              27.903494,
              0.0
            ],
            [
              88.126274,
              27.903272,
              0.0
            ],
            [
              88.126248,
              27.903182,
              0.0
            ],
            [
              88.126369,
              27.90315,
              0.0
            ],
            [
              88.126388,
              27.903136,
              0.0
            ],
            [
              88.126689,
              27.902918,
              0.0
            ],
            [
              88.127009,
              27.902686,
              0.0
            ],
            [
              88.127264,
              27.902397,
              0.0
            ],
            [
              88.127519,
              27.902109,
              0.0
            ],
            [
              88.127839,
              27.90182,
              0.0
            ],
            [
              88.128094,
              27.901531,
              0.0
            ],
            [
              88.128349,
              27.901242,
              0.0
            ],
            [
              88.128377,
              27.901191,
              0.0
            ],
            [
              88.128539,
              27.900897,
              0.0
            ],
            [
              88.128794,
              27.900608,
              0.0
            ],
            [
              88.128853,
              27.901068,
              0.0
            ],
            [
              88.128956,
              27.900975,
              0.0
            ],
            [
              88.129187,
              27.900554,
              0.0
            ],
            [
              88.129537,
              27.900132,
              0.0
            ],
            [
              88.129886,
              27.89971,
              0.0
            ],
            [
              88.130356,
              27.899497,
              0.0
            ],
            [
              88.130823,
              27.899074,
              0.0
            ],
            [
              88.131291,
              27.898651,
              0.0
            ],
            [
              88.131758,
              27.898228,
              0.0
            ],
            [
              88.132227,
              27.897909,
              0.0
            ],
            [
              88.132457,
              27.897384,
              0.0
            ],
            [
              88.132689,
              27.896963,
              0.0
            ],
            [
              88.13292,
              27.896542,
              0.0
            ],
            [
              88.133152,
              27.89612,
              0.0
            ],
            [
              88.133501,
              27.895698,
              0.0
            ],
            [
              88.133613,
              27.895174,
              0.0
            ],
            [
              88.133963,
              27.894752,
              0.0
            ],
            [
              88.134194,
              27.894331,
              0.0
            ],
            [
              88.134426,
              27.893909,
              0.0
            ],
            [
              88.134656,
              27.893384,
              0.0
            ],
            [
              88.134887,
              27.892858,
              0.0
            ],
            [
              88.134999,
              27.892333,
              0.0
            ],
            [
              88.135112,
              27.891808,
              0.0
            ],
            [
              88.135342,
              27.891282,
              0.0
            ],
            [
              88.135573,
              27.890861,
              0.0
            ],
            [
              88.135686,
              27.890336,
              0.0
            ],
            [
              88.135917,
              27.889915,
              0.0
            ],
            [
              88.135912,
              27.889391,
              0.0
            ],
            [
              88.136024,
              27.888867,
              0.0
            ],
            [
              88.136019,
              27.888343,
              0.0
            ],
            [
              88.136131,
              27.887818,
              0.0
            ],
            [
              88.136363,
              27.887397,
              0.0
            ],
            [
              88.136475,
              27.886872,
              0.0
            ],
            [
              88.136707,
              27.886451,
              0.0
            ],
            [
              88.136701,
              27.885927,
              0.0
            ],
            [
              88.136814,
              27.885402,
              0.0
            ],
            [
              88.136574,
              27.884985,
              0.0
            ],
            [
              88.136333,
              27.884568,
              0.0
            ],
            [
              88.136093,
              27.884151,
              0.0
            ],
            [
              88.135735,
              27.883734,
              0.0
            ],
            [
              88.135494,
              27.883212,
              0.0
            ],
            [
              88.135136,
              27.882796,
              0.0
            ],
            [
              88.134776,
              27.882275,
              0.0
            ],
            [
              88.134624,
              27.881947,
              0.0
            ],
            [
              88.134407,
              27.882045,
              0.0
            ],
            [
              88.133819,
              27.882155,
              0.0
            ],
            [
              88.133229,
              27.88216,
              0.0
            ],
            [
              88.132639,
              27.882165,
              0.0
            ],
            [
              88.13205,
              27.88217,
              0.0
            ],
            [
              88.13146,
              27.882174,
              0.0
            ],
            [
              88.130871,
              27.882179,
              0.0
            ],
            [
              88.130281,
              27.882184,
              0.0
            ],
            [
              88.129692,
              27.882294,
              0.0
            ],
            [
              88.129103,
              27.882299,
              0.0
            ],
            [
              88.128513,
              27.882303,
              0.0
            ],
            [
              88.127806,
              27.882309,
              0.0
            ],
            [
              88.127215,
              27.882209,
              0.0
            ],
            [
              88.126622,
              27.8819,
              0.0
            ],
            [
              88.126148,
              27.881694,
              0.0
            ],
            [
              88.12579,
              27.881278,
              0.0
            ],
            [
              88.125432,
              27.880862,
              0.0
            ],
            [
              88.124956,
              27.880446,
              0.0
            ],
            [
              88.124598,
              27.88003,
              0.0
            ],
            [
              88.124122,
              27.879615,
              0.0
            ],
            [
              88.123764,
              27.879199,
              0.0
            ],
            [
              88.123288,
              27.878783,
              0.0
            ],
            [
              88.12293,
              27.878367,
              0.0
            ],
            [
              88.12269,
              27.87795,
              0.0
            ],
            [
              88.12245,
              27.877533,
              0.0
            ],
            [
              88.122326,
              27.87701,
              0.0
            ],
            [
              88.122085,
              27.876488,
              0.0
            ],
            [
              88.121962,
              27.875965,
              0.0
            ],
            [
              88.121956,
              27.875441,
              0.0
            ],
            [
              88.121833,
              27.874918,
              0.0
            ],
            [
              88.121828,
              27.874394,
              0.0
            ],
            [
              88.121588,
              27.873977,
              0.0
            ],
            [
              88.121464,
              27.873454,
              0.0
            ],
            [
              88.121224,
              27.873037,
              0.0
            ],
            [
              88.121101,
              27.872514,
              0.0
            ],
            [
              88.120861,
              27.872097,
              0.0
            ],
            [
              88.120737,
              27.871574,
              0.0
            ],
            [
              88.120497,
              27.871157,
              0.0
            ],
            [
              88.120374,
              27.870634,
              0.0
            ],
            [
              88.120134,
              27.870216,
              0.0
            ],
            [
              88.120011,
              27.869693,
              0.0
            ],
            [
              88.120005,
              27.86917,
              0.0
            ],
            [
              88.12,
              27.868646,
              0.0
            ],
            [
              88.119943,
              27.868652,
              0.0
            ],
            [
              88.119541,
              27.868799,
              0.0
            ],
            [
              88.119516,
              27.868813,
              0.0
            ],
            [
              88.119377,
              27.868514,
              0.0
            ],
            [
              88.119076,
              27.868356,
              0.0
            ],
            [
              88.11883,
              27.868578,
              0.0
            ],
            [
              88.118366,
              27.868859,
              0.0
            ],
            [
              88.117821,
              27.868863,
              0.0
            ],
            [
              88.117277,
              27.868937,
              0.0
            ],
            [
              88.116732,
              27.868941,
              0.0
            ],
            [
              88.11611,
              27.869015,
              0.0
            ],
            [
              88.115565,
              27.86902,
              0.0
            ],
            [
              88.11502,
              27.869024,
              0.0
            ],
            [
              88.114475,
              27.869028,
              0.0
            ],
            [
              88.11393,
              27.869033,
              0.0
            ],
            [
              88.113385,
              27.869037,
              0.0
            ],
            [
              88.11284,
              27.869042,
              0.0
            ],
            [
              88.112218,
              27.869116,
              0.0
            ],
            [
              88.111675,
              27.869259,
              0.0
            ],
            [
              88.11113,
              27.869263,
              0.0
            ],
            [
              88.110585,
              27.869267,
              0.0
            ],
            [
              88.11004,
              27.869272,
              0.0
            ],
            [
              88.109495,
              27.869276,
              0.0
            ],
            [
              88.108872,
              27.869281,
              0.0
            ],
            [
              88.108327,
              27.869286,
              0.0
            ],
            [
              88.107782,
              27.86929,
              0.0
            ],
            [
              88.107159,
              27.869295,
              0.0
            ],
            [
              88.106614,
              27.86923,
              0.0
            ],
            [
              88.106068,
              27.869165,
              0.0
            ],
            [
              88.105523,
              27.86917,
              0.0
            ],
            [
              88.104977,
              27.869036,
              0.0
            ],
            [
              88.104432,
              27.86904,
              0.0
            ],
            [
              88.103887,
              27.869044,
              0.0
            ],
            [
              88.103341,
              27.86898,
              0.0
            ],
            [
              88.102718,
              27.868915,
              0.0
            ],
            [
              88.102172,
              27.868851,
              0.0
            ],
            [
              88.101627,
              27.868855,
              0.0
            ],
            [
              88.101081,
              27.86879,
              0.0
            ],
            [
              88.100536,
              27.868794,
              0.0
            ],
            [
              88.099992,
              27.868799,
              0.0
            ],
            [
              88.099446,
              27.868734,
              0.0
            ],
            [
              88.098901,
              27.868738,
              0.0
            ],
            [
              88.098355,
              27.868604,
              0.0
            ],
            [
              88.097885,
              27.8684,
              0.0
            ],
            [
              88.097339,
              27.868266,
              0.0
            ],
            [
              88.09687,
              27.868063,
              0.0
            ],
            [
              88.096246,
              27.867929,
              0.0
            ],
            [
              88.095777,
              27.867725,
              0.0
            ],
            [
              88.095152,
              27.867523,
              0.0
            ],
            [
              88.094927,
              27.867475,
              0.0
            ],
            [
              88.094743,
              27.867435,
              0.0
            ],
            [
              88.09442,
              27.867764,
              0.0
            ],
            [
              88.094191,
              27.868179,
              0.0
            ],
            [
              88.093963,
              27.868594,
              0.0
            ],
            [
              88.093677,
              27.869009,
              0.0
            ],
            [
              88.093274,
              27.869374,
              0.0
            ],
            [
              88.093045,
              27.869789,
              0.0
            ],
            [
              88.092701,
              27.870205,
              0.0
            ],
            [
              88.092356,
              27.870569,
              0.0
            ],
            [
              88.092167,
              27.870789,
              0.0
            ],
            [
              88.09201,
              27.87083,
              0.0
            ],
            [
              88.09149,
              27.871144,
              0.0
            ],
            [
              88.09097,
              27.871458,
              0.0
            ],
            [
              88.09045,
              27.871772,
              0.0
            ],
            [
              88.090047,
              27.872136,
              0.0
            ],
            [
              88.089877,
              27.872603,
              0.0
            ],
            [
              88.089766,
              27.873068,
              0.0
            ],
            [
              88.089713,
              27.873637,
              0.0
            ],
            [
              88.089718,
              27.874101,
              0.0
            ],
            [
              88.089723,
              27.874566,
              0.0
            ],
            [
              88.089727,
              27.875031,
              0.0
            ],
            [
              88.089732,
              27.875496,
              0.0
            ],
            [
              88.08968,
              27.876064,
              0.0
            ],
            [
              88.089684,
              27.876529,
              0.0
            ],
            [
              88.089631,
              27.876994,
              0.0
            ],
            [
              88.089577,
              27.877459,
              0.0
            ],
            [
              88.089524,
              27.877924,
              0.0
            ],
            [
              88.08947,
              27.87839,
              0.0
            ],
            [
              88.089359,
              27.878855,
              0.0
            ],
            [
              88.089306,
              27.879372,
              0.0
            ],
            [
              88.089311,
              27.879837,
              0.0
            ],
            [
              88.089315,
              27.880301,
              0.0
            ],
            [
              88.08932,
              27.880818,
              0.0
            ],
            [
              88.089325,
              27.881283,
              0.0
            ],
            [
              88.08933,
              27.881747,
              0.0
            ],
            [
              88.089335,
              27.882264,
              0.0
            ],
            [
              88.08934,
              27.88278,
              0.0
            ],
            [
              88.089287,
              27.883245,
              0.0
            ],
            [
              88.089233,
              27.88371,
              0.0
            ],
            [
              88.08918,
              27.884176,
              0.0
            ],
            [
              88.089068,
              27.884641,
              0.0
            ],
            [
              88.088957,
              27.885107,
              0.0
            ],
            [
              88.088845,
              27.885573,
              0.0
            ],
            [
              88.088733,
              27.886038,
              0.0
            ],
            [
              88.088622,
              27.886504,
              0.0
            ],
            [
              88.088393,
              27.886919,
              0.0
            ],
            [
              88.088224,
              27.887385,
              0.0
            ],
            [
              88.087879,
              27.887801,
              0.0
            ],
            [
              88.087593,
              27.888216,
              0.0
            ],
            [
              88.087481,
              27.888682,
              0.0
            ],
            [
              88.087486,
              27.889146,
              0.0
            ],
            [
              88.08749,
              27.889611,
              0.0
            ],
            [
              88.087553,
              27.890075,
              0.0
            ],
            [
              88.087558,
              27.89054,
              0.0
            ],
            [
              88.087562,
              27.891005,
              0.0
            ],
            [
              88.087567,
              27.89147,
              0.0
            ],
            [
              88.087046,
              27.89168,
              0.0
            ],
            [
              88.086525,
              27.891891,
              0.0
            ],
            [
              88.086004,
              27.892102,
              0.0
            ],
            [
              88.085541,
              27.892312,
              0.0
            ],
            [
              88.085196,
              27.892676,
              0.0
            ],
            [
              88.084968,
              27.893091,
              0.0
            ],
            [
              88.084914,
              27.893556,
              0.0
            ],
            [
              88.084861,
              27.894021,
              0.0
            ],
            [
              88.084854,
              27.894084,
              0.0
            ],
            [
              88.084806,
              27.894111,
              0.0
            ],
            [
              88.084401,
              27.894425,
              0.0
            ],
            [
              88.083875,
              27.894482,
              0.0
            ],
            [
              88.083292,
              27.89459,
              0.0
            ],
            [
              88.082768,
              27.894698,
              0.0
            ],
            [
              88.082243,
              27.894806,
              0.0
            ],
            [
              88.081718,
              27.894862,
              0.0
            ],
            [
              88.081193,
              27.894866,
              0.0
            ],
            [
              88.080666,
              27.894818,
              0.0
            ],
            [
              88.080024,
              27.894823,
              0.0
            ],
            [
              88.079878,
              27.894824,
              0.0
            ],
            [
              88.07944,
              27.894828,
              0.0
            ],
            [
              88.079228,
              27.894829,
              0.0
            ],
            [
              88.079232,
              27.895303,
              0.0
            ],
            [
              88.079149,
              27.895775,
              0.0
            ],
            [
              88.079065,
              27.896247,
              0.0
            ],
            [
              88.07907,
              27.896718,
              0.0
            ],
            [
              88.079074,
              27.89719,
              0.0
            ],
            [
              88.078902,
              27.897663,
              0.0
            ],
            [
              88.07873,
              27.898136,
              0.0
            ],
            [
              88.078469,
              27.898609,
              0.0
            ],
            [
              88.078208,
              27.899004,
              0.0
            ],
            [
              88.077946,
              27.899399,
              0.0
            ],
            [
              88.077895,
              27.899539,
              0.0
            ],
            [
              88.077984,
              27.899984,
              0.0
            ],
            [
              88.078077,
              27.900455,
              0.0
            ],
            [
              88.078434,
              27.900845,
              0.0
            ],
            [
              88.078879,
              27.901078,
              0.0
            ],
            [
              88.079324,
              27.90131,
              0.0
            ],
            [
              88.079681,
              27.9017,
              0.0
            ],
            [
              88.079951,
              27.902091,
              0.0
            ],
            [
              88.08022,
              27.902482,
              0.0
            ],
            [
              88.080244,
              27.902517,
              0.0
            ],
            [
              88.080169,
              27.902518,
              0.0
            ],
            [
              88.079631,
              27.902522,
              0.0
            ],
            [
              88.079094,
              27.902574,
              0.0
            ],
            [
              88.078709,
              27.902729,
              0.0
            ],
            [
              88.07863,
              27.90273,
              0.0
            ],
            [
              88.078099,
              27.902734,
              0.0
            ],
            [
              88.077655,
              27.902502,
              0.0
            ],
            [
              88.077385,
              27.902033,
              0.0
            ],
            [
              88.077028,
              27.901983,
              0.0
            ],
            [
              88.076912,
              27.902158,
              0.0
            ],
            [
              88.07665,
              27.902553,
              0.0
            ],
            [
              88.0763,
              27.902949,
              0.0
            ],
            [
              88.075951,
              27.903345,
              0.0
            ],
            [
              88.075867,
              27.903817,
              0.0
            ],
            [
              88.075869,
              27.904042,
              0.0
            ],
            [
              88.076001,
              27.903863,
              0.0
            ],
            [
              88.076117,
              27.903652,
              0.0
            ],
            [
              88.076252,
              27.90377,
              0.0
            ],
            [
              88.076696,
              27.904003,
              0.0
            ],
            [
              88.077143,
              27.904392,
              0.0
            ],
            [
              88.077629,
              27.904532,
              0.0
            ],
            [
              88.077845,
              27.904751,
              0.0
            ],
            [
              88.078314,
              27.904955,
              0.0
            ],
            [
              88.078823,
              27.905102,
              0.0
            ],
            [
              88.079069,
              27.905488,
              0.0
            ],
            [
              88.079449,
              27.905819,
              0.0
            ],
            [
              88.079829,
              27.90615,
              0.0
            ],
            [
              88.080262,
              27.906434,
              0.0
            ],
            [
              88.080748,
              27.906669,
              0.0
            ],
            [
              88.081181,
              27.907,
              0.0
            ],
            [
              88.081561,
              27.907331,
              0.0
            ],
            [
              88.081941,
              27.907662,
              0.0
            ],
            [
              88.082374,
              27.907993,
              0.0
            ],
            [
              88.082701,
              27.908373,
              0.0
            ],
            [
              88.083134,
              27.908656,
              0.0
            ],
            [
              88.083567,
              27.908939,
              0.0
            ],
            [
              88.083946,
              27.909271,
              0.0
            ],
            [
              88.084219,
              27.909698,
              0.0
            ],
            [
              88.084652,
              27.909982,
              0.0
            ],
            [
              88.085032,
              27.910313,
              0.0
            ],
            [
              88.085518,
              27.910548,
              0.0
            ],
            [
              88.086005,
              27.910783,
              0.0
            ],
            [
              88.08649,
              27.91097,
              0.0
            ],
            [
              88.086976,
              27.911157,
              0.0
            ],
            [
              88.087356,
              27.911536,
              0.0
            ],
            [
              88.087357,
              27.911584,
              0.0
            ],
            [
              88.08817,
              27.912294,
              0.0
            ],
            [
              88.088603,
              27.912577,
              0.0
            ],
            [
              88.089036,
              27.912861,
              0.0
            ],
            [
              88.089416,
              27.913192,
              0.0
            ],
            [
              88.089689,
              27.91362,
              0.0
            ],
            [
              88.089855,
              27.914096,
              0.0
            ],
            [
              88.090129,
              27.914524,
              0.0
            ],
            [
              88.090241,
              27.915001,
              0.0
            ],
            [
              88.090407,
              27.915429,
              0.0
            ],
            [
              88.090572,
              27.915858,
              0.0
            ],
            [
              88.090631,
              27.916335,
              0.0
            ],
            [
              88.090635,
              27.916812,
              0.0
            ],
            [
              88.090748,
              27.917289,
              0.0
            ],
            [
              88.090914,
              27.917766,
              0.0
            ],
            [
              88.090919,
              27.918243,
              0.0
            ],
            [
              88.091031,
              27.91872,
              0.0
            ],
            [
              88.091036,
              27.919198,
              0.0
            ],
            [
              88.091041,
              27.919675,
              0.0
            ],
            [
              88.091045,
              27.920153,
              0.0
            ],
            [
              88.091046,
              27.920201,
              0.0
            ],
            [
              88.091001,
              27.921061,
              0.0
            ],
            [
              88.090736,
              27.921493,
              0.0
            ],
            [
              88.090633,
              27.921971,
              0.0
            ],
            [
              88.090477,
              27.92245,
              0.0
            ],
            [
              88.090374,
              27.922928,
              0.0
            ],
            [
              88.090163,
              27.92336,
              0.0
            ],
            [
              88.089953,
              27.923792,
              0.0
            ],
            [
              88.089688,
              27.924224,
              0.0
            ],
            [
              88.089315,
              27.924561,
              0.0
            ],
            [
              88.089051,
              27.924993,
              0.0
            ],
            [
              88.088677,
              27.92533,
              0.0
            ],
            [
              88.088305,
              27.925715,
              0.0
            ],
            [
              88.087932,
              27.926053,
              0.0
            ],
            [
              88.087559,
              27.92639,
              0.0
            ],
            [
              88.087294,
              27.926822,
              0.0
            ],
            [
              88.086921,
              27.927159,
              0.0
            ],
            [
              88.086548,
              27.927496,
              0.0
            ],
            [
              88.086283,
              27.927928,
              0.0
            ],
            [
              88.08591,
              27.928266,
              0.0
            ],
            [
              88.085646,
              27.928698,
              0.0
            ],
            [
              88.085218,
              27.928988,
              0.0
            ],
            [
              88.084845,
              27.929325,
              0.0
            ],
            [
              88.084635,
              27.929756,
              0.0
            ],
            [
              88.084316,
              27.930189,
              0.0
            ],
            [
              88.084052,
              27.930621,
              0.0
            ],
            [
              88.083679,
              27.930958,
              0.0
            ],
            [
              88.083434,
              27.931252,
              0.0
            ],
            [
              88.083252,
              27.931344,
              0.0
            ],
            [
              88.082771,
              27.931634,
              0.0
            ],
            [
              88.082344,
              27.931972,
              0.0
            ],
            [
              88.081971,
              27.932309,
              0.0
            ],
            [
              88.081598,
              27.932646,
              0.0
            ],
            [
              88.081225,
              27.933031,
              0.0
            ],
            [
              88.081068,
              27.933462,
              0.0
            ],
            [
              88.080804,
              27.933894,
              0.0
            ],
            [
              88.080647,
              27.934326,
              0.0
            ],
            [
              88.080382,
              27.934757,
              0.0
            ],
            [
              88.080064,
              27.93519,
              0.0
            ],
            [
              88.079745,
              27.935622,
              0.0
            ],
            [
              88.079426,
              27.936007,
              0.0
            ],
            [
              88.079054,
              27.936392,
              0.0
            ],
            [
              88.078789,
              27.936824,
              0.0
            ],
            [
              88.078574,
              27.937046,
              0.0
            ],
            [
              88.078416,
              27.937209,
              0.0
            ],
            [
              88.078332,
              27.937441,
              0.0
            ],
            [
              88.078169,
              27.937589,
              0.0
            ],
            [
              88.077708,
              27.937946,
              0.0
            ],
            [
              88.077115,
              27.938422,
              0.0
            ],
            [
              88.076854,
              27.938837,
              0.0
            ],
            [
              88.076592,
              27.939251,
              0.0
            ],
            [
              88.076264,
              27.939667,
              0.0
            ],
            [
              88.076003,
              27.940081,
              0.0
            ],
            [
              88.075608,
              27.940438,
              0.0
            ],
            [
              88.075281,
              27.940853,
              0.0
            ],
            [
              88.074952,
              27.941209,
              0.0
            ],
            [
              88.074691,
              27.941624,
              0.0
            ],
            [
              88.074363,
              27.94198,
              0.0
            ],
            [
              88.074101,
              27.942395,
              0.0
            ],
            [
              88.073773,
              27.94281,
              0.0
            ],
            [
              88.073445,
              27.943166,
              0.0
            ],
            [
              88.073117,
              27.943522,
              0.0
            ],
            [
              88.072922,
              27.943995,
              0.0
            ],
            [
              88.072594,
              27.944352,
              0.0
            ],
            [
              88.072199,
              27.944708,
              0.0
            ],
            [
              88.072535,
              27.945059,
              0.0
            ],
            [
              88.072936,
              27.945351,
              0.0
            ],
            [
              88.073467,
              27.945406,
              0.0
            ],
            [
              88.074,
              27.945579,
              0.0
            ],
            [
              88.074532,
              27.945692,
              0.0
            ],
            [
              88.074999,
              27.945924,
              0.0
            ],
            [
              88.0754,
              27.946216,
              0.0
            ],
            [
              88.075604,
              27.946686,
              0.0
            ],
            [
              88.076136,
              27.9468,
              0.0
            ],
            [
              88.076667,
              27.946795,
              0.0
            ],
            [
              88.077198,
              27.946791,
              0.0
            ],
            [
              88.077728,
              27.946728,
              0.0
            ],
            [
              88.078191,
              27.946489,
              0.0
            ],
            [
              88.078586,
              27.946191,
              0.0
            ],
            [
              88.078981,
              27.945893,
              0.0
            ],
            [
              88.079376,
              27.945536,
              0.0
            ],
            [
              88.079771,
              27.945239,
              0.0
            ],
            [
              88.080074,
              27.9448,
              0.0
            ],
            [
              88.080427,
              27.944692,
              0.0
            ],
            [
              88.0808,
              27.944307,
              0.0
            ],
            [
              88.081064,
              27.943875,
              0.0
            ],
            [
              88.081383,
              27.943443,
              0.0
            ],
            [
              88.081756,
              27.943106,
              0.0
            ],
            [
              88.082129,
              27.942768,
              0.0
            ],
            [
              88.08261,
              27.942478,
              0.0
            ],
            [
              88.083038,
              27.942188,
              0.0
            ],
            [
              88.08352,
              27.942041,
              0.0
            ],
            [
              88.083893,
              27.941704,
              0.0
            ],
            [
              88.083935,
              27.941487,
              0.0
            ],
            [
              88.084407,
              27.941079,
              0.0
            ],
            [
              88.084834,
              27.940789,
              0.0
            ],
            [
              88.085153,
              27.940404,
              0.0
            ],
            [
              88.085418,
              27.939972,
              0.0
            ],
            [
              88.085737,
              27.939587,
              0.0
            ],
            [
              88.086055,
              27.939155,
              0.0
            ],
            [
              88.086373,
              27.938723,
              0.0
            ],
            [
              88.086692,
              27.938338,
              0.0
            ],
            [
              88.087065,
              27.938001,
              0.0
            ],
            [
              88.087438,
              27.937616,
              0.0
            ],
            [
              88.087919,
              27.937325,
              0.0
            ],
            [
              88.088454,
              27.937034,
              0.0
            ],
            [
              88.088511,
              27.936996,
              0.0
            ],
            [
              88.088516,
              27.936977,
              0.0
            ],
            [
              88.088777,
              27.936562,
              0.0
            ],
            [
              88.089172,
              27.936205,
              0.0
            ],
            [
              88.089567,
              27.935849,
              0.0
            ],
            [
              88.090029,
              27.935609,
              0.0
            ],
            [
              88.09049,
              27.935311,
              0.0
            ],
            [
              88.090885,
              27.934954,
              0.0
            ],
            [
              88.09128,
              27.934597,
              0.0
            ],
            [
              88.091674,
              27.93424,
              0.0
            ],
            [
              88.092002,
              27.933884,
              0.0
            ],
            [
              88.092398,
              27.933586,
              0.0
            ],
            [
              88.092792,
              27.933229,
              0.0
            ],
            [
              88.093222,
              27.933013,
              0.0
            ],
            [
              88.093574,
              27.932695,
              0.0
            ],
            [
              88.093947,
              27.932358,
              0.0
            ],
            [
              88.09432,
              27.93202,
              0.0
            ],
            [
              88.094747,
              27.93173,
              0.0
            ],
            [
              88.095229,
              27.931488,
              0.0
            ],
            [
              88.095656,
              27.931198,
              0.0
            ],
            [
              88.096083,
              27.930908,
              0.0
            ],
            [
              88.096566,
              27.930761,
              0.0
            ],
            [
              88.097103,
              27.930661,
              0.0
            ],
            [
              88.097639,
              27.930513,
              0.0
            ],
            [
              88.098176,
              27.930461,
              0.0
            ],
            [
              88.098713,
              27.930409,
              0.0
            ],
            [
              88.099251,
              27.930357,
              0.0
            ],
            [
              88.099896,
              27.930352,
              0.0
            ],
            [
              88.100434,
              27.930348,
              0.0
            ],
            [
              88.100971,
              27.930343,
              0.0
            ],
            [
              88.101509,
              27.930339,
              0.0
            ],
            [
              88.102047,
              27.930382,
              0.0
            ],
            [
              88.102533,
              27.93057,
              0.0
            ],
            [
              88.102587,
              27.930569,
              0.0
            ],
            [
              88.103505,
              27.930896,
              0.0
            ],
            [
              88.104043,
              27.930987,
              0.0
            ],
            [
              88.104582,
              27.931079,
              0.0
            ],
            [
              88.105068,
              27.931218,
              0.0
            ],
            [
              88.105553,
              27.931357,
              0.0
            ],
            [
              88.106039,
              27.931592,
              0.0
            ],
            [
              88.106525,
              27.931732,
              0.0
            ],
            [
              88.10701,
              27.931871,
              0.0
            ],
            [
              88.107549,
              27.931962,
              0.0
            ],
            [
              88.108035,
              27.932149,
              0.0
            ],
            [
              88.108573,
              27.932145,
              0.0
            ],
            [
              88.109058,
              27.932285,
              0.0
            ],
            [
              88.109544,
              27.932424,
              0.0
            ],
            [
              88.110082,
              27.932515,
              0.0
            ],
            [
              88.110621,
              27.932606,
              0.0
            ],
            [
              88.111107,
              27.932746,
              0.0
            ],
            [
              88.111592,
              27.932885,
              0.0
            ],
            [
              88.112077,
              27.933024,
              0.0
            ],
            [
              88.112616,
              27.933116,
              0.0
            ],
            [
              88.113155,
              27.933255,
              0.0
            ],
            [
              88.113694,
              27.933346,
              0.0
            ],
            [
              88.114233,
              27.933437,
              0.0
            ],
            [
              88.114771,
              27.93348,
              0.0
            ],
            [
              88.115309,
              27.933524,
              0.0
            ],
            [
              88.115795,
              27.933663,
              0.0
            ],
            [
              88.116165,
              27.933758,
              0.0
            ],
            [
              88.116267,
              27.933971,
              0.0
            ],
            [
              88.11662,
              27.934355,
              0.0
            ],
            [
              88.117103,
              27.9347,
              0.0
            ],
            [
              88.117455,
              27.935046,
              0.0
            ],
            [
              88.117721,
              27.935431,
              0.0
            ],
            [
              88.117919,
              27.935625,
              0.0
            ],
            [
              88.117862,
              27.93589,
              0.0
            ],
            [
              88.117367,
              27.935995,
              0.0
            ],
            [
              88.116975,
              27.93631,
              0.0
            ],
            [
              88.116761,
              27.93674,
              0.0
            ],
            [
              88.116763,
              27.936974,
              0.0
            ],
            [
              88.116369,
              27.937241,
              0.0
            ],
            [
              88.116051,
              27.937625,
              0.0
            ],
            [
              88.115848,
              27.937808,
              0.0
            ],
            [
              88.115303,
              27.937813,
              0.0
            ],
            [
              88.114825,
              27.937972,
              0.0
            ],
            [
              88.114743,
              27.938437,
              0.0
            ],
            [
              88.114617,
              27.938903,
              0.0
            ],
            [
              88.114505,
              27.939315,
              0.0
            ],
            [
              88.114258,
              27.939475,
              0.0
            ],
            [
              88.113828,
              27.939574,
              0.0
            ],
            [
              88.113397,
              27.939482,
              0.0
            ],
            [
              88.113232,
              27.939149,
              0.0
            ],
            [
              88.113229,
              27.938767,
              0.0
            ],
            [
              88.113117,
              27.938386,
              0.0
            ],
            [
              88.112899,
              27.938054,
              0.0
            ],
            [
              88.112566,
              27.937888,
              0.0
            ],
            [
              88.11252,
              27.937866,
              0.0
            ],
            [
              88.112142,
              27.937678,
              0.0
            ],
            [
              88.112042,
              27.937556,
              0.0
            ],
            [
              88.111817,
              27.937558,
              0.0
            ],
            [
              88.111248,
              27.937563,
              0.0
            ],
            [
              88.111116,
              27.937113,
              0.0
            ],
            [
              88.11115,
              27.936629,
              0.0
            ],
            [
              88.111102,
              27.936163,
              0.0
            ],
            [
              88.111009,
              27.935697,
              0.0
            ],
            [
              88.110873,
              27.935231,
              0.0
            ],
            [
              88.110476,
              27.934923,
              0.0
            ],
            [
              88.110129,
              27.935276,
              0.0
            ],
            [
              88.11009,
              27.935743,
              0.0
            ],
            [
              88.109606,
              27.935552,
              0.0
            ],
            [
              88.109081,
              27.935673,
              0.0
            ],
            [
              88.109042,
              27.936141,
              0.0
            ],
            [
              88.109222,
              27.936567,
              0.0
            ],
            [
              88.109402,
              27.937033,
              0.0
            ],
            [
              88.109319,
              27.9375,
              0.0
            ],
            [
              88.108972,
              27.937892,
              0.0
            ],
            [
              88.108553,
              27.9381,
              0.0
            ],
            [
              88.108493,
              27.93813,
              0.0
            ],
            [
              88.108381,
              27.938299,
              0.0
            ],
            [
              88.108222,
              27.938282,
              0.0
            ],
            [
              88.108187,
              27.938211,
              0.0
            ],
            [
              88.108185,
              27.938054,
              0.0
            ],
            [
              88.10818,
              27.937587,
              0.0
            ],
            [
              88.108176,
              27.93712,
              0.0
            ],
            [
              88.107996,
              27.936694,
              0.0
            ],
            [
              88.107685,
              27.936307,
              0.0
            ],
            [
              88.107244,
              27.935999,
              0.0
            ],
            [
              88.10676,
              27.935809,
              0.0
            ],
            [
              88.106633,
              27.936277,
              0.0
            ],
            [
              88.106462,
              27.936706,
              0.0
            ],
            [
              88.106423,
              27.937173,
              0.0
            ],
            [
              88.106337,
              27.93752,
              0.0
            ],
            [
              88.106278,
              27.937534,
              0.0
            ],
            [
              88.10612,
              27.9375,
              0.0
            ],
            [
              88.105847,
              27.937442,
              0.0
            ],
            [
              88.105469,
              27.937301,
              0.0
            ],
            [
              88.10509,
              27.937066,
              0.0
            ],
            [
              88.104764,
              27.936782,
              0.0
            ],
            [
              88.104439,
              27.936545,
              0.0
            ],
            [
              88.104061,
              27.936405,
              0.0
            ],
            [
              88.103683,
              27.936265,
              0.0
            ],
            [
              88.103253,
              27.936268,
              0.0
            ],
            [
              88.102987,
              27.936557,
              0.0
            ],
            [
              88.102991,
              27.936939,
              0.0
            ],
            [
              88.102941,
              27.937322,
              0.0
            ],
            [
              88.102783,
              27.937657,
              0.0
            ],
            [
              88.102625,
              27.937993,
              0.0
            ],
            [
              88.102468,
              27.938376,
              0.0
            ],
            [
              88.102202,
              27.938713,
              0.0
            ],
            [
              88.102152,
              27.939095,
              0.0
            ],
            [
              88.102156,
              27.939477,
              0.0
            ],
            [
              88.10216,
              27.939859,
              0.0
            ],
            [
              88.102211,
              27.940197,
              0.0
            ],
            [
              88.102056,
              27.940171,
              0.0
            ],
            [
              88.101653,
              27.940222,
              0.0
            ],
            [
              88.10125,
              27.940297,
              0.0
            ],
            [
              88.100848,
              27.940419,
              0.0
            ],
            [
              88.100528,
              27.940661,
              0.0
            ],
            [
              88.100235,
              27.940926,
              0.0
            ],
            [
              88.099969,
              27.941214,
              0.0
            ],
            [
              88.099784,
              27.94155,
              0.0
            ],
            [
              88.099626,
              27.941886,
              0.0
            ],
            [
              88.099522,
              27.942245,
              0.0
            ],
            [
              88.099526,
              27.942627,
              0.0
            ],
            [
              88.09953,
              27.943009,
              0.0
            ],
            [
              88.099534,
              27.943391,
              0.0
            ],
            [
              88.099672,
              27.943748,
              0.0
            ],
            [
              88.099837,
              27.944081,
              0.0
            ],
            [
              88.099786,
              27.94444,
              0.0
            ],
            [
              88.099547,
              27.944752,
              0.0
            ],
            [
              88.099524,
              27.945135,
              0.0
            ],
            [
              88.099087,
              27.94538,
              0.0
            ],
            [
              88.098425,
              27.945563,
              0.0
            ],
            [
              88.097895,
              27.945567,
              0.0
            ],
            [
              88.097297,
              27.945572,
              0.0
            ],
            [
              88.0967,
              27.945576,
              0.0
            ],
            [
              88.096103,
              27.945581,
              0.0
            ],
            [
              88.095572,
              27.945585,
              0.0
            ],
            [
              88.095042,
              27.945766,
              0.0
            ],
            [
              88.094782,
              27.94624,
              0.0
            ],
            [
              88.094824,
              27.946385,
              0.0
            ],
            [
              88.094642,
              27.946344,
              0.0
            ],
            [
              88.094212,
              27.946347,
              0.0
            ],
            [
              88.093782,
              27.946351,
              0.0
            ],
            [
              88.093379,
              27.946402,
              0.0
            ],
            [
              88.092976,
              27.946524,
              0.0
            ],
            [
              88.092574,
              27.946623,
              0.0
            ],
            [
              88.092199,
              27.946769,
              0.0
            ],
            [
              88.091852,
              27.946987,
              0.0
            ],
            [
              88.091667,
              27.947323,
              0.0
            ],
            [
              88.091778,
              27.94768,
              0.0
            ],
            [
              88.091943,
              27.948013,
              0.0
            ],
            [
              88.092027,
              27.948371,
              0.0
            ],
            [
              88.091977,
              27.948729,
              0.0
            ],
            [
              88.091819,
              27.949113,
              0.0
            ],
            [
              88.091823,
              27.949495,
              0.0
            ],
            [
              88.09194,
              27.949798,
              0.0
            ]
          ],
          [
            [
              88.105465,
              27.926409,
              0.0
            ],
            [
              88.104936,
              27.926531,
              0.0
            ],
            [
              88.104338,
              27.926536,
              0.0
            ],
            [
              88.103807,
              27.92654,
              0.0
            ],
            [
              88.103275,
              27.926426,
              0.0
            ],
            [
              88.102676,
              27.926254,
              0.0
            ],
            [
              88.102144,
              27.926082,
              0.0
            ],
            [
              88.101677,
              27.92585,
              0.0
            ],
            [
              88.10121,
              27.925618,
              0.0
            ],
            [
              88.100743,
              27.925386,
              0.0
            ],
            [
              88.100276,
              27.925095,
              0.0
            ],
            [
              88.099841,
              27.924858,
              0.0
            ],
            [
              88.099889,
              27.924381,
              0.0
            ],
            [
              88.099884,
              27.923904,
              0.0
            ],
            [
              88.09988,
              27.923426,
              0.0
            ],
            [
              88.099875,
              27.922948,
              0.0
            ],
            [
              88.09987,
              27.922471,
              0.0
            ],
            [
              88.099918,
              27.921945,
              0.0
            ],
            [
              88.099918,
              27.921897,
              0.0
            ],
            [
              88.100391,
              27.920843,
              0.0
            ],
            [
              88.100494,
              27.920364,
              0.0
            ],
            [
              88.100705,
              27.919933,
              0.0
            ],
            [
              88.100915,
              27.919501,
              0.0
            ],
            [
              88.101018,
              27.919023,
              0.0
            ],
            [
              88.101013,
              27.918545,
              0.0
            ],
            [
              88.101008,
              27.91802,
              0.0
            ],
            [
              88.101003,
              27.917542,
              0.0
            ],
            [
              88.100998,
              27.917064,
              0.0
            ],
            [
              88.100993,
              27.916587,
              0.0
            ],
            [
              88.100935,
              27.91611,
              0.0
            ],
            [
              88.10093,
              27.915632,
              0.0
            ],
            [
              88.100871,
              27.915155,
              0.0
            ],
            [
              88.100867,
              27.914677,
              0.0
            ],
            [
              88.100808,
              27.9142,
              0.0
            ],
            [
              88.100803,
              27.913722,
              0.0
            ],
            [
              88.100852,
              27.913244,
              0.0
            ],
            [
              88.100955,
              27.912766,
              0.0
            ],
            [
              88.101057,
              27.912287,
              0.0
            ],
            [
              88.101376,
              27.911903,
              0.0
            ],
            [
              88.101803,
              27.911565,
              0.0
            ],
            [
              88.102285,
              27.911418,
              0.0
            ],
            [
              88.102822,
              27.911318,
              0.0
            ],
            [
              88.10336,
              27.911314,
              0.0
            ],
            [
              88.103897,
              27.911309,
              0.0
            ],
            [
              88.104435,
              27.911305,
              0.0
            ],
            [
              88.104973,
              27.911301,
              0.0
            ],
            [
              88.105565,
              27.911392,
              0.0
            ],
            [
              88.106157,
              27.911482,
              0.0
            ],
            [
              88.106696,
              27.911526,
              0.0
            ],
            [
              88.107181,
              27.911665,
              0.0
            ],
            [
              88.107719,
              27.911709,
              0.0
            ],
            [
              88.108257,
              27.911752,
              0.0
            ],
            [
              88.108849,
              27.911795,
              0.0
            ],
            [
              88.109387,
              27.911838,
              0.0
            ],
            [
              88.109925,
              27.911834,
              0.0
            ],
            [
              88.110463,
              27.911878,
              0.0
            ],
            [
              88.111002,
              27.911969,
              0.0
            ],
            [
              88.111487,
              27.912108,
              0.0
            ],
            [
              88.112027,
              27.912295,
              0.0
            ],
            [
              88.112512,
              27.912434,
              0.0
            ],
            [
              88.112547,
              27.912448,
              0.0
            ],
            [
              88.112776,
              27.912648,
              0.0
            ],
            [
              88.113187,
              27.913006,
              0.0
            ],
            [
              88.113597,
              27.913312,
              0.0
            ],
            [
              88.114065,
              27.913618,
              0.0
            ],
            [
              88.11459,
              27.913769,
              0.0
            ],
            [
              88.114808,
              27.913723,
              0.0
            ],
            [
              88.114762,
              27.914074,
              0.0
            ],
            [
              88.114634,
              27.914546,
              0.0
            ],
            [
              88.114589,
              27.914891,
              0.0
            ],
            [
              88.114515,
              27.914783,
              0.0
            ],
            [
              88.114213,
              27.915173,
              0.0
            ],
            [
              88.114,
              27.915601,
              0.0
            ],
            [
              88.113567,
              27.915914,
              0.0
            ],
            [
              88.113044,
              27.915918,
              0.0
            ],
            [
              88.112521,
              27.915923,
              0.0
            ],
            [
              88.111998,
              27.916004,
              0.0
            ],
            [
              88.111475,
              27.91597,
              0.0
            ],
            [
              88.111036,
              27.915702,
              0.0
            ],
            [
              88.110469,
              27.915707,
              0.0
            ],
            [
              88.109947,
              27.915827,
              0.0
            ],
            [
              88.109602,
              27.916217,
              0.0
            ],
            [
              88.109213,
              27.91653,
              0.0
            ],
            [
              88.108852,
              27.916587,
              0.0
            ],
            [
              88.108898,
              27.916724,
              0.0
            ],
            [
              88.108686,
              27.916834,
              0.0
            ],
            [
              88.108358,
              27.91725,
              0.0
            ],
            [
              88.108097,
              27.917664,
              0.0
            ],
            [
              88.107836,
              27.918079,
              0.0
            ],
            [
              88.107441,
              27.918436,
              0.0
            ],
            [
              88.10718,
              27.91885,
              0.0
            ],
            [
              88.106919,
              27.919265,
              0.0
            ],
            [
              88.106725,
              27.919738,
              0.0
            ],
            [
              88.106408,
              27.920025,
              0.0
            ],
            [
              88.10633,
              27.92031,
              0.0
            ],
            [
              88.10616,
              27.920738,
              0.0
            ],
            [
              88.105903,
              27.921166,
              0.0
            ],
            [
              88.105752,
              27.921468,
              0.0
            ],
            [
              88.10595,
              27.921925,
              0.0
            ],
            [
              88.106286,
              27.922335,
              0.0
            ],
            [
              88.10649,
              27.922805,
              0.0
            ],
            [
              88.106493,
              27.923108,
              0.0
            ],
            [
              88.106578,
              27.923174,
              0.0
            ],
            [
              88.10693,
              27.923559,
              0.0
            ],
            [
              88.107297,
              27.923782,
              0.0
            ],
            [
              88.107301,
              27.924213,
              0.0
            ],
            [
              88.107239,
              27.924685,
              0.0
            ],
            [
              88.107112,
              27.925158,
              0.0
            ],
            [
              88.106851,
              27.925631,
              0.0
            ],
            [
              88.106456,
              27.925929,
              0.0
            ],
            [
              88.105994,
              27.926169,
              0.0
            ],
            [
              88.105465,
              27.926409,
              0.0
            ]
          ],
          [
            [
              88.089559,
              27.905931,
              0.0
            ],
            [
              88.089072,
              27.905696,
              0.0
            ],
            [
              88.088534,
              27.905652,
              0.0
            ],
            [
              88.087943,
              27.905657,
              0.0
            ],
            [
              88.087405,
              27.905661,
              0.0
            ],
            [
              88.086923,
              27.905808,
              0.0
            ],
            [
              88.086721,
              27.905828,
              0.0
            ],
            [
              88.086603,
              27.905524,
              0.0
            ],
            [
              88.086367,
              27.905112,
              0.0
            ],
            [
              88.086246,
              27.904649,
              0.0
            ],
            [
              88.086591,
              27.904284,
              0.0
            ],
            [
              88.087171,
              27.904125,
              0.0
            ],
            [
              88.087864,
              27.903706,
              0.0
            ],
            [
              88.088034,
              27.90324,
              0.0
            ],
            [
              88.088319,
              27.902721,
              0.0
            ],
            [
              88.088664,
              27.902357,
              0.0
            ],
            [
              88.088717,
              27.90184,
              0.0
            ],
            [
              88.088712,
              27.901376,
              0.0
            ],
            [
              88.088708,
              27.900911,
              0.0
            ],
            [
              88.088819,
              27.900445,
              0.0
            ],
            [
              88.088989,
              27.899979,
              0.0
            ],
            [
              88.089158,
              27.899461,
              0.0
            ],
            [
              88.08927,
              27.898996,
              0.0
            ],
            [
              88.089237,
              27.898911,
              0.0
            ],
            [
              88.089296,
              27.898952,
              0.0
            ],
            [
              88.089654,
              27.899343,
              0.0
            ],
            [
              88.090099,
              27.899575,
              0.0
            ],
            [
              88.090543,
              27.899807,
              0.0
            ],
            [
              88.090912,
              27.899859,
              0.0
            ],
            [
              88.090896,
              27.899901,
              0.0
            ],
            [
              88.090685,
              27.900333,
              0.0
            ],
            [
              88.090475,
              27.900812,
              0.0
            ],
            [
              88.090319,
              27.901291,
              0.0
            ],
            [
              88.09027,
              27.901769,
              0.0
            ],
            [
              88.090328,
              27.902246,
              0.0
            ],
            [
              88.090547,
              27.902675,
              0.0
            ],
            [
              88.090874,
              27.903054,
              0.0
            ],
            [
              88.091254,
              27.903386,
              0.0
            ],
            [
              88.091419,
              27.903814,
              0.0
            ],
            [
              88.091585,
              27.904243,
              0.0
            ],
            [
              88.091643,
              27.90472,
              0.0
            ],
            [
              88.091702,
              27.905197,
              0.0
            ],
            [
              88.091814,
              27.905674,
              0.0
            ],
            [
              88.09198,
              27.906102,
              0.0
            ],
            [
              88.092145,
              27.906531,
              0.0
            ],
            [
              88.092258,
              27.907008,
              0.0
            ],
            [
              88.09183,
              27.907298,
              0.0
            ],
            [
              88.091403,
              27.907588,
              0.0
            ],
            [
              88.09097,
              27.907305,
              0.0
            ],
            [
              88.090751,
              27.906876,
              0.0
            ],
            [
              88.090424,
              27.906497,
              0.0
            ],
            [
              88.090045,
              27.906165,
              0.0
            ],
            [
              88.089559,
              27.905931,
              0.0
            ]
          ],
          [
            [
              88.107647,
              27.899868,
              0.0
            ],
            [
              88.107919,
              27.899622,
              0.0
            ],
            [
              88.108291,
              27.899237,
              0.0
            ],
            [
              88.108718,
              27.898947,
              0.0
            ],
            [
              88.109145,
              27.898657,
              0.0
            ],
            [
              88.109577,
              27.898306,
              0.0
            ],
            [
              88.109898,
              27.898366,
              0.0
            ],
            [
              88.110538,
              27.898413,
              0.0
            ],
            [
              88.111062,
              27.898512,
              0.0
            ],
            [
              88.111586,
              27.898559,
              0.0
            ],
            [
              88.112109,
              27.898607,
              0.0
            ],
            [
              88.112633,
              27.898654,
              0.0
            ],
            [
              88.113156,
              27.89865,
              0.0
            ],
            [
              88.113526,
              27.898574,
              0.0
            ],
            [
              88.113608,
              27.898581,
              0.0
            ],
            [
              88.114272,
              27.898635,
              0.0
            ],
            [
              88.114803,
              27.898689,
              0.0
            ],
            [
              88.11527,
              27.898921,
              0.0
            ],
            [
              88.115236,
              27.898976,
              0.0
            ],
            [
              88.115009,
              27.899336,
              0.0
            ],
            [
              88.114615,
              27.899693,
              0.0
            ],
            [
              88.114354,
              27.900108,
              0.0
            ],
            [
              88.113958,
              27.900406,
              0.0
            ],
            [
              88.113497,
              27.900645,
              0.0
            ],
            [
              88.113102,
              27.901002,
              0.0
            ],
            [
              88.112708,
              27.901359,
              0.0
            ],
            [
              88.112179,
              27.90154,
              0.0
            ],
            [
              88.111648,
              27.901544,
              0.0
            ],
            [
              88.111384,
              27.901546,
              0.0
            ],
            [
              88.111387,
              27.901814,
              0.0
            ],
            [
              88.111449,
              27.902279,
              0.0
            ],
            [
              88.11145,
              27.902366,
              0.0
            ],
            [
              88.11133,
              27.902584,
              0.0
            ],
            [
              88.111076,
              27.90293,
              0.0
            ],
            [
              88.110868,
              27.903213,
              0.0
            ],
            [
              88.110703,
              27.903214,
              0.0
            ],
            [
              88.110064,
              27.903219,
              0.0
            ],
            [
              88.109482,
              27.903172,
              0.0
            ],
            [
              88.108901,
              27.903177,
              0.0
            ],
            [
              88.108378,
              27.903233,
              0.0
            ],
            [
              88.108063,
              27.903376,
              0.0
            ],
            [
              88.107902,
              27.903253,
              0.0
            ],
            [
              88.107505,
              27.903061,
              0.0
            ],
            [
              88.107504,
              27.902982,
              0.0
            ],
            [
              88.107441,
              27.902517,
              0.0
            ],
            [
              88.107436,
              27.902053,
              0.0
            ],
            [
              88.10749,
              27.901588,
              0.0
            ],
            [
              88.107485,
              27.901123,
              0.0
            ],
            [
              88.107597,
              27.900657,
              0.0
            ],
            [
              88.107649,
              27.900089,
              0.0
            ],
            [
              88.107647,
              27.899868,
              0.0
            ]
          ],
          [
            [
              88.097182,
              27.899422,
              0.0
            ],
            [
              88.096971,
              27.899853,
              0.0
            ],
            [
              88.096433,
              27.89981,
              0.0
            ],
            [
              88.095947,
              27.899623,
              0.0
            ],
            [
              88.095514,
              27.899339,
              0.0
            ],
            [
              88.095134,
              27.899008,
              0.0
            ],
            [
              88.094754,
              27.898629,
              0.0
            ],
            [
              88.094268,
              27.898442,
              0.0
            ],
            [
              88.09373,
              27.898351,
              0.0
            ],
            [
              88.093138,
              27.898307,
              0.0
            ],
            [
              88.092601,
              27.89836,
              0.0
            ],
            [
              88.092064,
              27.898459,
              0.0
            ],
            [
              88.091862,
              27.898561,
              0.0
            ],
            [
              88.091858,
              27.898539,
              0.0
            ],
            [
              88.091941,
              27.898067,
              0.0
            ],
            [
              88.091937,
              27.897595,
              0.0
            ],
            [
              88.091755,
              27.897125,
              0.0
            ],
            [
              88.091672,
              27.896705,
              0.0
            ],
            [
              88.092095,
              27.896701,
              0.0
            ],
            [
              88.092617,
              27.896594,
              0.0
            ],
            [
              88.093079,
              27.89628,
              0.0
            ],
            [
              88.093365,
              27.895865,
              0.0
            ],
            [
              88.093827,
              27.895551,
              0.0
            ],
            [
              88.09423,
              27.895187,
              0.0
            ],
            [
              88.09475,
              27.894821,
              0.0
            ],
            [
              88.094911,
              27.894754,
              0.0
            ],
            [
              88.095214,
              27.894859,
              0.0
            ],
            [
              88.095697,
              27.894855,
              0.0
            ],
            [
              88.096007,
              27.894798,
              0.0
            ],
            [
              88.097198,
              27.897069,
              0.0
            ],
            [
              88.097054,
              27.897464,
              0.0
            ],
            [
              88.097005,
              27.897942,
              0.0
            ],
            [
              88.09701,
              27.89842,
              0.0
            ],
            [
              88.097123,
              27.898945,
              0.0
            ],
            [
              88.097182,
              27.899422,
              0.0
            ]
          ],
          [
            [
              88.112131,
              27.894992,
              0.0
            ],
            [
              88.11201,
              27.894528,
              0.0
            ],
            [
              88.111947,
              27.894064,
              0.0
            ],
            [
              88.111884,
              27.8936,
              0.0
            ],
            [
              88.111821,
              27.893135,
              0.0
            ],
            [
              88.1117,
              27.892671,
              0.0
            ],
            [
              88.111405,
              27.892261,
              0.0
            ],
            [
              88.111052,
              27.89217,
              0.0
            ],
            [
              88.110957,
              27.891764,
              0.0
            ],
            [
              88.11047,
              27.89153,
              0.0
            ],
            [
              88.109933,
              27.891534,
              0.0
            ],
            [
              88.109395,
              27.89149,
              0.0
            ],
            [
              88.108909,
              27.891351,
              0.0
            ],
            [
              88.108372,
              27.891403,
              0.0
            ],
            [
              88.108216,
              27.891593,
              0.0
            ],
            [
              88.108055,
              27.891537,
              0.0
            ],
            [
              88.108026,
              27.891462,
              0.0
            ],
            [
              88.107789,
              27.890999,
              0.0
            ],
            [
              88.107668,
              27.890535,
              0.0
            ],
            [
              88.107546,
              27.89002,
              0.0
            ],
            [
              88.107367,
              27.889556,
              0.0
            ],
            [
              88.107246,
              27.889092,
              0.0
            ],
            [
              88.107139,
              27.888883,
              0.0
            ],
            [
              88.10747,
              27.888669,
              0.0
            ],
            [
              88.107531,
              27.888197,
              0.0
            ],
            [
              88.107394,
              27.887727,
              0.0
            ],
            [
              88.107323,
              27.887256,
              0.0
            ],
            [
              88.107319,
              27.886865,
              0.0
            ],
            [
              88.107513,
              27.886715,
              0.0
            ],
            [
              88.107858,
              27.886351,
              0.0
            ],
            [
              88.10799,
              27.886179,
              0.0
            ],
            [
              88.108149,
              27.8864,
              0.0
            ],
            [
              88.108154,
              27.886865,
              0.0
            ],
            [
              88.108158,
              27.887329,
              0.0
            ],
            [
              88.108279,
              27.887793,
              0.0
            ],
            [
              88.108458,
              27.888256,
              0.0
            ],
            [
              88.108637,
              27.88872,
              0.0
            ],
            [
              88.108874,
              27.889131,
              0.0
            ],
            [
              88.109111,
              27.889542,
              0.0
            ],
            [
              88.109463,
              27.889901,
              0.0
            ],
            [
              88.109808,
              27.889485,
              0.0
            ],
            [
              88.110036,
              27.88907,
              0.0
            ],
            [
              88.110147,
              27.888604,
              0.0
            ],
            [
              88.110259,
              27.888139,
              0.0
            ],
            [
              88.110604,
              27.887774,
              0.0
            ],
            [
              88.110899,
              27.888185,
              0.0
            ],
            [
              88.111252,
              27.888595,
              0.0
            ],
            [
              88.111777,
              27.888798,
              0.0
            ],
            [
              88.112187,
              27.889156,
              0.0
            ],
            [
              88.11265,
              27.888894,
              0.0
            ],
            [
              88.112645,
              27.888429,
              0.0
            ],
            [
              88.112582,
              27.887965,
              0.0
            ],
            [
              88.112403,
              27.887502,
              0.0
            ],
            [
              88.112281,
              27.886986,
              0.0
            ],
            [
              88.112219,
              27.886526,
              0.0
            ],
            [
              88.112386,
              27.886554,
              0.0
            ],
            [
              88.11279,
              27.886622,
              0.0
            ],
            [
              88.113274,
              27.886618,
              0.0
            ],
            [
              88.113678,
              27.886687,
              0.0
            ],
            [
              88.114163,
              27.886826,
              0.0
            ],
            [
              88.114567,
              27.886894,
              0.0
            ],
            [
              88.114971,
              27.887034,
              0.0
            ],
            [
              88.115376,
              27.887175,
              0.0
            ],
            [
              88.115781,
              27.887386,
              0.0
            ],
            [
              88.116188,
              27.887669,
              0.0
            ],
            [
              88.116592,
              27.88781,
              0.0
            ],
            [
              88.116997,
              27.88795,
              0.0
            ],
            [
              88.117401,
              27.888018,
              0.0
            ],
            [
              88.117965,
              27.888013,
              0.0
            ],
            [
              88.118367,
              27.887938,
              0.0
            ],
            [
              88.118851,
              27.887934,
              0.0
            ],
            [
              88.119253,
              27.887788,
              0.0
            ],
            [
              88.119655,
              27.887641,
              0.0
            ],
            [
              88.119784,
              27.887571,
              0.0
            ],
            [
              88.120018,
              27.887698,
              0.0
            ],
            [
              88.120543,
              27.887797,
              0.0
            ],
            [
              88.121067,
              27.887948,
              0.0
            ],
            [
              88.121651,
              27.88815,
              0.0
            ],
            [
              88.121695,
              27.888179,
              0.0
            ],
            [
              88.122219,
              27.888226,
              0.0
            ],
            [
              88.122817,
              27.88828,
              0.0
            ],
            [
              88.123415,
              27.888393,
              0.0
            ],
            [
              88.123685,
              27.888804,
              0.0
            ],
            [
              88.123889,
              27.889333,
              0.0
            ],
            [
              88.124093,
              27.889802,
              0.0
            ],
            [
              88.123965,
              27.890275,
              0.0
            ],
            [
              88.123504,
              27.890515,
              0.0
            ],
            [
              88.123311,
              27.890495,
              0.0
            ],
            [
              88.122972,
              27.89046,
              0.0
            ],
            [
              88.122634,
              27.890292,
              0.0
            ],
            [
              88.122505,
              27.890228,
              0.0
            ],
            [
              88.121841,
              27.890115,
              0.0
            ],
            [
              88.121243,
              27.890061,
              0.0
            ],
            [
              88.120646,
              27.890007,
              0.0
            ],
            [
              88.120114,
              27.889953,
              0.0
            ],
            [
              88.119583,
              27.889898,
              0.0
            ],
            [
              88.118999,
              27.889961,
              0.0
            ],
            [
              88.118455,
              27.889907,
              0.0
            ],
            [
              88.117924,
              27.889853,
              0.0
            ],
            [
              88.117392,
              27.88968,
              0.0
            ],
            [
              88.117056,
              27.889329,
              0.0
            ],
            [
              88.11659,
              27.889097,
              0.0
            ],
            [
              88.116128,
              27.889337,
              0.0
            ],
            [
              88.1158,
              27.889693,
              0.0
            ],
            [
              88.11559,
              27.890074,
              0.0
            ],
            [
              88.115539,
              27.890167,
              0.0
            ],
            [
              88.115544,
              27.890638,
              0.0
            ],
            [
              88.115483,
              27.89111,
              0.0
            ],
            [
              88.115487,
              27.891582,
              0.0
            ],
            [
              88.115426,
              27.892054,
              0.0
            ],
            [
              88.115165,
              27.892468,
              0.0
            ],
            [
              88.114904,
              27.892883,
              0.0
            ],
            [
              88.11495,
              27.89319,
              0.0
            ],
            [
              88.114975,
              27.893354,
              0.0
            ],
            [
              88.115049,
              27.893525,
              0.0
            ],
            [
              88.114687,
              27.893798,
              0.0
            ],
            [
              88.114292,
              27.894096,
              0.0
            ],
            [
              88.113897,
              27.894394,
              0.0
            ],
            [
              88.113435,
              27.894634,
              0.0
            ],
            [
              88.113241,
              27.895107,
              0.0
            ],
            [
              88.113179,
              27.895579,
              0.0
            ],
            [
              88.113384,
              27.896166,
              0.0
            ],
            [
              88.113512,
              27.896442,
              0.0
            ],
            [
              88.113333,
              27.89655,
              0.0
            ],
            [
              88.112947,
              27.896667,
              0.0
            ],
            [
              88.112671,
              27.896793,
              0.0
            ],
            [
              88.112435,
              27.896384,
              0.0
            ],
            [
              88.112314,
              27.89592,
              0.0
            ],
            [
              88.112252,
              27.895456,
              0.0
            ],
            [
              88.112131,
              27.894992,
              0.0
            ]
          ],
          [
            [
              88.083614,
              27.903017,
              0.0
            ],
            [
              88.083033,
              27.903125,
              0.0
            ],
            [
              88.082562,
              27.903128,
              0.0
            ],
            [
              88.082269,
              27.902788,
              0.0
            ],
            [
              88.082253,
              27.902309,
              0.0
            ],
            [
              88.082248,
              27.901837,
              0.0
            ],
            [
              88.082364,
              27.901519,
              0.0
            ],
            [
              88.082379,
              27.901632,
              0.0
            ],
            [
              88.0825,
              27.902096,
              0.0
            ],
            [
              88.082968,
              27.90235,
              0.0
            ],
            [
              88.083491,
              27.902398,
              0.0
            ],
            [
              88.084076,
              27.902755,
              0.0
            ],
            [
              88.084077,
              27.902807,
              0.0
            ],
            [
              88.083614,
              27.903017,
              0.0
            ]
          ],
          [
            [
              88.121404,
              27.940827,
              0.0
            ],
            [
              88.121443,
              27.94036,
              0.0
            ],
            [
              88.120917,
              27.940364,
              0.0
            ],
            [
              88.120819,
              27.94038,
              0.0
            ],
            [
              88.120721,
              27.940331,
              0.0
            ],
            [
              88.12029,
              27.940286,
              0.0
            ],
            [
              88.11986,
              27.94029,
              0.0
            ],
            [
              88.119428,
              27.940198,
              0.0
            ],
            [
              88.118997,
              27.940106,
              0.0
            ],
            [
              88.118672,
              27.93987,
              0.0
            ],
            [
              88.118671,
              27.939791,
              0.0
            ],
            [
              88.118854,
              27.939604,
              0.0
            ],
            [
              88.119024,
              27.939177,
              0.0
            ],
            [
              88.119282,
              27.938788,
              0.0
            ],
            [
              88.119583,
              27.938398,
              0.0
            ],
            [
              88.119928,
              27.938046,
              0.0
            ],
            [
              88.120186,
              27.937657,
              0.0
            ],
            [
              88.1204,
              27.937229,
              0.0
            ],
            [
              88.120482,
              27.936764,
              0.0
            ],
            [
              88.120521,
              27.936299,
              0.0
            ],
            [
              88.120533,
              27.936227,
              0.0
            ],
            [
              88.121002,
              27.93645,
              0.0
            ],
            [
              88.121398,
              27.936756,
              0.0
            ],
            [
              88.121663,
              27.937142,
              0.0
            ],
            [
              88.122016,
              27.937487,
              0.0
            ],
            [
              88.122239,
              27.93795,
              0.0
            ],
            [
              88.122418,
              27.938413,
              0.0
            ],
            [
              88.12251,
              27.938878,
              0.0
            ],
            [
              88.122602,
              27.93938,
              0.0
            ],
            [
              88.122694,
              27.939844,
              0.0
            ],
            [
              88.122654,
              27.940028,
              0.0
            ],
            [
              88.122711,
              27.94041,
              0.0
            ],
            [
              88.12293,
              27.940742,
              0.0
            ],
            [
              88.123308,
              27.94093,
              0.0
            ],
            [
              88.123634,
              27.941167,
              0.0
            ],
            [
              88.123905,
              27.941451,
              0.0
            ],
            [
              88.124177,
              27.941735,
              0.0
            ],
            [
              88.12445,
              27.942067,
              0.0
            ],
            [
              88.124615,
              27.9424,
              0.0
            ],
            [
              88.124726,
              27.942782,
              0.0
            ],
            [
              88.124891,
              27.943115,
              0.0
            ],
            [
              88.125109,
              27.943447,
              0.0
            ],
            [
              88.125381,
              27.943732,
              0.0
            ],
            [
              88.1256,
              27.944064,
              0.0
            ],
            [
              88.125872,
              27.944349,
              0.0
            ],
            [
              88.126037,
              27.944682,
              0.0
            ],
            [
              88.126041,
              27.945064,
              0.0
            ],
            [
              88.125991,
              27.945446,
              0.0
            ],
            [
              88.125779,
              27.945782,
              0.0
            ],
            [
              88.125676,
              27.945946,
              0.0
            ],
            [
              88.125227,
              27.946011,
              0.0
            ],
            [
              88.124701,
              27.946015,
              0.0
            ],
            [
              88.124175,
              27.94602,
              0.0
            ],
            [
              88.123649,
              27.945985,
              0.0
            ],
            [
              88.123121,
              27.945795,
              0.0
            ],
            [
              88.122595,
              27.945838,
              0.0
            ],
            [
              88.122255,
              27.946112,
              0.0
            ],
            [
              88.122232,
              27.946098,
              0.0
            ],
            [
              88.122162,
              27.94599,
              0.0
            ],
            [
              88.121852,
              27.946039,
              0.0
            ],
            [
              88.121498,
              27.945691,
              0.0
            ],
            [
              88.121581,
              27.945224,
              0.0
            ],
            [
              88.121884,
              27.944832,
              0.0
            ],
            [
              88.121924,
              27.944807,
              0.0
            ],
            [
              88.121948,
              27.944619,
              0.0
            ],
            [
              88.122106,
              27.944284,
              0.0
            ],
            [
              88.122426,
              27.944042,
              0.0
            ],
            [
              88.122692,
              27.943754,
              0.0
            ],
            [
              88.122688,
              27.943371,
              0.0
            ],
            [
              88.122523,
              27.943038,
              0.0
            ],
            [
              88.122305,
              27.942706,
              0.0
            ],
            [
              88.12198,
              27.94247,
              0.0
            ],
            [
              88.121602,
              27.942329,
              0.0
            ],
            [
              88.12133,
              27.942045,
              0.0
            ],
            [
              88.12138,
              27.941663,
              0.0
            ],
            [
              88.12131,
              27.941425,
              0.0
            ],
            [
              88.121321,
              27.941295,
              0.0
            ],
            [
              88.121404,
              27.940827,
              0.0
            ]
          ],
          [
            [
              88.12866,
              27.938943,
              0.0
            ],
            [
              88.129182,
              27.938862,
              0.0
            ],
            [
              88.129705,
              27.938857,
              0.0
            ],
            [
              88.129963,
              27.938468,
              0.0
            ],
            [
              88.129915,
              27.938004,
              0.0
            ],
            [
              88.129735,
              27.93754,
              0.0
            ],
            [
              88.129426,
              27.937156,
              0.0
            ],
            [
              88.12903,
              27.93681,
              0.0
            ],
            [
              88.128764,
              27.936425,
              0.0
            ],
            [
              88.128542,
              27.936001,
              0.0
            ],
            [
              88.12854,
              27.935851,
              0.0
            ],
            [
              88.128719,
              27.935415,
              0.0
            ],
            [
              88.129114,
              27.935117,
              0.0
            ],
            [
              88.129646,
              27.935172,
              0.0
            ],
            [
              88.130113,
              27.935463,
              0.0
            ],
            [
              88.13058,
              27.935695,
              0.0
            ],
            [
              88.130888,
              27.935753,
              0.0
            ],
            [
              88.131028,
              27.936019,
              0.0
            ],
            [
              88.131164,
              27.936483,
              0.0
            ],
            [
              88.131342,
              27.936907,
              0.0
            ],
            [
              88.131522,
              27.937448,
              0.0
            ],
            [
              88.131585,
              27.937596,
              0.0
            ],
            [
              88.131557,
              27.937663,
              0.0
            ],
            [
              88.131454,
              27.938046,
              0.0
            ],
            [
              88.13135,
              27.938429,
              0.0
            ],
            [
              88.131138,
              27.938765,
              0.0
            ],
            [
              88.130927,
              27.939101,
              0.0
            ],
            [
              88.130661,
              27.93939,
              0.0
            ],
            [
              88.130287,
              27.939631,
              0.0
            ],
            [
              88.129858,
              27.93973,
              0.0
            ],
            [
              88.129428,
              27.939782,
              0.0
            ],
            [
              88.129374,
              27.939782,
              0.0
            ],
            [
              88.129252,
              27.939885,
              0.0
            ],
            [
              88.129017,
              27.939793,
              0.0
            ],
            [
              88.128513,
              27.939611,
              0.0
            ],
            [
              88.128438,
              27.939292,
              0.0
            ],
            [
              88.128493,
              27.939034,
              0.0
            ],
            [
              88.12866,
              27.938943,
              0.0
            ]
          ],
          [
            [
              88.111241,
              27.926598,
              0.0
            ],
            [
              88.111236,
              27.926127,
              0.0
            ],
            [
              88.111497,
              27.925712,
              0.0
            ],
            [
              88.111959,
              27.925472,
              0.0
            ],
            [
              88.112087,
              27.925,
              0.0
            ],
            [
              88.111949,
              27.924529,
              0.0
            ],
            [
              88.111945,
              27.924058,
              0.0
            ],
            [
              88.11194,
              27.923586,
              0.0
            ],
            [
              88.112335,
              27.923289,
              0.0
            ],
            [
              88.112933,
              27.923343,
              0.0
            ],
            [
              88.113465,
              27.923515,
              0.0
            ],
            [
              88.113735,
              27.923926,
              0.0
            ],
            [
              88.11374,
              27.924397,
              0.0
            ],
            [
              88.113479,
              27.924812,
              0.0
            ],
            [
              88.113351,
              27.925284,
              0.0
            ],
            [
              88.113422,
              27.925755,
              0.0
            ],
            [
              88.113626,
              27.926225,
              0.0
            ],
            [
              88.113432,
              27.926698,
              0.0
            ],
            [
              88.11297,
              27.926997,
              0.0
            ],
            [
              88.11244,
              27.927119,
              0.0
            ],
            [
              88.111844,
              27.927183,
              0.0
            ],
            [
              88.111342,
              27.927243,
              0.0
            ],
            [
              88.111312,
              27.927128,
              0.0
            ],
            [
              88.111241,
              27.926598,
              0.0
            ]
          ]
        ]
      }
    },
    {
      "type": "Feature",
      "properties": {
        "rgi_id": "RGI2000-v7.0-G-15-07984",
        "lake_cat": 3,
        "image_id": "LE07_L1TP_139041_20001226_20200917_02_T1",
        "image_date": "2000-12-26",
        "inventory_doi": "https://doi.org/10.5194/essd-12-2169-2020",
        "contributor": "1.0",
        "source": "GLIMS-RGI lake_terminating dataset; RGI v7 Region 15",
        "source_url": "https://github.com/GLIMS-RGI/lake_terminating"
      },
      "geometry": {
        "type": "Polygon",
        "coordinates": [
          [
            [
              88.124057,
              27.90483,
              0.0
            ],
            [
              88.123981,
              27.904995,
              0.0
            ],
            [
              88.123724,
              27.905385,
              0.0
            ],
            [
              88.123554,
              27.905812,
              0.0
            ],
            [
              88.123296,
              27.906201,
              0.0
            ],
            [
              88.122995,
              27.906591,
              0.0
            ],
            [
              88.122562,
              27.906827,
              0.0
            ],
            [
              88.122173,
              27.90714,
              0.0
            ],
            [
              88.121695,
              27.907376,
              0.0
            ],
            [
              88.12135,
              27.907728,
              0.0
            ],
            [
              88.121268,
              27.908232,
              0.0
            ],
            [
              88.121273,
              27.908697,
              0.0
            ],
            [
              88.121278,
              27.909161,
              0.0
            ],
            [
              88.121283,
              27.909626,
              0.0
            ],
            [
              88.121375,
              27.91009,
              0.0
            ],
            [
              88.1214,
              27.910167,
              0.0
            ],
            [
              88.121159,
              27.910363,
              0.0
            ],
            [
              88.120913,
              27.910266,
              0.0
            ],
            [
              88.120918,
              27.910681,
              0.0
            ],
            [
              88.120805,
              27.911206,
              0.0
            ],
            [
              88.120692,
              27.911731,
              0.0
            ],
            [
              88.120461,
              27.912152,
              0.0
            ],
            [
              88.120348,
              27.912677,
              0.0
            ],
            [
              88.120354,
              27.913201,
              0.0
            ],
            [
              88.120004,
              27.913623,
              0.0
            ],
            [
              88.119892,
              27.914147,
              0.0
            ],
            [
              88.11966,
              27.914568,
              0.0
            ],
            [
              88.119547,
              27.915093,
              0.0
            ],
            [
              88.11944,
              27.915337,
              0.0
            ],
            [
              88.119555,
              27.91545,
              0.0
            ],
            [
              88.120078,
              27.915407,
              0.0
            ],
            [
              88.120687,
              27.915247,
              0.0
            ],
            [
              88.121082,
              27.915553,
              0.0
            ],
            [
              88.121218,
              27.916017,
              0.0
            ],
            [
              88.121397,
              27.916442,
              0.0
            ],
            [
              88.121575,
              27.916866,
              0.0
            ],
            [
              88.121754,
              27.917291,
              0.0
            ],
            [
              88.12189,
              27.917755,
              0.0
            ],
            [
              88.122025,
              27.918218,
              0.0
            ],
            [
              88.122248,
              27.918642,
              0.0
            ],
            [
              88.1226,
              27.919027,
              0.0
            ],
            [
              88.122624,
              27.919048,
              0.0
            ],
            [
              88.122646,
              27.919259,
              0.0
            ],
            [
              88.122695,
              27.919762,
              0.0
            ],
            [
              88.1227,
              27.920227,
              0.0
            ],
            [
              88.122922,
              27.920651,
              0.0
            ],
            [
              88.123102,
              27.921114,
              0.0
            ],
            [
              88.123281,
              27.921577,
              0.0
            ],
            [
              88.123676,
              27.921884,
              0.0
            ],
            [
              88.124072,
              27.922191,
              0.0
            ],
            [
              88.124554,
              27.92238,
              0.0
            ],
            [
              88.124992,
              27.922609,
              0.0
            ],
            [
              88.125388,
              27.922955,
              0.0
            ],
            [
              88.125827,
              27.923222,
              0.0
            ],
            [
              88.126352,
              27.923373,
              0.0
            ],
            [
              88.126876,
              27.923446,
              0.0
            ],
            [
              88.127398,
              27.923403,
              0.0
            ],
            [
              88.127921,
              27.92336,
              0.0
            ],
            [
              88.128619,
              27.923354,
              0.0
            ],
            [
              88.128844,
              27.923261,
              0.0
            ],
            [
              88.129248,
              27.923258,
              0.0
            ],
            [
              88.130106,
              27.92306,
              0.0
            ],
            [
              88.13016,
              27.923059,
              0.0
            ],
            [
              88.130646,
              27.923246,
              0.0
            ],
            [
              88.130972,
              27.923626,
              0.0
            ],
            [
              88.131192,
              27.924054,
              0.0
            ],
            [
              88.131412,
              27.924482,
              0.0
            ],
            [
              88.131791,
              27.924813,
              0.0
            ],
            [
              88.132277,
              27.924953,
              0.0
            ],
            [
              88.132762,
              27.925092,
              0.0
            ],
            [
              88.133302,
              27.925231,
              0.0
            ],
            [
              88.133788,
              27.925465,
              0.0
            ],
            [
              88.134274,
              27.925653,
              0.0
            ],
            [
              88.134921,
              27.925838,
              0.0
            ],
            [
              88.134922,
              27.925886,
              0.0
            ],
            [
              88.134657,
              27.926318,
              0.0
            ],
            [
              88.134284,
              27.926656,
              0.0
            ],
            [
              88.133747,
              27.926708,
              0.0
            ],
            [
              88.13321,
              27.926808,
              0.0
            ],
            [
              88.132673,
              27.92686,
              0.0
            ],
            [
              88.132137,
              27.92696,
              0.0
            ],
            [
              88.1316,
              27.92706,
              0.0
            ],
            [
              88.131338,
              27.926691,
              0.0
            ],
            [
              88.131072,
              27.926306,
              0.0
            ],
            [
              88.13072,
              27.925961,
              0.0
            ],
            [
              88.130281,
              27.925693,
              0.0
            ],
            [
              88.129798,
              27.925426,
              0.0
            ],
            [
              88.129471,
              27.925332,
              0.0
            ],
            [
              88.129274,
              27.925275,
              0.0
            ],
            [
              88.128662,
              27.925125,
              0.0
            ],
            [
              88.128094,
              27.925053,
              0.0
            ],
            [
              88.127483,
              27.92498,
              0.0
            ],
            [
              88.126959,
              27.924984,
              0.0
            ],
            [
              88.126782,
              27.924986,
              0.0
            ],
            [
              88.127084,
              27.925196,
              0.0
            ],
            [
              88.127559,
              27.925507,
              0.0
            ],
            [
              88.128036,
              27.926027,
              0.0
            ],
            [
              88.128395,
              27.926443,
              0.0
            ],
            [
              88.128635,
              27.92686,
              0.0
            ],
            [
              88.128876,
              27.927382,
              0.0
            ],
            [
              88.129117,
              27.927799,
              0.0
            ],
            [
              88.12924,
              27.928322,
              0.0
            ],
            [
              88.129481,
              27.928844,
              0.0
            ],
            [
              88.129605,
              27.929367,
              0.0
            ],
            [
              88.129845,
              27.929784,
              0.0
            ],
            [
              88.129969,
              27.930307,
              0.0
            ],
            [
              88.13021,
              27.930829,
              0.0
            ],
            [
              88.130451,
              27.931351,
              0.0
            ],
            [
              88.130692,
              27.931768,
              0.0
            ],
            [
              88.130932,
              27.932185,
              0.0
            ],
            [
              88.131055,
              27.932708,
              0.0
            ],
            [
              88.131414,
              27.933124,
              0.0
            ],
            [
              88.131772,
              27.933541,
              0.0
            ],
            [
              88.132247,
              27.933851,
              0.0
            ],
            [
              88.132605,
              27.934267,
              0.0
            ],
            [
              88.133081,
              27.934578,
              0.0
            ],
            [
              88.133555,
              27.934783,
              0.0
            ],
            [
              88.13403,
              27.935094,
              0.0
            ],
            [
              88.134506,
              27.935509,
              0.0
            ],
            [
              88.13498,
              27.935715,
              0.0
            ],
            [
              88.135455,
              27.936025,
              0.0
            ],
            [
              88.135929,
              27.936231,
              0.0
            ],
            [
              88.136404,
              27.936436,
              0.0
            ],
            [
              88.136996,
              27.936641,
              0.0
            ],
            [
              88.137677,
              27.936736,
              0.0
            ],
            [
              88.137873,
              27.936588,
              0.0
            ],
            [
              88.138194,
              27.936347,
              0.0
            ],
            [
              88.138514,
              27.936106,
              0.0
            ],
            [
              88.138834,
              27.935864,
              0.0
            ],
            [
              88.139154,
              27.935623,
              0.0
            ],
            [
              88.13942,
              27.935334,
              0.0
            ],
            [
              88.13974,
              27.935092,
              0.0
            ],
            [
              88.14006,
              27.934803,
              0.0
            ],
            [
              88.140433,
              27.934466,
              0.0
            ],
            [
              88.140753,
              27.934224,
              0.0
            ],
            [
              88.141073,
              27.933983,
              0.0
            ],
            [
              88.141393,
              27.933693,
              0.0
            ],
            [
              88.141494,
              27.933533,
              0.0
            ],
            [
              88.14164,
              27.933423,
              0.0
            ],
            [
              88.1419,
              27.932949,
              0.0
            ],
            [
              88.142028,
              27.932476,
              0.0
            ],
            [
              88.141957,
              27.932005,
              0.0
            ],
            [
              88.141621,
              27.931654,
              0.0
            ],
            [
              88.141317,
              27.931389,
              0.0
            ],
            [
              88.140958,
              27.93166,
              0.0
            ],
            [
              88.140496,
              27.9319,
              0.0
            ],
            [
              88.139965,
              27.931963,
              0.0
            ],
            [
              88.13996,
              27.931432,
              0.0
            ],
            [
              88.140286,
              27.930899,
              0.0
            ],
            [
              88.139885,
              27.930608,
              0.0
            ],
            [
              88.139418,
              27.930376,
              0.0
            ],
            [
              88.138889,
              27.930557,
              0.0
            ],
            [
              88.138513,
              27.930686,
              0.0
            ],
            [
              88.138516,
              27.930651,
              0.0
            ],
            [
              88.138642,
              27.930186,
              0.0
            ],
            [
              88.138811,
              27.929681,
              0.0
            ],
            [
              88.138981,
              27.929253,
              0.0
            ],
            [
              88.139093,
              27.929108,
              0.0
            ],
            [
              88.139071,
              27.928964,
              0.0
            ],
            [
              88.139066,
              27.928493,
              0.0
            ],
            [
              88.139394,
              27.928136,
              0.0
            ],
            [
              88.139789,
              27.927838,
              0.0
            ],
            [
              88.14028,
              27.927834,
              0.0
            ],
            [
              88.140535,
              27.927798,
              0.0
            ],
            [
              88.141126,
              27.927745,
              0.0
            ],
            [
              88.141663,
              27.927741,
              0.0
            ],
            [
              88.142257,
              27.927927,
              0.0
            ],
            [
              88.142311,
              27.927927,
              0.0
            ],
            [
              88.142848,
              27.927922,
              0.0
            ],
            [
              88.143386,
              27.927918,
              0.0
            ],
            [
              88.143923,
              27.927865,
              0.0
            ],
            [
              88.14446,
              27.927765,
              0.0
            ],
            [
              88.144997,
              27.927665,
              0.0
            ],
            [
              88.145534,
              27.927661,
              0.0
            ],
            [
              88.146072,
              27.927609,
              0.0
            ],
            [
              88.146608,
              27.927509,
              0.0
            ],
            [
              88.147146,
              27.927457,
              0.0
            ],
            [
              88.147737,
              27.927404,
              0.0
            ],
            [
              88.148219,
              27.927257,
              0.0
            ],
            [
              88.148702,
              27.927109,
              0.0
            ],
            [
              88.149183,
              27.926914,
              0.0
            ],
            [
              88.149664,
              27.926624,
              0.0
            ],
            [
              88.150146,
              27.926428,
              0.0
            ],
            [
              88.150627,
              27.926138,
              0.0
            ],
            [
              88.151054,
              27.925848,
              0.0
            ],
            [
              88.151026,
              27.92584,
              0.0
            ],
            [
              88.151512,
              27.925619,
              0.0
            ],
            [
              88.151973,
              27.92532,
              0.0
            ],
            [
              88.151442,
              27.925266,
              0.0
            ],
            [
              88.150911,
              27.92527,
              0.0
            ],
            [
              88.150381,
              27.925334,
              0.0
            ],
            [
              88.14985,
              27.925338,
              0.0
            ],
            [
              88.149383,
              27.925106,
              0.0
            ],
            [
              88.149355,
              27.925042,
              0.0
            ],
            [
              88.149514,
              27.924987,
              0.0
            ],
            [
              88.15011,
              27.924805,
              0.0
            ],
            [
              88.150638,
              27.924565,
              0.0
            ],
            [
              88.151234,
              27.924442,
              0.0
            ],
            [
              88.151763,
              27.924261,
              0.0
            ],
            [
              88.152158,
              27.923963,
              0.0
            ],
            [
              88.152485,
              27.923548,
              0.0
            ],
            [
              88.15261,
              27.923435,
              0.0
            ],
            [
              88.153018,
              27.923395,
              0.0
            ],
            [
              88.153555,
              27.923295,
              0.0
            ],
            [
              88.154092,
              27.923243,
              0.0
            ],
            [
              88.154629,
              27.923143,
              0.0
            ],
            [
              88.15511,
              27.9229,
              0.0
            ],
            [
              88.155592,
              27.922753,
              0.0
            ],
            [
              88.155721,
              27.922701,
              0.0
            ],
            [
              88.156326,
              27.922749,
              0.0
            ],
            [
              88.156857,
              27.922745,
              0.0
            ],
            [
              88.157387,
              27.92274,
              0.0
            ],
            [
              88.157984,
              27.922677,
              0.0
            ],
            [
              88.158057,
              27.922497,
              0.0
            ],
            [
              88.158578,
              27.922377,
              0.0
            ],
            [
              88.159107,
              27.922196,
              0.0
            ],
            [
              88.159569,
              27.921956,
              0.0
            ],
            [
              88.159035,
              27.921666,
              0.0
            ],
            [
              88.158568,
              27.921434,
              0.0
            ],
            [
              88.158232,
              27.921083,
              0.0
            ],
            [
              88.158095,
              27.920613,
              0.0
            ],
            [
              88.158023,
              27.920142,
              0.0
            ],
            [
              88.157688,
              27.919791,
              0.0
            ],
            [
              88.157219,
              27.919382,
              0.0
            ],
            [
              88.157106,
              27.919326,
              0.0
            ],
            [
              88.156816,
              27.918973,
              0.0
            ],
            [
              88.156481,
              27.918622,
              0.0
            ],
            [
              88.156211,
              27.918212,
              0.0
            ],
            [
              88.156539,
              27.917855,
              0.0
            ],
            [
              88.156667,
              27.917383,
              0.0
            ],
            [
              88.156397,
              27.916972,
              0.0
            ],
            [
              88.156061,
              27.916563,
              0.0
            ],
            [
              88.15579,
              27.916035,
              0.0
            ],
            [
              88.155452,
              27.915448,
              0.0
            ],
            [
              88.155352,
              27.915292,
              0.0
            ],
            [
              88.155351,
              27.915256,
              0.0
            ],
            [
              88.155372,
              27.915052,
              0.0
            ],
            [
              88.155564,
              27.914997,
              0.0
            ],
            [
              88.155998,
              27.914761,
              0.0
            ],
            [
              88.156343,
              27.91441,
              0.0
            ],
            [
              88.156601,
              27.91402,
              0.0
            ],
            [
              88.156465,
              27.913557,
              0.0
            ],
            [
              88.156069,
              27.91325,
              0.0
            ],
            [
              88.155933,
              27.912787,
              0.0
            ],
            [
              88.155801,
              27.912334,
              0.0
            ],
            [
              88.155911,
              27.91229,
              0.0
            ],
            [
              88.156374,
              27.911306,
              0.0
            ],
            [
              88.155903,
              27.91131,
              0.0
            ],
            [
              88.155433,
              27.911106,
              0.0
            ],
            [
              88.154887,
              27.911042,
              0.0
            ],
            [
              88.154263,
              27.910908,
              0.0
            ],
            [
              88.153716,
              27.910775,
              0.0
            ],
            [
              88.153169,
              27.910641,
              0.0
            ],
            [
              88.1527,
              27.910437,
              0.0
            ],
            [
              88.152153,
              27.910303,
              0.0
            ],
            [
              88.151684,
              27.9101,
              0.0
            ],
            [
              88.151137,
              27.909966,
              0.0
            ],
            [
              88.150513,
              27.909833,
              0.0
            ],
            [
              88.149889,
              27.909769,
              0.0
            ],
            [
              88.149579,
              27.909771,
              0.0
            ],
            [
              88.149705,
              27.910097,
              0.0
            ],
            [
              88.149967,
              27.910439,
              0.0
            ],
            [
              88.149849,
              27.910514,
              0.0
            ],
            [
              88.14946,
              27.910827,
              0.0
            ],
            [
              88.148983,
              27.911063,
              0.0
            ],
            [
              88.148909,
              27.911048,
              0.0
            ],
            [
              88.148635,
              27.910848,
              0.0
            ],
            [
              88.148365,
              27.910438,
              0.0
            ],
            [
              88.147834,
              27.910384,
              0.0
            ],
            [
              88.147706,
              27.910856,
              0.0
            ],
            [
              88.147666,
              27.910919,
              0.0
            ],
            [
              88.147445,
              27.911271,
              0.0
            ],
            [
              88.146912,
              27.91104,
              0.0
            ],
            [
              88.146837,
              27.910926,
              0.0
            ],
            [
              88.146642,
              27.910629,
              0.0
            ],
            [
              88.146175,
              27.910397,
              0.0
            ],
            [
              88.14584,
              27.910047,
              0.0
            ],
            [
              88.145308,
              27.909933,
              0.0
            ],
            [
              88.144778,
              27.909996,
              0.0
            ],
            [
              88.14445,
              27.910353,
              0.0
            ],
            [
              88.144255,
              27.910826,
              0.0
            ],
            [
              88.143726,
              27.910948,
              0.0
            ],
            [
              88.143196,
              27.911012,
              0.0
            ],
            [
              88.142668,
              27.911252,
              0.0
            ],
            [
              88.142606,
              27.91135,
              0.0
            ],
            [
              88.142186,
              27.911468,
              0.0
            ],
            [
              88.142016,
              27.911896,
              0.0
            ],
            [
              88.141933,
              27.912361,
              0.0
            ],
            [
              88.141938,
              27.912765,
              0.0
            ],
            [
              88.141832,
              27.913076,
              0.0
            ],
            [
              88.141832,
              27.913123,
              0.0
            ],
            [
              88.14135,
              27.913271,
              0.0
            ],
            [
              88.141028,
              27.913331,
              0.0
            ],
            [
              88.141023,
              27.912872,
              0.0
            ],
            [
              88.141018,
              27.912408,
              0.0
            ],
            [
              88.14058,
              27.912179,
              0.0
            ],
            [
              88.140184,
              27.911872,
              0.0
            ],
            [
              88.139703,
              27.911683,
              0.0
            ],
            [
              88.139264,
              27.911415,
              0.0
            ],
            [
              88.138782,
              27.911187,
              0.0
            ],
            [
              88.138735,
              27.911184,
              0.0
            ],
            [
              88.138386,
              27.910841,
              0.0
            ],
            [
              88.137861,
              27.910691,
              0.0
            ],
            [
              88.137337,
              27.910618,
              0.0
            ],
            [
              88.136813,
              27.910506,
              0.0
            ],
            [
              88.136244,
              27.910317,
              0.0
            ],
            [
              88.135763,
              27.910127,
              0.0
            ],
            [
              88.135239,
              27.910054,
              0.0
            ],
            [
              88.134584,
              27.909982,
              0.0
            ],
            [
              88.13406,
              27.909909,
              0.0
            ],
            [
              88.133536,
              27.909874,
              0.0
            ],
            [
              88.133012,
              27.909801,
              0.0
            ],
            [
              88.132514,
              27.909805,
              0.0
            ],
            [
              88.132357,
              27.909652,
              0.0
            ],
            [
              88.131919,
              27.909423,
              0.0
            ],
            [
              88.131351,
              27.909311,
              0.0
            ],
            [
              88.130827,
              27.909238,
              0.0
            ],
            [
              88.130388,
              27.909009,
              0.0
            ],
            [
              88.130036,
              27.908625,
              0.0
            ],
            [
              88.12964,
              27.90828,
              0.0
            ],
            [
              88.129244,
              27.907973,
              0.0
            ],
            [
              88.128761,
              27.907667,
              0.0
            ],
            [
              88.128582,
              27.907243,
              0.0
            ],
            [
              88.128359,
              27.906702,
              0.0
            ],
            [
              88.128136,
              27.906239,
              0.0
            ],
            [
              88.127957,
              27.905815,
              0.0
            ],
            [
              88.127692,
              27.90543,
              0.0
            ],
            [
              88.127339,
              27.905007,
              0.0
            ],
            [
              88.127029,
              27.904622,
              0.0
            ],
            [
              88.126763,
              27.904159,
              0.0
            ],
            [
              88.12654,
              27.903696,
              0.0
            ],
            [
              88.126413,
              27.903494,
              0.0
            ],
            [
              88.126387,
              27.903511,
              0.0
            ],
            [
              88.125918,
              27.903724,
              0.0
            ],
            [
              88.125332,
              27.904148,
              0.0
            ],
            [
              88.124863,
              27.904362,
              0.0
            ],
            [
              88.124276,
              27.904681,
              0.0
            ],
            [
              88.124057,
              27.90483,
              0.0
            ]
          ],
          [
            [
              88.151035,
              27.911395,
              0.0
            ],
            [
              88.151265,
              27.911097,
              0.0
            ],
            [
              88.151491,
              27.911228,
              0.0
            ],
            [
              88.151976,
              27.911367,
              0.0
            ],
            [
              88.15241,
              27.91165,
              0.0
            ],
            [
              88.152896,
              27.911885,
              0.0
            ],
            [
              88.153382,
              27.912072,
              0.0
            ],
            [
              88.153868,
              27.912259,
              0.0
            ],
            [
              88.154354,
              27.912494,
              0.0
            ],
            [
              88.154385,
              27.912499,
              0.0
            ],
            [
              88.154318,
              27.912568,
              0.0
            ],
            [
              88.154323,
              27.913033,
              0.0
            ],
            [
              88.153713,
              27.913115,
              0.0
            ],
            [
              88.153189,
              27.913042,
              0.0
            ],
            [
              88.152708,
              27.912891,
              0.0
            ],
            [
              88.152225,
              27.912547,
              0.0
            ],
            [
              88.151786,
              27.912318,
              0.0
            ],
            [
              88.151348,
              27.912051,
              0.0
            ],
            [
              88.151037,
              27.911903,
              0.0
            ],
            [
              88.15104,
              27.911859,
              0.0
            ],
            [
              88.151035,
              27.911395,
              0.0
            ]
          ],
          [
            [
              88.146467,
              27.919236,
              0.0
            ],
            [
              88.145872,
              27.919359,
              0.0
            ],
            [
              88.145274,
              27.919364,
              0.0
            ],
            [
              88.144611,
              27.91937,
              0.0
            ],
            [
              88.144527,
              27.919378,
              0.0
            ],
            [
              88.144421,
              27.918929,
              0.0
            ],
            [
              88.144469,
              27.918451,
              0.0
            ],
            [
              88.144469,
              27.918403,
              0.0
            ],
            [
              88.14462,
              27.917399,
              0.0
            ],
            [
              88.144615,
              27.916922,
              0.0
            ],
            [
              88.144502,
              27.916445,
              0.0
            ],
            [
              88.144122,
              27.916114,
              0.0
            ],
            [
              88.143796,
              27.915734,
              0.0
            ],
            [
              88.143683,
              27.915258,
              0.0
            ],
            [
              88.144165,
              27.91511,
              0.0
            ],
            [
              88.144428,
              27.915108,
              0.0
            ],
            [
              88.144502,
              27.915363,
              0.0
            ],
            [
              88.14497,
              27.915712,
              0.0
            ],
            [
              88.145569,
              27.915825,
              0.0
            ],
            [
              88.145904,
              27.916176,
              0.0
            ],
            [
              88.146042,
              27.916646,
              0.0
            ],
            [
              88.146377,
              27.916997,
              0.0
            ],
            [
              88.146524,
              27.917335,
              0.0
            ],
            [
              88.14645,
              27.917586,
              0.0
            ],
            [
              88.146455,
              27.918058,
              0.0
            ],
            [
              88.14646,
              27.918529,
              0.0
            ],
            [
              88.146465,
              27.919001,
              0.0
            ],
            [
              88.146558,
              27.919214,
              0.0
            ],
            [
              88.146467,
              27.919236,
              0.0
            ]
          ],
          [
            [
              88.137305,
              27.927538,
              0.0
            ],
            [
              88.137739,
              27.927869,
              0.0
            ],
            [
              88.138155,
              27.927976,
              0.0
            ],
            [
              88.138096,
              27.92806,
              0.0
            ],
            [
              88.137795,
              27.92845,
              0.0
            ],
            [
              88.13745,
              27.928801,
              0.0
            ],
            [
              88.137236,
              27.929229,
              0.0
            ],
            [
              88.137067,
              27.929734,
              0.0
            ],
            [
              88.136985,
              27.930199,
              0.0
            ],
            [
              88.136903,
              27.930704,
              0.0
            ],
            [
              88.13684,
              27.930936,
              0.0
            ],
            [
              88.136523,
              27.930868,
              0.0
            ],
            [
              88.136093,
              27.930871,
              0.0
            ],
            [
              88.135609,
              27.930875,
              0.0
            ],
            [
              88.135179,
              27.930974,
              0.0
            ],
            [
              88.134816,
              27.930937,
              0.0
            ],
            [
              88.134641,
              27.930533,
              0.0
            ],
            [
              88.134503,
              27.930063,
              0.0
            ],
            [
              88.134048,
              27.929722,
              0.0
            ],
            [
              88.134044,
              27.929428,
              0.0
            ],
            [
              88.134472,
              27.929138,
              0.0
            ],
            [
              88.134954,
              27.92899,
              0.0
            ],
            [
              88.135491,
              27.928891,
              0.0
            ],
            [
              88.136082,
              27.928838,
              0.0
            ],
            [
              88.136563,
              27.928595,
              0.0
            ],
            [
              88.136774,
              27.928163,
              0.0
            ],
            [
              88.136823,
              27.927685,
              0.0
            ],
            [
              88.137305,
              27.927538,
              0.0
            ]
          ]
        ]
      }
    },
    {
      "type": "Feature",
      "properties": {
        "rgi_id": "RGI2000-v7.0-G-15-07986",
        "lake_cat": 3,
        "image_id": "LE07_L1TP_139041_20001226_20200917_02_T1",
        "image_date": "2000-12-26",
        "inventory_doi": "https://doi.org/10.5194/essd-12-2169-2020",
        "contributor": "1.0",
        "source": "GLIMS-RGI lake_terminating dataset; RGI v7 Region 15",
        "source_url": "https://github.com/GLIMS-RGI/lake_terminating"
      },
      "geometry": {
        "type": "Polygon",
        "coordinates": [
          [
            [
              88.134624,
              27.881947,
              0.0
            ],
            [
              88.134776,
              27.882275,
              0.0
            ],
            [
              88.135136,
              27.882796,
              0.0
            ],
            [
              88.135494,
              27.883212,
              0.0
            ],
            [
              88.135735,
              27.883734,
              0.0
            ],
            [
              88.136093,
              27.884151,
              0.0
            ],
            [
              88.136333,
              27.884568,
              0.0
            ],
            [
              88.136574,
              27.884985,
              0.0
            ],
            [
              88.136814,
              27.885402,
              0.0
            ],
            [
              88.136701,
              27.885927,
              0.0
            ],
            [
              88.136707,
              27.886451,
              0.0
            ],
            [
              88.136475,
              27.886872,
              0.0
            ],
            [
              88.136363,
              27.887397,
              0.0
            ],
            [
              88.136131,
              27.887818,
              0.0
            ],
            [
              88.136019,
              27.888343,
              0.0
            ],
            [
              88.136024,
              27.888867,
              0.0
            ],
            [
              88.135912,
              27.889391,
              0.0
            ],
            [
              88.135917,
              27.889915,
              0.0
            ],
            [
              88.135686,
              27.890336,
              0.0
            ],
            [
              88.135573,
              27.890861,
              0.0
            ],
            [
              88.135342,
              27.891282,
              0.0
            ],
            [
              88.135112,
              27.891808,
              0.0
            ],
            [
              88.134999,
              27.892333,
              0.0
            ],
            [
              88.134887,
              27.892858,
              0.0
            ],
            [
              88.134656,
              27.893384,
              0.0
            ],
            [
              88.134426,
              27.893909,
              0.0
            ],
            [
              88.134194,
              27.894331,
              0.0
            ],
            [
              88.133963,
              27.894752,
              0.0
            ],
            [
              88.133613,
              27.895174,
              0.0
            ],
            [
              88.133501,
              27.895698,
              0.0
            ],
            [
              88.133152,
              27.89612,
              0.0
            ],
            [
              88.13292,
              27.896542,
              0.0
            ],
            [
              88.132689,
              27.896963,
              0.0
            ],
            [
              88.132457,
              27.897384,
              0.0
            ],
            [
              88.132227,
              27.897909,
              0.0
            ],
            [
              88.131758,
              27.898228,
              0.0
            ],
            [
              88.131291,
              27.898651,
              0.0
            ],
            [
              88.130823,
              27.899074,
              0.0
            ],
            [
              88.130356,
              27.899497,
              0.0
            ],
            [
              88.129886,
              27.89971,
              0.0
            ],
            [
              88.129537,
              27.900132,
              0.0
            ],
            [
              88.129187,
              27.900554,
              0.0
            ],
            [
              88.128956,
              27.900975,
              0.0
            ],
            [
              88.128853,
              27.901068,
              0.0
            ],
            [
              88.128869,
              27.901226,
              0.0
            ],
            [
              88.128934,
              27.901796,
              0.0
            ],
            [
              88.128998,
              27.902418,
              0.0
            ],
            [
              88.129003,
              27.902885,
              0.0
            ],
            [
              88.129009,
              27.903404,
              0.0
            ],
            [
              88.128897,
              27.903872,
              0.0
            ],
            [
              88.128787,
              27.904548,
              0.0
            ],
            [
              88.128792,
              27.905015,
              0.0
            ],
            [
              88.128913,
              27.905481,
              0.0
            ],
            [
              88.12921,
              27.905893,
              0.0
            ],
            [
              88.12939,
              27.906359,
              0.0
            ],
            [
              88.129803,
              27.906771,
              0.0
            ],
            [
              88.130215,
              27.907079,
              0.0
            ],
            [
              88.130511,
              27.907491,
              0.0
            ],
            [
              88.131098,
              27.907746,
              0.0
            ],
            [
              88.131568,
              27.90795,
              0.0
            ],
            [
              88.132153,
              27.908049,
              0.0
            ],
            [
              88.132647,
              27.908124,
              0.0
            ],
            [
              88.132911,
              27.908421,
              0.0
            ],
            [
              88.133397,
              27.908608,
              0.0
            ],
            [
              88.133936,
              27.908699,
              0.0
            ],
            [
              88.134475,
              27.908838,
              0.0
            ],
            [
              88.135014,
              27.908929,
              0.0
            ],
            [
              88.135552,
              27.90902,
              0.0
            ],
            [
              88.136038,
              27.909159,
              0.0
            ],
            [
              88.136523,
              27.909298,
              0.0
            ],
            [
              88.137009,
              27.909533,
              0.0
            ],
            [
              88.137495,
              27.909673,
              0.0
            ],
            [
              88.137981,
              27.90986,
              0.0
            ],
            [
              88.138466,
              27.910047,
              0.0
            ],
            [
              88.138953,
              27.910329,
              0.0
            ],
            [
              88.139491,
              27.910373,
              0.0
            ],
            [
              88.140029,
              27.91032,
              0.0
            ],
            [
              88.140566,
              27.910316,
              0.0
            ],
            [
              88.141157,
              27.910263,
              0.0
            ],
            [
              88.141639,
              27.910116,
              0.0
            ],
            [
              88.142122,
              27.909969,
              0.0
            ],
            [
              88.142659,
              27.909916,
              0.0
            ],
            [
              88.143141,
              27.909769,
              0.0
            ],
            [
              88.143623,
              27.909574,
              0.0
            ],
            [
              88.144106,
              27.909427,
              0.0
            ],
            [
              88.144478,
              27.909089,
              0.0
            ],
            [
              88.144743,
              27.908657,
              0.0
            ],
            [
              88.144845,
              27.908179,
              0.0
            ],
            [
              88.145164,
              27.907794,
              0.0
            ],
            [
              88.145482,
              27.907409,
              0.0
            ],
            [
              88.145482,
              27.907361,
              0.0
            ],
            [
              88.146607,
              27.907018,
              0.0
            ],
            [
              88.14709,
              27.90687,
              0.0
            ],
            [
              88.147626,
              27.90677,
              0.0
            ],
            [
              88.148109,
              27.906623,
              0.0
            ],
            [
              88.148591,
              27.906476,
              0.0
            ],
            [
              88.149072,
              27.906185,
              0.0
            ],
            [
              88.149499,
              27.905895,
              0.0
            ],
            [
              88.150036,
              27.905795,
              0.0
            ],
            [
              88.150573,
              27.905791,
              0.0
            ],
            [
              88.151111,
              27.905786,
              0.0
            ],
            [
              88.151648,
              27.905782,
              0.0
            ],
            [
              88.152186,
              27.905777,
              0.0
            ],
            [
              88.152724,
              27.905773,
              0.0
            ],
            [
              88.153262,
              27.905816,
              0.0
            ],
            [
              88.153799,
              27.905811,
              0.0
            ],
            [
              88.154285,
              27.905998,
              0.0
            ],
            [
              88.154718,
              27.906281,
              0.0
            ],
            [
              88.155045,
              27.906661,
              0.0
            ],
            [
              88.155531,
              27.906895,
              0.0
            ],
            [
              88.155965,
              27.907178,
              0.0
            ],
            [
              88.156398,
              27.907461,
              0.0
            ],
            [
              88.156885,
              27.907744,
              0.0
            ],
            [
              88.157371,
              27.907931,
              0.0
            ],
            [
              88.157856,
              27.908118,
              0.0
            ],
            [
              88.158343,
              27.908352,
              0.0
            ],
            [
              88.158776,
              27.908635,
              0.0
            ],
            [
              88.159262,
              27.90887,
              0.0
            ],
            [
              88.159316,
              27.90887,
              0.0
            ],
            [
              88.160127,
              27.909245,
              0.0
            ],
            [
              88.160612,
              27.909384,
              0.0
            ],
            [
              88.161097,
              27.909523,
              0.0
            ],
            [
              88.161583,
              27.909663,
              0.0
            ],
            [
              88.162121,
              27.909706,
              0.0
            ],
            [
              88.162659,
              27.909749,
              0.0
            ],
            [
              88.163197,
              27.909745,
              0.0
            ],
            [
              88.163734,
              27.90974,
              0.0
            ],
            [
              88.164272,
              27.909735,
              0.0
            ],
            [
              88.16481,
              27.909731,
              0.0
            ],
            [
              88.165402,
              27.909774,
              0.0
            ],
            [
              88.165939,
              27.909769,
              0.0
            ],
            [
              88.166477,
              27.909765,
              0.0
            ],
            [
              88.167015,
              27.90976,
              0.0
            ],
            [
              88.167552,
              27.909755,
              0.0
            ],
            [
              88.16809,
              27.909751,
              0.0
            ],
            [
              88.168627,
              27.909746,
              0.0
            ],
            [
              88.169166,
              27.90979,
              0.0
            ],
            [
              88.169652,
              27.909976,
              0.0
            ],
            [
              88.170191,
              27.910115,
              0.0
            ],
            [
              88.170624,
              27.910398,
              0.0
            ],
            [
              88.17111,
              27.910633,
              0.0
            ],
            [
              88.171651,
              27.910867,
              0.0
            ],
            [
              88.172189,
              27.910958,
              0.0
            ],
            [
              88.172782,
              27.911048,
              0.0
            ],
            [
              88.173267,
              27.911188,
              0.0
            ],
            [
              88.173753,
              27.911375,
              0.0
            ],
            [
              88.174291,
              27.911418,
              0.0
            ],
            [
              88.174724,
              27.911701,
              0.0
            ],
            [
              88.17521,
              27.911888,
              0.0
            ],
            [
              88.175697,
              27.912122,
              0.0
            ],
            [
              88.176183,
              27.912357,
              0.0
            ],
            [
              88.17667,
              27.912592,
              0.0
            ],
            [
              88.177156,
              27.912778,
              0.0
            ],
            [
              88.177643,
              27.913061,
              0.0
            ],
            [
              88.178181,
              27.913104,
              0.0
            ],
            [
              88.17872,
              27.913243,
              0.0
            ],
            [
              88.179206,
              27.913382,
              0.0
            ],
            [
              88.179691,
              27.913521,
              0.0
            ],
            [
              88.18023,
              27.913612,
              0.0
            ],
            [
              88.180768,
              27.913655,
              0.0
            ],
            [
              88.181306,
              27.913698,
              0.0
            ],
            [
              88.181845,
              27.913789,
              0.0
            ],
            [
              88.182384,
              27.913928,
              0.0
            ],
            [
              88.182869,
              27.914067,
              0.0
            ],
            [
              88.183408,
              27.91411,
              0.0
            ],
            [
              88.183946,
              27.914153,
              0.0
            ],
            [
              88.184431,
              27.914292,
              0.0
            ],
            [
              88.184917,
              27.914479,
              0.0
            ],
            [
              88.185404,
              27.914714,
              0.0
            ],
            [
              88.185889,
              27.914853,
              0.0
            ],
            [
              88.186427,
              27.914896,
              0.0
            ],
            [
              88.186965,
              27.914939,
              0.0
            ],
            [
              88.187176,
              27.914843,
              0.0
            ],
            [
              88.187593,
              27.914843,
              0.0
            ],
            [
              88.188957,
              27.915113,
              0.0
            ],
            [
              88.189549,
              27.915156,
              0.0
            ],
            [
              88.190086,
              27.915151,
              0.0
            ],
            [
              88.190625,
              27.915194,
              0.0
            ],
            [
              88.191163,
              27.915285,
              0.0
            ],
            [
              88.191702,
              27.915328,
              0.0
            ],
            [
              88.192239,
              27.915324,
              0.0
            ],
            [
              88.192777,
              27.915319,
              0.0
            ],
            [
              88.19315,
              27.914981,
              0.0
            ],
            [
              88.193144,
              27.914504,
              0.0
            ],
            [
              88.193571,
              27.914213,
              0.0
            ],
            [
              88.194054,
              27.914066,
              0.0
            ],
            [
              88.194426,
              27.913728,
              0.0
            ],
            [
              88.194637,
              27.913297,
              0.0
            ],
            [
              88.194685,
              27.912819,
              0.0
            ],
            [
              88.194572,
              27.912342,
              0.0
            ],
            [
              88.194567,
              27.911864,
              0.0
            ],
            [
              88.194562,
              27.911387,
              0.0
            ],
            [
              88.194557,
              27.910909,
              0.0
            ],
            [
              88.19423,
              27.91053,
              0.0
            ],
            [
              88.193903,
              27.910151,
              0.0
            ],
            [
              88.19347,
              27.909868,
              0.0
            ],
            [
              88.192984,
              27.909681,
              0.0
            ],
            [
              88.192497,
              27.909446,
              0.0
            ],
            [
              88.192444,
              27.909447,
              0.0
            ],
            [
              88.191206,
              27.909362,
              0.0
            ],
            [
              88.190668,
              27.909367,
              0.0
            ],
            [
              88.190131,
              27.909371,
              0.0
            ],
            [
              88.189593,
              27.909376,
              0.0
            ],
            [
              88.189055,
              27.909333,
              0.0
            ],
            [
              88.188463,
              27.90929,
              0.0
            ],
            [
              88.187924,
              27.909199,
              0.0
            ],
            [
              88.187439,
              27.90906,
              0.0
            ],
            [
              88.186953,
              27.908921,
              0.0
            ],
            [
              88.186414,
              27.908782,
              0.0
            ],
            [
              88.185929,
              27.908643,
              0.0
            ],
            [
              88.185391,
              27.9086,
              0.0
            ],
            [
              88.184852,
              27.908461,
              0.0
            ],
            [
              88.184365,
              27.908227,
              0.0
            ],
            [
              88.183932,
              27.907944,
              0.0
            ],
            [
              88.183446,
              27.907805,
              0.0
            ],
            [
              88.182961,
              27.907666,
              0.0
            ],
            [
              88.182581,
              27.907335,
              0.0
            ],
            [
              88.182148,
              27.907052,
              0.0
            ],
            [
              88.181714,
              27.906721,
              0.0
            ],
            [
              88.181228,
              27.906534,
              0.0
            ],
            [
              88.180743,
              27.906395,
              0.0
            ],
            [
              88.180203,
              27.906209,
              0.0
            ],
            [
              88.180149,
              27.906209,
              0.0
            ],
            [
              88.178692,
              27.905648,
              0.0
            ],
            [
              88.178258,
              27.905366,
              0.0
            ],
            [
              88.177772,
              27.905131,
              0.0
            ],
            [
              88.177339,
              27.904848,
              0.0
            ],
            [
              88.177012,
              27.904469,
              0.0
            ],
            [
              88.176792,
              27.904041,
              0.0
            ],
            [
              88.176573,
              27.903613,
              0.0
            ],
            [
              88.176407,
              27.903184,
              0.0
            ],
            [
              88.176241,
              27.902756,
              0.0
            ],
            [
              88.176075,
              27.902327,
              0.0
            ],
            [
              88.17607,
              27.90185,
              0.0
            ],
            [
              88.175904,
              27.901421,
              0.0
            ],
            [
              88.175737,
              27.900945,
              0.0
            ],
            [
              88.175464,
              27.900517,
              0.0
            ],
            [
              88.17519,
              27.90009,
              0.0
            ],
            [
              88.175167,
              27.900063,
              0.0
            ],
            [
              88.175499,
              27.900011,
              0.0
            ],
            [
              88.176028,
              27.899849,
              0.0
            ],
            [
              88.176647,
              27.899844,
              0.0
            ],
            [
              88.177093,
              27.900155,
              0.0
            ],
            [
              88.177538,
              27.900387,
              0.0
            ],
            [
              88.178067,
              27.900225,
              0.0
            ],
            [
              88.17815,
              27.899753,
              0.0
            ],
            [
              88.178201,
              27.899462,
              0.0
            ],
            [
              88.178322,
              27.89928,
              0.0
            ],
            [
              88.178583,
              27.898885,
              0.0
            ],
            [
              88.178933,
              27.898489,
              0.0
            ],
            [
              88.179282,
              27.898093,
              0.0
            ],
            [
              88.179454,
              27.89762,
              0.0
            ],
            [
              88.179184,
              27.897229,
              0.0
            ],
            [
              88.179002,
              27.896759,
              0.0
            ],
            [
              88.178997,
              27.896288,
              0.0
            ],
            [
              88.178904,
              27.895817,
              0.0
            ],
            [
              88.178634,
              27.895426,
              0.0
            ],
            [
              88.178189,
              27.895194,
              0.0
            ],
            [
              88.177744,
              27.894962,
              0.0
            ],
            [
              88.177123,
              27.894732,
              0.0
            ],
            [
              88.176501,
              27.894501,
              0.0
            ],
            [
              88.176342,
              27.894422,
              0.0
            ],
            [
              88.176296,
              27.893952,
              0.0
            ],
            [
              88.17616,
              27.893489,
              0.0
            ],
            [
              88.17612,
              27.893412,
              0.0
            ],
            [
              88.176406,
              27.893154,
              0.0
            ],
            [
              88.176132,
              27.892726,
              0.0
            ],
            [
              88.175806,
              27.892347,
              0.0
            ],
            [
              88.175586,
              27.891919,
              0.0
            ],
            [
              88.175206,
              27.891588,
              0.0
            ],
            [
              88.174986,
              27.89116,
              0.0
            ],
            [
              88.174874,
              27.890683,
              0.0
            ],
            [
              88.174815,
              27.890206,
              0.0
            ],
            [
              88.174814,
              27.890158,
              0.0
            ],
            [
              88.174694,
              27.889013,
              0.0
            ],
            [
              88.174743,
              27.888535,
              0.0
            ],
            [
              88.174738,
              27.888057,
              0.0
            ],
            [
              88.174677,
              27.887798,
              0.0
            ],
            [
              88.17479,
              27.887652,
              0.0
            ],
            [
              88.175018,
              27.887469,
              0.0
            ],
            [
              88.174561,
              27.887472,
              0.0
            ],
            [
              88.173971,
              27.887477,
              0.0
            ],
            [
              88.173381,
              27.887378,
              0.0
            ],
            [
              88.172673,
              27.887384,
              0.0
            ],
            [
              88.171964,
              27.887285,
              0.0
            ],
            [
              88.171374,
              27.887185,
              0.0
            ],
            [
              88.1709,
              27.88698,
              0.0
            ],
            [
              88.17031,
              27.886985,
              0.0
            ],
            [
              88.169719,
              27.886885,
              0.0
            ],
            [
              88.169129,
              27.886785,
              0.0
            ],
            [
              88.168655,
              27.88658,
              0.0
            ],
            [
              88.168064,
              27.88648,
              0.0
            ],
            [
              88.167473,
              27.88638,
              0.0
            ],
            [
              88.166999,
              27.886174,
              0.0
            ],
            [
              88.166407,
              27.88597,
              0.0
            ],
            [
              88.165698,
              27.885766,
              0.0
            ],
            [
              88.165107,
              27.885666,
              0.0
            ],
            [
              88.164517,
              27.885671,
              0.0
            ],
            [
              88.163926,
              27.885467,
              0.0
            ],
            [
              88.163335,
              27.885367,
              0.0
            ],
            [
              88.162744,
              27.885267,
              0.0
            ],
            [
              88.162153,
              27.885167,
              0.0
            ],
            [
              88.161563,
              27.885068,
              0.0
            ],
            [
              88.160971,
              27.884863,
              0.0
            ],
            [
              88.160143,
              27.88466,
              0.0
            ],
            [
              88.159552,
              27.884561,
              0.0
            ],
            [
              88.159079,
              27.884355,
              0.0
            ],
            [
              88.158488,
              27.884255,
              0.0
            ],
            [
              88.157897,
              27.884155,
              0.0
            ],
            [
              88.157422,
              27.883845,
              0.0
            ],
            [
              88.156948,
              27.883639,
              0.0
            ],
            [
              88.156357,
              27.88354,
              0.0
            ],
            [
              88.155765,
              27.88323,
              0.0
            ],
            [
              88.155173,
              27.883026,
              0.0
            ],
            [
              88.154698,
              27.882715,
              0.0
            ],
            [
              88.154222,
              27.8823,
              0.0
            ],
            [
              88.153747,
              27.88199,
              0.0
            ],
            [
              88.153388,
              27.881574,
              0.0
            ],
            [
              88.152913,
              27.881263,
              0.0
            ],
            [
              88.152438,
              27.880953,
              0.0
            ],
            [
              88.151963,
              27.880642,
              0.0
            ],
            [
              88.151369,
              27.880228,
              0.0
            ],
            [
              88.150893,
              27.879813,
              0.0
            ],
            [
              88.150417,
              27.879398,
              0.0
            ],
            [
              88.149942,
              27.879087,
              0.0
            ],
            [
              88.149584,
              27.878671,
              0.0
            ],
            [
              88.149226,
              27.878255,
              0.0
            ],
            [
              88.148986,
              27.877838,
              0.0
            ],
            [
              88.148627,
              27.877422,
              0.0
            ],
            [
              88.148695,
              27.877107,
              0.0
            ],
            [
              88.148624,
              27.877108,
              0.0
            ],
            [
              88.148035,
              27.877112,
              0.0
            ],
            [
              88.147446,
              27.877222,
              0.0
            ],
            [
              88.146858,
              27.877332,
              0.0
            ],
            [
              88.146269,
              27.877441,
              0.0
            ],
            [
              88.1458,
              27.877655,
              0.0
            ],
            [
              88.145331,
              27.877973,
              0.0
            ],
            [
              88.144745,
              27.878292,
              0.0
            ],
            [
              88.144158,
              27.878507,
              0.0
            ],
            [
              88.14357,
              27.878721,
              0.0
            ],
            [
              88.142981,
              27.878726,
              0.0
            ],
            [
              88.142391,
              27.878731,
              0.0
            ],
            [
              88.141802,
              27.878736,
              0.0
            ],
            [
              88.141211,
              27.878636,
              0.0
            ],
            [
              88.14062,
              27.878536,
              0.0
            ],
            [
              88.14003,
              27.878436,
              0.0
            ],
            [
              88.139439,
              27.878336,
              0.0
            ],
            [
              88.138852,
              27.878551,
              0.0
            ],
            [
              88.138383,
              27.878869,
              0.0
            ],
            [
              88.137916,
              27.879292,
              0.0
            ],
            [
              88.137567,
              27.879714,
              0.0
            ],
            [
              88.137217,
              27.880136,
              0.0
            ],
            [
              88.13675,
              27.880559,
              0.0
            ],
            [
              88.136282,
              27.880877,
              0.0
            ],
            [
              88.135814,
              27.8813,
              0.0
            ],
            [
              88.135346,
              27.881619,
              0.0
            ],
            [
              88.134876,
              27.881832,
              0.0
            ],
            [
              88.134624,
              27.881947,
              0.0
            ]
          ],
          [
            [
              88.154305,
              27.891969,
              0.0
            ],
            [
              88.154195,
              27.891991,
              0.0
            ],
            [
              88.153927,
              27.891664,
              0.0
            ],
            [
              88.153882,
              27.891625,
              0.0
            ],
            [
              88.154013,
              27.891427,
              0.0
            ],
            [
              88.154453,
              27.891188,
              0.0
            ],
            [
              88.154714,
              27.890793,
              0.0
            ],
            [
              88.154709,
              27.890321,
              0.0
            ],
            [
              88.154176,
              27.890168,
              0.0
            ],
            [
              88.153646,
              27.890173,
              0.0
            ],
            [
              88.153116,
              27.890256,
              0.0
            ],
            [
              88.152379,
              27.890262,
              0.0
            ],
            [
              88.152231,
              27.890185,
              0.0
            ],
            [
              88.151697,
              27.889953,
              0.0
            ],
            [
              88.151164,
              27.889722,
              0.0
            ],
            [
              88.15072,
              27.88949,
              0.0
            ],
            [
              88.150186,
              27.889259,
              0.0
            ],
            [
              88.150091,
              27.888631,
              0.0
            ],
            [
              88.150085,
              27.888002,
              0.0
            ],
            [
              88.150084,
              27.887949,
              0.0
            ],
            [
              88.150428,
              27.888129,
              0.0
            ],
            [
              88.150952,
              27.888202,
              0.0
            ],
            [
              88.151476,
              27.888314,
              0.0
            ],
            [
              88.152001,
              27.888464,
              0.0
            ],
            [
              88.152568,
              27.888537,
              0.0
            ],
            [
              88.153091,
              27.888532,
              0.0
            ],
            [
              88.153614,
              27.888528,
              0.0
            ],
            [
              88.154312,
              27.888522,
              0.0
            ],
            [
              88.154835,
              27.888518,
              0.0
            ],
            [
              88.155046,
              27.888746,
              0.0
            ],
            [
              88.155404,
              27.889136,
              0.0
            ],
            [
              88.155762,
              27.889526,
              0.0
            ],
            [
              88.156031,
              27.889917,
              0.0
            ],
            [
              88.156036,
              27.890388,
              0.0
            ],
            [
              88.155864,
              27.890861,
              0.0
            ],
            [
              88.155603,
              27.891257,
              0.0
            ],
            [
              88.155604,
              27.891285,
              0.0
            ],
            [
              88.155432,
              27.891379,
              0.0
            ],
            [
              88.154782,
              27.891772,
              0.0
            ],
            [
              88.154305,
              27.891969,
              0.0
            ]
          ],
          [
            [
              88.138291,
              27.889361,
              0.0
            ],
            [
              88.138169,
              27.889399,
              0.0
            ],
            [
              88.138165,
              27.889059,
              0.0
            ],
            [
              88.138003,
              27.888437,
              0.0
            ],
            [
              88.137827,
              27.888132,
              0.0
            ],
            [
              88.1389,
              27.888335,
              0.0
            ],
            [
              88.138905,
              27.888806,
              0.0
            ],
            [
              88.138821,
              27.889278,
              0.0
            ],
            [
              88.138291,
              27.889361,
              0.0
            ]
          ],
          [
            [
              88.16769,
              27.894161,
              0.0
            ],
            [
              88.167567,
              27.894499,
              0.0
            ],
            [
              88.167395,
              27.894972,
              0.0
            ],
            [
              88.167046,
              27.895368,
              0.0
            ],
            [
              88.166696,
              27.895764,
              0.0
            ],
            [
              88.166613,
              27.896236,
              0.0
            ],
            [
              88.166795,
              27.896706,
              0.0
            ],
            [
              88.167327,
              27.896858,
              0.0
            ],
            [
              88.167855,
              27.896618,
              0.0
            ],
            [
              88.168116,
              27.896223,
              0.0
            ],
            [
              88.168288,
              27.89575,
              0.0
            ],
            [
              88.168371,
              27.895278,
              0.0
            ],
            [
              88.168633,
              27.894883,
              0.0
            ],
            [
              88.16871,
              27.894443,
              0.0
            ],
            [
              88.169109,
              27.894439,
              0.0
            ],
            [
              88.169632,
              27.894435,
              0.0
            ],
            [
              88.169877,
              27.894505,
              0.0
            ],
            [
              88.169958,
              27.894714,
              0.0
            ],
            [
              88.170051,
              27.895185,
              0.0
            ],
            [
              88.170145,
              27.895656,
              0.0
            ],
            [
              88.170238,
              27.896126,
              0.0
            ],
            [
              88.170332,
              27.896597,
              0.0
            ],
            [
              88.170602,
              27.897066,
              0.0
            ],
            [
              88.17096,
              27.897456,
              0.0
            ],
            [
              88.171491,
              27.897452,
              0.0
            ],
            [
              88.17211,
              27.897447,
              0.0
            ],
            [
              88.172281,
              27.896895,
              0.0
            ],
            [
              88.172453,
              27.896422,
              0.0
            ],
            [
              88.172982,
              27.89626,
              0.0
            ],
            [
              88.17334,
              27.89665,
              0.0
            ],
            [
              88.173256,
              27.897122,
              0.0
            ],
            [
              88.173249,
              27.897165,
              0.0
            ],
            [
              88.173084,
              27.897517,
              0.0
            ],
            [
              88.172912,
              27.89799,
              0.0
            ],
            [
              88.172834,
              27.89843,
              0.0
            ],
            [
              88.172699,
              27.898392,
              0.0
            ],
            [
              88.172214,
              27.898252,
              0.0
            ],
            [
              88.171676,
              27.898257,
              0.0
            ],
            [
              88.171139,
              27.898309,
              0.0
            ],
            [
              88.170602,
              27.898409,
              0.0
            ],
            [
              88.17012,
              27.898557,
              0.0
            ],
            [
              88.170094,
              27.898562,
              0.0
            ],
            [
              88.169634,
              27.898322,
              0.0
            ],
            [
              88.169147,
              27.898087,
              0.0
            ],
            [
              88.16861,
              27.898092,
              0.0
            ],
            [
              88.168204,
              27.898095,
              0.0
            ],
            [
              88.168153,
              27.898022,
              0.0
            ],
            [
              88.167884,
              27.897631,
              0.0
            ],
            [
              88.16735,
              27.8974,
              0.0
            ],
            [
              88.167089,
              27.897795,
              0.0
            ],
            [
              88.166918,
              27.898268,
              0.0
            ],
            [
              88.166388,
              27.898351,
              0.0
            ],
            [
              88.165857,
              27.898356,
              0.0
            ],
            [
              88.165418,
              27.898674,
              0.0
            ],
            [
              88.164979,
              27.898992,
              0.0
            ],
            [
              88.16445,
              27.899154,
              0.0
            ],
            [
              88.163946,
              27.899158,
              0.0
            ],
            [
              88.163919,
              27.899158,
              0.0
            ],
            [
              88.16339,
              27.899241,
              0.0
            ],
            [
              88.162859,
              27.899246,
              0.0
            ],
            [
              88.162328,
              27.89925,
              0.0
            ],
            [
              88.161883,
              27.899018,
              0.0
            ],
            [
              88.162323,
              27.898779,
              0.0
            ],
            [
              88.162854,
              27.898774,
              0.0
            ],
            [
              88.163473,
              27.898769,
              0.0
            ],
            [
              88.163774,
              27.898766,
              0.0
            ],
            [
              88.164004,
              27.898764,
              0.0
            ],
            [
              88.164353,
              27.898368,
              0.0
            ],
            [
              88.16426,
              27.897898,
              0.0
            ],
            [
              88.16399,
              27.897507,
              0.0
            ],
            [
              88.163896,
              27.896958,
              0.0
            ],
            [
              88.16389,
              27.896408,
              0.0
            ],
            [
              88.163889,
              27.896351,
              0.0
            ],
            [
              88.164313,
              27.896117,
              0.0
            ],
            [
              88.16433,
              27.896168,
              0.0
            ],
            [
              88.164335,
              27.89664,
              0.0
            ],
            [
              88.164604,
              27.89703,
              0.0
            ],
            [
              88.165137,
              27.897183,
              0.0
            ],
            [
              88.165486,
              27.896787,
              0.0
            ],
            [
              88.165658,
              27.896314,
              0.0
            ],
            [
              88.165919,
              27.895919,
              0.0
            ],
            [
              88.166003,
              27.895447,
              0.0
            ],
            [
              88.166086,
              27.894974,
              0.0
            ],
            [
              88.166347,
              27.894579,
              0.0
            ],
            [
              88.166785,
              27.894183,
              0.0
            ],
            [
              88.166781,
              27.893782,
              0.0
            ],
            [
              88.16688,
              27.893877,
              0.0
            ],
            [
              88.167448,
              27.894066,
              0.0
            ],
            [
              88.16769,
              27.894161,
              0.0
            ]
          ],
          [
            [
              88.174431,
              27.899428,
              0.0
            ],
            [
              88.174104,
              27.899048,
              0.0
            ],
            [
              88.173671,
              27.898765,
              0.0
            ],
            [
              88.173326,
              27.898599,
              0.0
            ],
            [
              88.173447,
              27.898378,
              0.0
            ],
            [
              88.173708,
              27.897983,
              0.0
            ],
            [
              88.174148,
              27.897744,
              0.0
            ],
            [
              88.174591,
              27.897683,
              0.0
            ],
            [
              88.174812,
              27.897838,
              0.0
            ],
            [
              88.175251,
              27.898067,
              0.0
            ],
            [
              88.175479,
              27.898115,
              0.0
            ],
            [
              88.175484,
              27.89857,
              0.0
            ],
            [
              88.175309,
              27.898834,
              0.0
            ],
            [
              88.175048,
              27.899229,
              0.0
            ],
            [
              88.174787,
              27.899624,
              0.0
            ],
            [
              88.174806,
              27.899673,
              0.0
            ],
            [
              88.174431,
              27.899428,
              0.0
            ]
          ],
          [
            [
              88.139494,
              27.9055,
              0.0
            ],
            [
              88.139342,
              27.905515,
              0.0
            ],
            [
              88.139308,
              27.905239,
              0.0
            ],
            [
              88.139245,
              27.904773,
              0.0
            ],
            [
              88.139137,
              27.904495,
              0.0
            ],
            [
              88.139188,
              27.904403,
              0.0
            ],
            [
              88.13936,
              27.90393,
              0.0
            ],
            [
              88.139443,
              27.903458,
              0.0
            ],
            [
              88.139262,
              27.902988,
              0.0
            ],
            [
              88.139257,
              27.902516,
              0.0
            ],
            [
              88.138986,
              27.902047,
              0.0
            ],
            [
              88.138717,
              27.901656,
              0.0
            ],
            [
              88.13827,
              27.901267,
              0.0
            ],
            [
              88.137739,
              27.901193,
              0.0
            ],
            [
              88.13734,
              27.901329,
              0.0
            ],
            [
              88.136988,
              27.901263,
              0.0
            ],
            [
              88.136751,
              27.90085,
              0.0
            ],
            [
              88.137332,
              27.900637,
              0.0
            ],
            [
              88.137797,
              27.900426,
              0.0
            ],
            [
              88.138322,
              27.900318,
              0.0
            ],
            [
              88.138456,
              27.900338,
              0.0
            ],
            [
              88.138861,
              27.900513,
              0.0
            ],
            [
              88.139266,
              27.900749,
              0.0
            ],
            [
              88.139671,
              27.900925,
              0.0
            ],
            [
              88.140076,
              27.901041,
              0.0
            ],
            [
              88.140415,
              27.901336,
              0.0
            ],
            [
              88.140687,
              27.901633,
              0.0
            ],
            [
              88.141026,
              27.901928,
              0.0
            ],
            [
              88.141231,
              27.902285,
              0.0
            ],
            [
              88.14137,
              27.902642,
              0.0
            ],
            [
              88.141441,
              27.903,
              0.0
            ],
            [
              88.141445,
              27.903418,
              0.0
            ],
            [
              88.141449,
              27.903835,
              0.0
            ],
            [
              88.141454,
              27.904253,
              0.0
            ],
            [
              88.141203,
              27.904388,
              0.0
            ],
            [
              88.140666,
              27.904488,
              0.0
            ],
            [
              88.14024,
              27.904826,
              0.0
            ],
            [
              88.139921,
              27.90521,
              0.0
            ],
            [
              88.139494,
              27.9055,
              0.0
            ]
          ],
          [
            [
              88.133671,
              27.901305,
              0.0
            ],
            [
              88.134202,
              27.901379,
              0.0
            ],
            [
              88.134733,
              27.901375,
              0.0
            ],
            [
              88.135264,
              27.90137,
              0.0
            ],
            [
              88.135533,
              27.901761,
              0.0
            ],
            [
              88.135361,
              27.902234,
              0.0
            ],
            [
              88.135275,
              27.90247,
              0.0
            ],
            [
              88.135098,
              27.902472,
              0.0
            ],
            [
              88.134659,
              27.902711,
              0.0
            ],
            [
              88.133953,
              27.902874,
              0.0
            ],
            [
              88.133424,
              27.903114,
              0.0
            ],
            [
              88.132898,
              27.903512,
              0.0
            ],
            [
              88.132636,
              27.903907,
              0.0
            ],
            [
              88.132287,
              27.904302,
              0.0
            ],
            [
              88.132025,
              27.904698,
              0.0
            ],
            [
              88.131764,
              27.905093,
              0.0
            ],
            [
              88.131324,
              27.905332,
              0.0
            ],
            [
              88.131231,
              27.904861,
              0.0
            ],
            [
              88.131226,
              27.90439,
              0.0
            ],
            [
              88.131398,
              27.903917,
              0.0
            ],
            [
              88.13157,
              27.903444,
              0.0
            ],
            [
              88.131831,
              27.903049,
              0.0
            ],
            [
              88.131826,
              27.902577,
              0.0
            ],
            [
              88.131998,
              27.902026,
              0.0
            ],
            [
              88.13217,
              27.901553,
              0.0
            ],
            [
              88.132609,
              27.901313,
              0.0
            ],
            [
              88.13314,
              27.901309,
              0.0
            ],
            [
              88.133671,
              27.901305,
              0.0
            ]
          ]
        ]
      }
    },
    {
      "type": "Feature",
      "properties": {
        "rgi_id": "RGI2000-v7.0-G-15-07987",
        "lake_cat": 1,
        "image_id": "LE07_L1TP_139041_20001226_20200917_02_T1",
        "image_date": "2000-12-26",
        "inventory_doi": "https://doi.org/10.5194/essd-12-2169-2020",
        "contributor": "1.0",
        "source": "GLIMS-RGI lake_terminating dataset; RGI v7 Region 15",
        "source_url": "https://github.com/GLIMS-RGI/lake_terminating"
      },
      "geometry": {
        "type": "Polygon",
        "coordinates": [
          [
            [
              88.19637,
              27.854487,
              0.0
            ],
            [
              88.195898,
              27.854491,
              0.0
            ],
            [
              88.195309,
              27.854496,
              0.0
            ],
            [
              88.19472,
              27.854501,
              0.0
            ],
            [
              88.194011,
              27.854403,
              0.0
            ],
            [
              88.193537,
              27.854197,
              0.0
            ],
            [
              88.193063,
              27.853992,
              0.0
            ],
            [
              88.192474,
              27.853997,
              0.0
            ],
            [
              88.191885,
              27.854002,
              0.0
            ],
            [
              88.191297,
              27.854216,
              0.0
            ],
            [
              88.190709,
              27.854326,
              0.0
            ],
            [
              88.19024,
              27.85454,
              0.0
            ],
            [
              88.189771,
              27.854754,
              0.0
            ],
            [
              88.189302,
              27.855072,
              0.0
            ],
            [
              88.188714,
              27.855182,
              0.0
            ],
            [
              88.188126,
              27.855292,
              0.0
            ],
            [
              88.187657,
              27.855505,
              0.0
            ],
            [
              88.187187,
              27.855719,
              0.0
            ],
            [
              88.186481,
              27.85583,
              0.0
            ],
            [
              88.185894,
              27.856044,
              0.0
            ],
            [
              88.185307,
              27.856259,
              0.0
            ],
            [
              88.184602,
              27.856475,
              0.0
            ],
            [
              88.184014,
              27.856584,
              0.0
            ],
            [
              88.183308,
              27.8568,
              0.0
            ],
            [
              88.182484,
              27.856912,
              0.0
            ],
            [
              88.181895,
              27.856917,
              0.0
            ],
            [
              88.181305,
              27.856922,
              0.0
            ],
            [
              88.180716,
              27.856927,
              0.0
            ],
            [
              88.180125,
              27.856827,
              0.0
            ],
            [
              88.179535,
              27.856728,
              0.0
            ],
            [
              88.17906,
              27.856417,
              0.0
            ],
            [
              88.178469,
              27.856318,
              0.0
            ],
            [
              88.17812,
              27.85674,
              0.0
            ],
            [
              88.177771,
              27.857162,
              0.0
            ],
            [
              88.177303,
              27.85748,
              0.0
            ],
            [
              88.176718,
              27.857904,
              0.0
            ],
            [
              88.176564,
              27.858009,
              0.0
            ],
            [
              88.176532,
              27.85819,
              0.0
            ],
            [
              88.176448,
              27.858663,
              0.0
            ],
            [
              88.176365,
              27.859135,
              0.0
            ],
            [
              88.176104,
              27.85953,
              0.0
            ],
            [
              88.175843,
              27.859925,
              0.0
            ],
            [
              88.175404,
              27.860165,
              0.0
            ],
            [
              88.174964,
              27.860404,
              0.0
            ],
            [
              88.174525,
              27.860722,
              0.0
            ],
            [
              88.174264,
              27.861118,
              0.0
            ],
            [
              88.174003,
              27.861513,
              0.0
            ],
            [
              88.173832,
              27.861986,
              0.0
            ],
            [
              88.173925,
              27.862457,
              0.0
            ],
            [
              88.174371,
              27.862767,
              0.0
            ],
            [
              88.174901,
              27.862763,
              0.0
            ],
            [
              88.17543,
              27.862601,
              0.0
            ],
            [
              88.175959,
              27.862439,
              0.0
            ],
            [
              88.176398,
              27.8622,
              0.0
            ],
            [
              88.176929,
              27.862195,
              0.0
            ],
            [
              88.177547,
              27.862111,
              0.0
            ],
            [
              88.178076,
              27.86195,
              0.0
            ],
            [
              88.178159,
              27.861477,
              0.0
            ],
            [
              88.178066,
              27.861007,
              0.0
            ],
            [
              88.177972,
              27.860536,
              0.0
            ],
            [
              88.17779,
              27.860066,
              0.0
            ],
            [
              88.177521,
              27.859675,
              0.0
            ],
            [
              88.177515,
              27.859204,
              0.0
            ],
            [
              88.178135,
              27.859277,
              0.0
            ],
            [
              88.178665,
              27.859194,
              0.0
            ],
            [
              88.179195,
              27.859111,
              0.0
            ],
            [
              88.179723,
              27.858949,
              0.0
            ],
            [
              88.180252,
              27.858787,
              0.0
            ],
            [
              88.180661,
              27.858601,
              0.0
            ],
            [
              88.180842,
              27.858863,
              0.0
            ],
            [
              88.1812,
              27.859253,
              0.0
            ],
            [
              88.181645,
              27.859641,
              0.0
            ],
            [
              88.181619,
              27.859679,
              0.0
            ],
            [
              88.181182,
              27.860076,
              0.0
            ],
            [
              88.180832,
              27.860471,
              0.0
            ],
            [
              88.18066,
              27.860944,
              0.0
            ],
            [
              88.180763,
              27.86121,
              0.0
            ],
            [
              88.180395,
              27.861396,
              0.0
            ],
            [
              88.180401,
              27.861874,
              0.0
            ],
            [
              88.180406,
              27.862351,
              0.0
            ],
            [
              88.180392,
              27.862489,
              0.0
            ],
            [
              88.180412,
              27.862518,
              0.0
            ],
            [
              88.180683,
              27.862988,
              0.0
            ],
            [
              88.180511,
              27.863461,
              0.0
            ],
            [
              88.180339,
              27.863934,
              0.0
            ],
            [
              88.180167,
              27.864407,
              0.0
            ],
            [
              88.179906,
              27.864802,
              0.0
            ],
            [
              88.179557,
              27.865198,
              0.0
            ],
            [
              88.179117,
              27.865437,
              0.0
            ],
            [
              88.178586,
              27.865363,
              0.0
            ],
            [
              88.178316,
              27.864973,
              0.0
            ],
            [
              88.178135,
              27.864503,
              0.0
            ],
            [
              88.177865,
              27.864112,
              0.0
            ],
            [
              88.177617,
              27.864041,
              0.0
            ],
            [
              88.17737,
              27.864302,
              0.0
            ],
            [
              88.17722,
              27.86437,
              0.0
            ],
            [
              88.177209,
              27.864317,
              0.0
            ],
            [
              88.17694,
              27.863926,
              0.0
            ],
            [
              88.176494,
              27.863616,
              0.0
            ],
            [
              88.175961,
              27.863384,
              0.0
            ],
            [
              88.17543,
              27.86331,
              0.0
            ],
            [
              88.174899,
              27.863315,
              0.0
            ],
            [
              88.174368,
              27.863319,
              0.0
            ],
            [
              88.17384,
              27.86356,
              0.0
            ],
            [
              88.173311,
              27.863643,
              0.0
            ],
            [
              88.173292,
              27.863653,
              0.0
            ],
            [
              88.173127,
              27.863803,
              0.0
            ],
            [
              88.172826,
              27.864007,
              0.0
            ],
            [
              88.172699,
              27.864355,
              0.0
            ],
            [
              88.172528,
              27.864828,
              0.0
            ],
            [
              88.172444,
              27.865301,
              0.0
            ],
            [
              88.172183,
              27.865696,
              0.0
            ],
            [
              88.171922,
              27.866091,
              0.0
            ],
            [
              88.171484,
              27.866409,
              0.0
            ],
            [
              88.170955,
              27.866571,
              0.0
            ],
            [
              88.170426,
              27.866732,
              0.0
            ],
            [
              88.169895,
              27.866737,
              0.0
            ],
            [
              88.169366,
              27.866898,
              0.0
            ],
            [
              88.168836,
              27.866903,
              0.0
            ],
            [
              88.168396,
              27.867142,
              0.0
            ],
            [
              88.168136,
              27.867616,
              0.0
            ],
            [
              88.168229,
              27.868087,
              0.0
            ],
            [
              88.168587,
              27.868477,
              0.0
            ],
            [
              88.168963,
              27.868663,
              0.0
            ],
            [
              88.169081,
              27.868801,
              0.0
            ],
            [
              88.169354,
              27.869228,
              0.0
            ],
            [
              88.16952,
              27.869657,
              0.0
            ],
            [
              88.169633,
              27.870133,
              0.0
            ],
            [
              88.169799,
              27.870562,
              0.0
            ],
            [
              88.170018,
              27.87099,
              0.0
            ],
            [
              88.170399,
              27.871369,
              0.0
            ],
            [
              88.170778,
              27.8717,
              0.0
            ],
            [
              88.171265,
              27.871982,
              0.0
            ],
            [
              88.171579,
              27.872134,
              0.0
            ],
            [
              88.17118,
              27.872255,
              0.0
            ],
            [
              88.170777,
              27.872569,
              0.0
            ],
            [
              88.170599,
              27.872811,
              0.0
            ],
            [
              88.169929,
              27.87271,
              0.0
            ],
            [
              88.169929,
              27.872662,
              0.0
            ],
            [
              88.169709,
              27.872234,
              0.0
            ],
            [
              88.169329,
              27.871903,
              0.0
            ],
            [
              88.169163,
              27.871475,
              0.0
            ],
            [
              88.16889,
              27.871047,
              0.0
            ],
            [
              88.168457,
              27.870764,
              0.0
            ],
            [
              88.168077,
              27.870433,
              0.0
            ],
            [
              88.167537,
              27.870199,
              0.0
            ],
            [
              88.167222,
              27.869993,
              0.0
            ],
            [
              88.167129,
              27.869832,
              0.0
            ],
            [
              88.166804,
              27.869605,
              0.0
            ],
            [
              88.166543,
              27.869321,
              0.0
            ],
            [
              88.166218,
              27.869094,
              0.0
            ],
            [
              88.165829,
              27.868925,
              0.0
            ],
            [
              88.165376,
              27.868815,
              0.0
            ],
            [
              88.16486,
              27.868762,
              0.0
            ],
            [
              88.164344,
              27.868766,
              0.0
            ],
            [
              88.163892,
              27.86877,
              0.0
            ],
            [
              88.163442,
              27.868831,
              0.0
            ],
            [
              88.163122,
              27.869063,
              0.0
            ],
            [
              88.162802,
              27.869295,
              0.0
            ],
            [
              88.162417,
              27.869527,
              0.0
            ],
            [
              88.162031,
              27.869645,
              0.0
            ],
            [
              88.161951,
              27.86967,
              0.0
            ],
            [
              88.161871,
              27.869766,
              0.0
            ],
            [
              88.161522,
              27.870188,
              0.0
            ],
            [
              88.161052,
              27.870402,
              0.0
            ],
            [
              88.160583,
              27.870615,
              0.0
            ],
            [
              88.160114,
              27.870829,
              0.0
            ],
            [
              88.159644,
              27.871042,
              0.0
            ],
            [
              88.159055,
              27.871047,
              0.0
            ],
            [
              88.158466,
              27.871157,
              0.0
            ],
            [
              88.157759,
              27.871163,
              0.0
            ],
            [
              88.157171,
              27.871273,
              0.0
            ],
            [
              88.156463,
              27.871279,
              0.0
            ],
            [
              88.155756,
              27.871285,
              0.0
            ],
            [
              88.155166,
              27.87129,
              0.0
            ],
            [
              88.154577,
              27.871295,
              0.0
            ],
            [
              88.153988,
              27.871404,
              0.0
            ],
            [
              88.153863,
              27.871633,
              0.0
            ],
            [
              88.154248,
              27.871856,
              0.0
            ],
            [
              88.154518,
              27.872326,
              0.0
            ],
            [
              88.154522,
              27.872727,
              0.0
            ],
            [
              88.154523,
              27.872797,
              0.0
            ],
            [
              88.154351,
              27.87327,
              0.0
            ],
            [
              88.154268,
              27.873821,
              0.0
            ],
            [
              88.154097,
              27.874372,
              0.0
            ],
            [
              88.154102,
              27.874844,
              0.0
            ],
            [
              88.154019,
              27.875316,
              0.0
            ],
            [
              88.153669,
              27.875712,
              0.0
            ],
            [
              88.153569,
              27.875767,
              0.0
            ],
            [
              88.153585,
              27.875928,
              0.0
            ],
            [
              88.153722,
              27.876394,
              0.0
            ],
            [
              88.153814,
              27.87686,
              0.0
            ],
            [
              88.154168,
              27.877207,
              0.0
            ],
            [
              88.154696,
              27.877358,
              0.0
            ],
            [
              88.155195,
              27.87741,
              0.0
            ],
            [
              88.155279,
              27.877349,
              0.0
            ],
            [
              88.15554,
              27.876954,
              0.0
            ],
            [
              88.155712,
              27.876481,
              0.0
            ],
            [
              88.156243,
              27.876555,
              0.0
            ],
            [
              88.156513,
              27.876946,
              0.0
            ],
            [
              88.157043,
              27.876941,
              0.0
            ],
            [
              88.157572,
              27.87678,
              0.0
            ],
            [
              88.158104,
              27.876854,
              0.0
            ],
            [
              88.158548,
              27.877086,
              0.0
            ],
            [
              88.158818,
              27.877476,
              0.0
            ],
            [
              88.158646,
              27.877949,
              0.0
            ],
            [
              88.158206,
              27.878189,
              0.0
            ],
            [
              88.157915,
              27.878519,
              0.0
            ],
            [
              88.15817,
              27.878769,
              0.0
            ],
            [
              88.158525,
              27.879116,
              0.0
            ],
            [
              88.158879,
              27.879503,
              0.0
            ],
            [
              88.159363,
              27.879693,
              0.0
            ],
            [
              88.159889,
              27.879728,
              0.0
            ],
            [
              88.159816,
              27.879826,
              0.0
            ],
            [
              88.159732,
              27.880298,
              0.0
            ],
            [
              88.159471,
              27.880693,
              0.0
            ],
            [
              88.159122,
              27.881089,
              0.0
            ],
            [
              88.159038,
              27.881561,
              0.0
            ],
            [
              88.159043,
              27.882033,
              0.0
            ],
            [
              88.15896,
              27.882505,
              0.0
            ],
            [
              88.158431,
              27.882667,
              0.0
            ],
            [
              88.1579,
              27.882671,
              0.0
            ],
            [
              88.157369,
              27.882676,
              0.0
            ],
            [
              88.156837,
              27.882523,
              0.0
            ],
            [
              88.15679,
              27.882516,
              0.0
            ],
            [
              88.156545,
              27.881987,
              0.0
            ],
            [
              88.156307,
              27.881574,
              0.0
            ],
            [
              88.155914,
              27.881231,
              0.0
            ],
            [
              88.155694,
              27.881039,
              0.0
            ],
            [
              88.155937,
              27.881037,
              0.0
            ],
            [
              88.156468,
              27.881111,
              0.0
            ],
            [
              88.156999,
              27.881107,
              0.0
            ],
            [
              88.157082,
              27.880556,
              0.0
            ],
            [
              88.156812,
              27.880165,
              0.0
            ],
            [
              88.15663,
              27.879695,
              0.0
            ],
            [
              88.156537,
              27.879225,
              0.0
            ],
            [
              88.156005,
              27.879072,
              0.0
            ],
            [
              88.155296,
              27.878999,
              0.0
            ],
            [
              88.154676,
              27.878926,
              0.0
            ],
            [
              88.154642,
              27.878921,
              0.0
            ],
            [
              88.154565,
              27.878821,
              0.0
            ],
            [
              88.154172,
              27.878478,
              0.0
            ],
            [
              88.153703,
              27.878275,
              0.0
            ],
            [
              88.15331,
              27.877932,
              0.0
            ],
            [
              88.153226,
              27.877379,
              0.0
            ],
            [
              88.153065,
              27.876896,
              0.0
            ],
            [
              88.152827,
              27.876414,
              0.0
            ],
            [
              88.152666,
              27.875931,
              0.0
            ],
            [
              88.152428,
              27.875518,
              0.0
            ],
            [
              88.15219,
              27.875105,
              0.0
            ],
            [
              88.152029,
              27.874622,
              0.0
            ],
            [
              88.152024,
              27.874137,
              0.0
            ],
            [
              88.152023,
              27.874078,
              0.0
            ],
            [
              88.152019,
              27.873661,
              0.0
            ],
            [
              88.151775,
              27.873938,
              0.0
            ],
            [
              88.151307,
              27.874361,
              0.0
            ],
            [
              88.150958,
              27.874783,
              0.0
            ],
            [
              88.150609,
              27.875205,
              0.0
            ],
            [
              88.15014,
              27.875523,
              0.0
            ],
            [
              88.149673,
              27.875946,
              0.0
            ],
            [
              88.149206,
              27.876369,
              0.0
            ],
            [
              88.14874,
              27.876897,
              0.0
            ],
            [
              88.148695,
              27.877107,
              0.0
            ],
            [
              88.148627,
              27.877422,
              0.0
            ],
            [
              88.148986,
              27.877838,
              0.0
            ],
            [
              88.149226,
              27.878255,
              0.0
            ],
            [
              88.149584,
              27.878671,
              0.0
            ],
            [
              88.149942,
              27.879087,
              0.0
            ],
            [
              88.150417,
              27.879398,
              0.0
            ],
            [
              88.150893,
              27.879813,
              0.0
            ],
            [
              88.151369,
              27.880228,
              0.0
            ],
            [
              88.151963,
              27.880642,
              0.0
            ],
            [
              88.152438,
              27.880953,
              0.0
            ],
            [
              88.152913,
              27.881263,
              0.0
            ],
            [
              88.153388,
              27.881574,
              0.0
            ],
            [
              88.153747,
              27.88199,
              0.0
            ],
            [
              88.154222,
              27.8823,
              0.0
            ],
            [
              88.154698,
              27.882715,
              0.0
            ],
            [
              88.155173,
              27.883026,
              0.0
            ],
            [
              88.155765,
              27.88323,
              0.0
            ],
            [
              88.156357,
              27.88354,
              0.0
            ],
            [
              88.156948,
              27.883639,
              0.0
            ],
            [
              88.157422,
              27.883845,
              0.0
            ],
            [
              88.157897,
              27.884155,
              0.0
            ],
            [
              88.158488,
              27.884255,
              0.0
            ],
            [
              88.159079,
              27.884355,
              0.0
            ],
            [
              88.159552,
              27.884561,
              0.0
            ],
            [
              88.160143,
              27.88466,
              0.0
            ],
            [
              88.160971,
              27.884863,
              0.0
            ],
            [
              88.161563,
              27.885068,
              0.0
            ],
            [
              88.162153,
              27.885167,
              0.0
            ],
            [
              88.162744,
              27.885267,
              0.0
            ],
            [
              88.163335,
              27.885367,
              0.0
            ],
            [
              88.163926,
              27.885467,
              0.0
            ],
            [
              88.164517,
              27.885671,
              0.0
            ],
            [
              88.165107,
              27.885666,
              0.0
            ],
            [
              88.165698,
              27.885766,
              0.0
            ],
            [
              88.166407,
              27.88597,
              0.0
            ],
            [
              88.166999,
              27.886174,
              0.0
            ],
            [
              88.167473,
              27.88638,
              0.0
            ],
            [
              88.168064,
              27.88648,
              0.0
            ],
            [
              88.168655,
              27.88658,
              0.0
            ],
            [
              88.169129,
              27.886785,
              0.0
            ],
            [
              88.169719,
              27.886885,
              0.0
            ],
            [
              88.17031,
              27.886985,
              0.0
            ],
            [
              88.1709,
              27.88698,
              0.0
            ],
            [
              88.171374,
              27.887185,
              0.0
            ],
            [
              88.171964,
              27.887285,
              0.0
            ],
            [
              88.172673,
              27.887384,
              0.0
            ],
            [
              88.173381,
              27.887378,
              0.0
            ],
            [
              88.173971,
              27.887477,
              0.0
            ],
            [
              88.174561,
              27.887472,
              0.0
            ],
            [
              88.175018,
              27.887469,
              0.0
            ],
            [
              88.175179,
              27.887339,
              0.0
            ],
            [
              88.175218,
              27.887274,
              0.0
            ],
            [
              88.175436,
              27.886911,
              0.0
            ],
            [
              88.175736,
              27.886482,
              0.0
            ],
            [
              88.175993,
              27.886093,
              0.0
            ],
            [
              88.176557,
              27.885855,
              0.0
            ],
            [
              88.177035,
              27.885658,
              0.0
            ],
            [
              88.177512,
              27.885421,
              0.0
            ],
            [
              88.177857,
              27.88507,
              0.0
            ],
            [
              88.177895,
              27.884605,
              0.0
            ],
            [
              88.177629,
              27.88422,
              0.0
            ],
            [
              88.177191,
              27.883952,
              0.0
            ],
            [
              88.176795,
              27.883646,
              0.0
            ],
            [
              88.176529,
              27.883261,
              0.0
            ],
            [
              88.176263,
              27.882798,
              0.0
            ],
            [
              88.175996,
              27.882336,
              0.0
            ],
            [
              88.175817,
              27.881911,
              0.0
            ],
            [
              88.175725,
              27.881447,
              0.0
            ],
            [
              88.175676,
              27.880944,
              0.0
            ],
            [
              88.175662,
              27.880811,
              0.0
            ],
            [
              88.176269,
              27.880681,
              0.0
            ],
            [
              88.17685,
              27.880624,
              0.0
            ],
            [
              88.177373,
              27.88062,
              0.0
            ],
            [
              88.177895,
              27.880564,
              0.0
            ],
            [
              88.178418,
              27.880559,
              0.0
            ],
            [
              88.178942,
              27.880607,
              0.0
            ],
            [
              88.179524,
              27.880756,
              0.0
            ],
            [
              88.180107,
              27.880906,
              0.0
            ],
            [
              88.180631,
              27.881005,
              0.0
            ],
            [
              88.181098,
              27.881208,
              0.0
            ],
            [
              88.181623,
              27.881358,
              0.0
            ],
            [
              88.182148,
              27.881509,
              0.0
            ],
            [
              88.183558,
              27.882942,
              0.0
            ],
            [
              88.183559,
              27.883046,
              0.0
            ],
            [
              88.183912,
              27.883404,
              0.0
            ],
            [
              88.184264,
              27.883763,
              0.0
            ],
            [
              88.184733,
              27.884068,
              0.0
            ],
            [
              88.185201,
              27.884374,
              0.0
            ],
            [
              88.185726,
              27.884576,
              0.0
            ],
            [
              88.186193,
              27.884779,
              0.0
            ],
            [
              88.187068,
              27.885029,
              0.0
            ],
            [
              88.187592,
              27.885128,
              0.0
            ],
            [
              88.188117,
              27.885279,
              0.0
            ],
            [
              88.18864,
              27.885326,
              0.0
            ],
            [
              88.189163,
              27.885321,
              0.0
            ],
            [
              88.189744,
              27.885316,
              0.0
            ],
            [
              88.190267,
              27.885312,
              0.0
            ],
            [
              88.190789,
              27.885204,
              0.0
            ],
            [
              88.191312,
              27.885148,
              0.0
            ],
            [
              88.19195,
              27.885039,
              0.0
            ],
            [
              88.192588,
              27.884982,
              0.0
            ],
            [
              88.193344,
              27.884975,
              0.0
            ],
            [
              88.193867,
              27.884971,
              0.0
            ],
            [
              88.194448,
              27.884966,
              0.0
            ],
            [
              88.195145,
              27.88496,
              0.0
            ],
            [
              88.195784,
              27.884903,
              0.0
            ],
            [
              88.196539,
              27.884896,
              0.0
            ],
            [
              88.197062,
              27.884891,
              0.0
            ],
            [
              88.197644,
              27.884938,
              0.0
            ],
            [
              88.198167,
              27.884933,
              0.0
            ],
            [
              88.198808,
              27.885031,
              0.0
            ],
            [
              88.199332,
              27.88513,
              0.0
            ],
            [
              88.199913,
              27.885176,
              0.0
            ],
            [
              88.200438,
              27.885327,
              0.0
            ],
            [
              88.200963,
              27.885529,
              0.0
            ],
            [
              88.201431,
              27.885731,
              0.0
            ],
            [
              88.201841,
              27.886089,
              0.0
            ],
            [
              88.202309,
              27.886343,
              0.0
            ],
            [
              88.20272,
              27.886701,
              0.0
            ],
            [
              88.203131,
              27.887059,
              0.0
            ],
            [
              88.203483,
              27.887418,
              0.0
            ],
            [
              88.205536,
              27.889052,
              0.0
            ],
            [
              88.205653,
              27.889154,
              0.0
            ],
            [
              88.206355,
              27.889613,
              0.0
            ],
            [
              88.206824,
              27.88997,
              0.0
            ],
            [
              88.207235,
              27.890277,
              0.0
            ],
            [
              88.20753,
              27.890739,
              0.0
            ],
            [
              88.207884,
              27.891149,
              0.0
            ],
            [
              88.208237,
              27.891559,
              0.0
            ],
            [
              88.20859,
              27.891969,
              0.0
            ],
            [
              88.208943,
              27.892327,
              0.0
            ],
            [
              88.209296,
              27.892686,
              0.0
            ],
            [
              88.209533,
              27.893097,
              0.0
            ],
            [
              88.20977,
              27.893508,
              0.0
            ],
            [
              88.210065,
              27.893918,
              0.0
            ],
            [
              88.210303,
              27.894381,
              0.0
            ],
            [
              88.210598,
              27.894791,
              0.0
            ],
            [
              88.21101,
              27.895252,
              0.0
            ],
            [
              88.211422,
              27.895714,
              0.0
            ],
            [
              88.211774,
              27.896072,
              0.0
            ],
            [
              88.212128,
              27.896534,
              0.0
            ],
            [
              88.212597,
              27.896839,
              0.0
            ],
            [
              88.213007,
              27.897146,
              0.0
            ],
            [
              88.213534,
              27.897502,
              0.0
            ],
            [
              88.214061,
              27.897808,
              0.0
            ],
            [
              88.214528,
              27.89801,
              0.0
            ],
            [
              88.214813,
              27.897543,
              0.0
            ],
            [
              88.214808,
              27.897078,
              0.0
            ],
            [
              88.214687,
              27.896614,
              0.0
            ],
            [
              88.214623,
              27.89615,
              0.0
            ],
            [
              88.214444,
              27.895687,
              0.0
            ],
            [
              88.214264,
              27.895172,
              0.0
            ],
            [
              88.214026,
              27.89471,
              0.0
            ],
            [
              88.213789,
              27.894298,
              0.0
            ],
            [
              88.213494,
              27.893888,
              0.0
            ],
            [
              88.213257,
              27.893477,
              0.0
            ],
            [
              88.212962,
              27.893066,
              0.0
            ],
            [
              88.212666,
              27.892604,
              0.0
            ],
            [
              88.212428,
              27.89209,
              0.0
            ],
            [
              88.212248,
              27.891627,
              0.0
            ],
            [
              88.212127,
              27.891163,
              0.0
            ],
            [
              88.211888,
              27.890649,
              0.0
            ],
            [
              88.211708,
              27.890134,
              0.0
            ],
            [
              88.211471,
              27.889723,
              0.0
            ],
            [
              88.211119,
              27.889365,
              0.0
            ],
            [
              88.210707,
              27.888955,
              0.0
            ],
            [
              88.210412,
              27.888545,
              0.0
            ],
            [
              88.210059,
              27.888186,
              0.0
            ],
            [
              88.209825,
              27.888011,
              0.0
            ],
            [
              88.209825,
              27.887982,
              0.0
            ],
            [
              88.209819,
              27.887517,
              0.0
            ],
            [
              88.209756,
              27.887053,
              0.0
            ],
            [
              88.209693,
              27.886589,
              0.0
            ],
            [
              88.209513,
              27.886125,
              0.0
            ],
            [
              88.209391,
              27.88561,
              0.0
            ],
            [
              88.20927,
              27.885146,
              0.0
            ],
            [
              88.20909,
              27.884683,
              0.0
            ],
            [
              88.209027,
              27.884219,
              0.0
            ],
            [
              88.208906,
              27.883755,
              0.0
            ],
            [
              88.208843,
              27.883291,
              0.0
            ],
            [
              88.208663,
              27.882828,
              0.0
            ],
            [
              88.208654,
              27.882795,
              0.0
            ],
            [
              88.208795,
              27.882835,
              0.0
            ],
            [
              88.209281,
              27.882974,
              0.0
            ],
            [
              88.209594,
              27.88216,
              0.0
            ],
            [
              88.209594,
              27.882112,
              0.0
            ],
            [
              88.209588,
              27.881634,
              0.0
            ],
            [
              88.209529,
              27.881157,
              0.0
            ],
            [
              88.209524,
              27.88068,
              0.0
            ],
            [
              88.209572,
              27.880201,
              0.0
            ],
            [
              88.209729,
              27.87977,
              0.0
            ],
            [
              88.209724,
              27.879293,
              0.0
            ],
            [
              88.209772,
              27.878815,
              0.0
            ],
            [
              88.209928,
              27.878383,
              0.0
            ],
            [
              88.210085,
              27.877952,
              0.0
            ],
            [
              88.21008,
              27.877474,
              0.0
            ],
            [
              88.209594,
              27.877288,
              0.0
            ],
            [
              88.209056,
              27.877292,
              0.0
            ],
            [
              88.208519,
              27.877297,
              0.0
            ],
            [
              88.207981,
              27.877302,
              0.0
            ],
            [
              88.207585,
              27.877502,
              0.0
            ],
            [
              88.207379,
              27.877056,
              0.0
            ],
            [
              88.207199,
              27.876592,
              0.0
            ],
            [
              88.207077,
              27.876077,
              0.0
            ],
            [
              88.207055,
              27.875898,
              0.0
            ],
            [
              88.207101,
              27.875447,
              0.0
            ],
            [
              88.207095,
              27.874969,
              0.0
            ],
            [
              88.20709,
              27.874444,
              0.0
            ],
            [
              88.207085,
              27.874025,
              0.0
            ],
            [
              88.20726,
              27.873894,
              0.0
            ],
            [
              88.207616,
              27.873572,
              0.0
            ],
            [
              88.207906,
              27.873192,
              0.0
            ],
            [
              88.208098,
              27.872754,
              0.0
            ],
            [
              88.208289,
              27.872317,
              0.0
            ],
            [
              88.208513,
              27.871908,
              0.0
            ],
            [
              88.208869,
              27.871585,
              0.0
            ],
            [
              88.209459,
              27.871697,
              0.0
            ],
            [
              88.209984,
              27.871895,
              0.0
            ],
            [
              88.210315,
              27.872241,
              0.0
            ],
            [
              88.210549,
              27.872704,
              0.0
            ],
            [
              88.210815,
              27.873108,
              0.0
            ],
            [
              88.211337,
              27.873045,
              0.0
            ],
            [
              88.211726,
              27.872722,
              0.0
            ],
            [
              88.211851,
              27.872256,
              0.0
            ],
            [
              88.211781,
              27.871792,
              0.0
            ],
            [
              88.21171,
              27.871328,
              0.0
            ],
            [
              88.21177,
              27.870863,
              0.0
            ],
            [
              88.211896,
              27.870397,
              0.0
            ],
            [
              88.211728,
              27.869963,
              0.0
            ],
            [
              88.211526,
              27.8695,
              0.0
            ],
            [
              88.211492,
              27.869464,
              0.0
            ],
            [
              88.211705,
              27.869174,
              0.0
            ],
            [
              88.211933,
              27.868759,
              0.0
            ],
            [
              88.212082,
              27.868275,
              0.0
            ],
            [
              88.212143,
              27.867872,
              0.0
            ],
            [
              88.211765,
              27.867403,
              0.0
            ],
            [
              88.211469,
              27.86699,
              0.0
            ],
            [
              88.210998,
              27.866683,
              0.0
            ],
            [
              88.210702,
              27.86627,
              0.0
            ],
            [
              88.210347,
              27.86591,
              0.0
            ],
            [
              88.210297,
              27.865888,
              0.0
            ],
            [
              88.210393,
              27.865624,
              0.0
            ],
            [
              88.210287,
              27.865578,
              0.0
            ],
            [
              88.209695,
              27.865373,
              0.0
            ],
            [
              88.209105,
              27.865274,
              0.0
            ],
            [
              88.208864,
              27.865169,
              0.0
            ],
            [
              88.208906,
              27.865277,
              0.0
            ],
            [
              88.208823,
              27.865327,
              0.0
            ],
            [
              88.208796,
              27.865344,
              0.0
            ],
            [
              88.208412,
              27.865691,
              0.0
            ],
            [
              88.208369,
              27.86573,
              0.0
            ],
            [
              88.208501,
              27.865832,
              0.0
            ],
            [
              88.208593,
              27.866295,
              0.0
            ],
            [
              88.208574,
              27.866283,
              0.0
            ],
            [
              88.208129,
              27.865972,
              0.0
            ],
            [
              88.207597,
              27.86582,
              0.0
            ],
            [
              88.207239,
              27.86543,
              0.0
            ],
            [
              88.206793,
              27.865119,
              0.0
            ],
            [
              88.206348,
              27.864887,
              0.0
            ],
            [
              88.205818,
              27.864892,
              0.0
            ],
            [
              88.205557,
              27.865287,
              0.0
            ],
            [
              88.205117,
              27.865527,
              0.0
            ],
            [
              88.204935,
              27.865057,
              0.0
            ],
            [
              88.205018,
              27.864585,
              0.0
            ],
            [
              88.205013,
              27.864113,
              0.0
            ],
            [
              88.204655,
              27.863723,
              0.0
            ],
            [
              88.20421,
              27.863413,
              0.0
            ],
            [
              88.203939,
              27.862944,
              0.0
            ],
            [
              88.203845,
              27.862473,
              0.0
            ],
            [
              88.203663,
              27.862003,
              0.0
            ],
            [
              88.203394,
              27.861612,
              0.0
            ],
            [
              88.203124,
              27.861222,
              0.0
            ],
            [
              88.203031,
              27.860751,
              0.0
            ],
            [
              88.202936,
              27.860648,
              0.0
            ],
            [
              88.202629,
              27.860601,
              0.0
            ],
            [
              88.202613,
              27.860561,
              0.0
            ],
            [
              88.202611,
              27.860293,
              0.0
            ],
            [
              88.202684,
              27.860173,
              0.0
            ],
            [
              88.202978,
              27.859772,
              0.0
            ],
            [
              88.203125,
              27.859572,
              0.0
            ],
            [
              88.203027,
              27.859459,
              0.0
            ],
            [
              88.202551,
              27.859044,
              0.0
            ],
            [
              88.202193,
              27.858628,
              0.0
            ],
            [
              88.201719,
              27.858422,
              0.0
            ],
            [
              88.20136,
              27.858006,
              0.0
            ],
            [
              88.200886,
              27.857801,
              0.0
            ],
            [
              88.200411,
              27.857491,
              0.0
            ],
            [
              88.199936,
              27.85718,
              0.0
            ],
            [
              88.199461,
              27.85687,
              0.0
            ],
            [
              88.198986,
              27.85656,
              0.0
            ],
            [
              88.198511,
              27.85625,
              0.0
            ],
            [
              88.198038,
              27.856044,
              0.0
            ],
            [
              88.197563,
              27.855734,
              0.0
            ],
            [
              88.197088,
              27.855424,
              0.0
            ],
            [
              88.196613,
              27.855114,
              0.0
            ],
            [
              88.196372,
              27.854696,
              0.0
            ],
            [
              88.19637,
              27.854487,
              0.0
            ]
          ],
          [
            [
              88.194061,
              27.865309,
              0.0
            ],
            [
              88.194507,
              27.865698,
              0.0
            ],
            [
              88.194952,
              27.86593,
              0.0
            ],
            [
              88.195077,
              27.866017,
              0.0
            ],
            [
              88.195122,
              27.86638,
              0.0
            ],
            [
              88.195181,
              27.866857,
              0.0
            ],
            [
              88.195186,
              27.867335,
              0.0
            ],
            [
              88.195084,
              27.867814,
              0.0
            ],
            [
              88.194928,
              27.868245,
              0.0
            ],
            [
              88.194879,
              27.868723,
              0.0
            ],
            [
              88.194885,
              27.869248,
              0.0
            ],
            [
              88.19489,
              27.869726,
              0.0
            ],
            [
              88.195056,
              27.870154,
              0.0
            ],
            [
              88.19522,
              27.870577,
              0.0
            ],
            [
              88.194989,
              27.870708,
              0.0
            ],
            [
              88.194761,
              27.871124,
              0.0
            ],
            [
              88.194766,
              27.871588,
              0.0
            ],
            [
              88.194946,
              27.872051,
              0.0
            ],
            [
              88.195299,
              27.872513,
              0.0
            ],
            [
              88.195652,
              27.872872,
              0.0
            ],
            [
              88.196063,
              27.87323,
              0.0
            ],
            [
              88.1963,
              27.873641,
              0.0
            ],
            [
              88.196363,
              27.874105,
              0.0
            ],
            [
              88.196368,
              27.874569,
              0.0
            ],
            [
              88.196373,
              27.875034,
              0.0
            ],
            [
              88.196378,
              27.875499,
              0.0
            ],
            [
              88.196092,
              27.875915,
              0.0
            ],
            [
              88.195689,
              27.876228,
              0.0
            ],
            [
              88.195167,
              27.876387,
              0.0
            ],
            [
              88.195071,
              27.876436,
              0.0
            ],
            [
              88.195067,
              27.876077,
              0.0
            ],
            [
              88.194901,
              27.875649,
              0.0
            ],
            [
              88.194575,
              27.875269,
              0.0
            ],
            [
              88.194195,
              27.874938,
              0.0
            ],
            [
              88.193815,
              27.874607,
              0.0
            ],
            [
              88.193382,
              27.874324,
              0.0
            ],
            [
              88.192673,
              27.873423,
              0.0
            ],
            [
              88.19262,
              27.873423,
              0.0
            ],
            [
              88.192346,
              27.872996,
              0.0
            ],
            [
              88.192019,
              27.872617,
              0.0
            ],
            [
              88.191639,
              27.87219,
              0.0
            ],
            [
              88.191473,
              27.871761,
              0.0
            ],
            [
              88.191307,
              27.871333,
              0.0
            ],
            [
              88.191144,
              27.871016,
              0.0
            ],
            [
              88.191142,
              27.870877,
              0.0
            ],
            [
              88.191137,
              27.870406,
              0.0
            ],
            [
              88.191132,
              27.869934,
              0.0
            ],
            [
              88.191304,
              27.869461,
              0.0
            ],
            [
              88.191475,
              27.868988,
              0.0
            ],
            [
              88.191647,
              27.868515,
              0.0
            ],
            [
              88.191907,
              27.868042,
              0.0
            ],
            [
              88.192168,
              27.867646,
              0.0
            ],
            [
              88.192518,
              27.86725,
              0.0
            ],
            [
              88.192512,
              27.866779,
              0.0
            ],
            [
              88.191981,
              27.866705,
              0.0
            ],
            [
              88.191541,
              27.866944,
              0.0
            ],
            [
              88.19128,
              27.86734,
              0.0
            ],
            [
              88.190654,
              27.867555,
              0.0
            ],
            [
              88.19065,
              27.867183,
              0.0
            ],
            [
              88.190761,
              27.866717,
              0.0
            ],
            [
              88.190823,
              27.866604,
              0.0
            ],
            [
              88.191156,
              27.866513,
              0.0
            ],
            [
              88.191771,
              27.866193,
              0.0
            ],
            [
              88.192209,
              27.865796,
              0.0
            ],
            [
              88.192381,
              27.865323,
              0.0
            ],
            [
              88.192642,
              27.864928,
              0.0
            ],
            [
              88.192725,
              27.864456,
              0.0
            ],
            [
              88.192897,
              27.863983,
              0.0
            ],
            [
              88.193068,
              27.86351,
              0.0
            ],
            [
              88.19324,
              27.863037,
              0.0
            ],
            [
              88.193412,
              27.862564,
              0.0
            ],
            [
              88.193495,
              27.862091,
              0.0
            ],
            [
              88.193578,
              27.861619,
              0.0
            ],
            [
              88.193573,
              27.861148,
              0.0
            ],
            [
              88.193568,
              27.860676,
              0.0
            ],
            [
              88.193563,
              27.860205,
              0.0
            ],
            [
              88.193683,
              27.860023,
              0.0
            ],
            [
              88.193827,
              27.860124,
              0.0
            ],
            [
              88.194273,
              27.860434,
              0.0
            ],
            [
              88.194101,
              27.860907,
              0.0
            ],
            [
              88.193752,
              27.861303,
              0.0
            ],
            [
              88.193669,
              27.861776,
              0.0
            ],
            [
              88.194113,
              27.862007,
              0.0
            ],
            [
              88.194616,
              27.862077,
              0.0
            ],
            [
              88.19456,
              27.862397,
              0.0
            ],
            [
              88.194566,
              27.863025,
              0.0
            ],
            [
              88.194395,
              27.863498,
              0.0
            ],
            [
              88.194045,
              27.863894,
              0.0
            ],
            [
              88.193785,
              27.864368,
              0.0
            ],
            [
              88.193791,
              27.86484,
              0.0
            ],
            [
              88.194061,
              27.865309,
              0.0
            ]
          ],
          [
            [
              88.17816,
              27.867497,
              0.0
            ],
            [
              88.177816,
              27.867861,
              0.0
            ],
            [
              88.177548,
              27.86797,
              0.0
            ],
            [
              88.177349,
              27.867918,
              0.0
            ],
            [
              88.176811,
              27.867923,
              0.0
            ],
            [
              88.176273,
              27.86788,
              0.0
            ],
            [
              88.175888,
              27.867849,
              0.0
            ],
            [
              88.175829,
              27.867551,
              0.0
            ],
            [
              88.175736,
              27.86708,
              0.0
            ],
            [
              88.175642,
              27.866609,
              0.0
            ],
            [
              88.175765,
              27.866272,
              0.0
            ],
            [
              88.175823,
              27.866277,
              0.0
            ],
            [
              88.176404,
              27.866272,
              0.0
            ],
            [
              88.176927,
              27.866268,
              0.0
            ],
            [
              88.17745,
              27.866263,
              0.0
            ],
            [
              88.177975,
              27.866465,
              0.0
            ],
            [
              88.178381,
              27.86673,
              0.0
            ],
            [
              88.178272,
              27.867031,
              0.0
            ],
            [
              88.17816,
              27.867497,
              0.0
            ]
          ],
          [
            [
              88.179781,
              27.871923,
              0.0
            ],
            [
              88.179234,
              27.872016,
              0.0
            ],
            [
              88.178687,
              27.872021,
              0.0
            ],
            [
              88.178089,
              27.871937,
              0.0
            ],
            [
              88.177541,
              27.871854,
              0.0
            ],
            [
              88.176994,
              27.871814,
              0.0
            ],
            [
              88.176447,
              27.871819,
              0.0
            ],
            [
              88.175899,
              27.871824,
              0.0
            ],
            [
              88.175449,
              27.871562,
              0.0
            ],
            [
              88.175048,
              27.871256,
              0.0
            ],
            [
              88.175292,
              27.870856,
              0.0
            ],
            [
              88.175737,
              27.870631,
              0.0
            ],
            [
              88.176182,
              27.870362,
              0.0
            ],
            [
              88.176729,
              27.870313,
              0.0
            ],
            [
              88.177275,
              27.87022,
              0.0
            ],
            [
              88.17777,
              27.869995,
              0.0
            ],
            [
              88.178265,
              27.869814,
              0.0
            ],
            [
              88.178764,
              27.869942,
              0.0
            ],
            [
              88.179264,
              27.870115,
              0.0
            ],
            [
              88.179763,
              27.870332,
              0.0
            ],
            [
              88.180213,
              27.870549,
              0.0
            ],
            [
              88.180467,
              27.870945,
              0.0
            ],
            [
              88.18047,
              27.871305,
              0.0
            ],
            [
              88.180175,
              27.87161,
              0.0
            ],
            [
              88.179781,
              27.871923,
              0.0
            ]
          ],
          [
            [
              88.172258,
              27.88056,
              0.0
            ],
            [
              88.172725,
              27.880763,
              0.0
            ],
            [
              88.173193,
              27.881069,
              0.0
            ],
            [
              88.173775,
              27.881115,
              0.0
            ],
            [
              88.174256,
              27.881111,
              0.0
            ],
            [
              88.17433,
              27.881382,
              0.0
            ],
            [
              88.174465,
              27.881845,
              0.0
            ],
            [
              88.174602,
              27.882386,
              0.0
            ],
            [
              88.174781,
              27.882811,
              0.0
            ],
            [
              88.175004,
              27.883235,
              0.0
            ],
            [
              88.17514,
              27.883737,
              0.0
            ],
            [
              88.175188,
              27.884202,
              0.0
            ],
            [
              88.174931,
              27.884591,
              0.0
            ],
            [
              88.174322,
              27.884674,
              0.0
            ],
            [
              88.173799,
              27.884717,
              0.0
            ],
            [
              88.173189,
              27.884722,
              0.0
            ],
            [
              88.172708,
              27.884571,
              0.0
            ],
            [
              88.172269,
              27.884343,
              0.0
            ],
            [
              88.171917,
              27.883997,
              0.0
            ],
            [
              88.171912,
              27.883494,
              0.0
            ],
            [
              88.172169,
              27.883104,
              0.0
            ],
            [
              88.172558,
              27.882791,
              0.0
            ],
            [
              88.17299,
              27.882478,
              0.0
            ],
            [
              88.172379,
              27.882328,
              0.0
            ],
            [
              88.171856,
              27.882332,
              0.0
            ],
            [
              88.171334,
              27.882492,
              0.0
            ],
            [
              88.170856,
              27.882651,
              0.0
            ],
            [
              88.170334,
              27.882694,
              0.0
            ],
            [
              88.169768,
              27.882737,
              0.0
            ],
            [
              88.169245,
              27.882819,
              0.0
            ],
            [
              88.168725,
              27.883017,
              0.0
            ],
            [
              88.168291,
              27.883253,
              0.0
            ],
            [
              88.168165,
              27.883719,
              0.0
            ],
            [
              88.168431,
              27.884104,
              0.0
            ],
            [
              88.168697,
              27.884489,
              0.0
            ],
            [
              88.168308,
              27.884841,
              0.0
            ],
            [
              88.167831,
              27.885,
              0.0
            ],
            [
              88.167463,
              27.885182,
              0.0
            ],
            [
              88.167329,
              27.885172,
              0.0
            ],
            [
              88.167176,
              27.884928,
              0.0
            ],
            [
              88.167171,
              27.884464,
              0.0
            ],
            [
              88.167166,
              27.883999,
              0.0
            ],
            [
              88.167205,
              27.883534,
              0.0
            ],
            [
              88.167287,
              27.883068,
              0.0
            ],
            [
              88.167412,
              27.882602,
              0.0
            ],
            [
              88.167495,
              27.882137,
              0.0
            ],
            [
              88.167446,
              27.881673,
              0.0
            ],
            [
              88.167267,
              27.881248,
              0.0
            ],
            [
              88.167045,
              27.880824,
              0.0
            ],
            [
              88.166779,
              27.8804,
              0.0
            ],
            [
              88.166727,
              27.880142,
              0.0
            ],
            [
              88.167212,
              27.879993,
              0.0
            ],
            [
              88.167749,
              27.879893,
              0.0
            ],
            [
              88.168286,
              27.879889,
              0.0
            ],
            [
              88.168824,
              27.879884,
              0.0
            ],
            [
              88.169362,
              27.879927,
              0.0
            ],
            [
              88.169954,
              27.880018,
              0.0
            ],
            [
              88.170491,
              27.880013,
              0.0
            ],
            [
              88.170973,
              27.879818,
              0.0
            ],
            [
              88.171454,
              27.879575,
              0.0
            ],
            [
              88.171686,
              27.879365,
              0.0
            ],
            [
              88.171784,
              27.879738,
              0.0
            ],
            [
              88.171905,
              27.880202,
              0.0
            ],
            [
              88.172258,
              27.88056,
              0.0
            ]
          ],
          [
            [
              88.161569,
              27.879919,
              0.0
            ],
            [
              88.161644,
              27.880063,
              0.0
            ],
            [
              88.161998,
              27.88041,
              0.0
            ],
            [
              88.162482,
              27.880562,
              0.0
            ],
            [
              88.162965,
              27.880714,
              0.0
            ],
            [
              88.163492,
              27.880787,
              0.0
            ],
            [
              88.164061,
              27.880782,
              0.0
            ],
            [
              88.164586,
              27.880739,
              0.0
            ],
            [
              88.164626,
              27.88073,
              0.0
            ],
            [
              88.164602,
              27.880807,
              0.0
            ],
            [
              88.164341,
              27.881202,
              0.0
            ],
            [
              88.16408,
              27.881597,
              0.0
            ],
            [
              88.163819,
              27.881992,
              0.0
            ],
            [
              88.163469,
              27.882388,
              0.0
            ],
            [
              88.163208,
              27.882784,
              0.0
            ],
            [
              88.162859,
              27.883179,
              0.0
            ],
            [
              88.16233,
              27.88342,
              0.0
            ],
            [
              88.161891,
              27.883659,
              0.0
            ],
            [
              88.161672,
              27.88399,
              0.0
            ],
            [
              88.161549,
              27.883882,
              0.0
            ],
            [
              88.161233,
              27.88347,
              0.0
            ],
            [
              88.160771,
              27.883371,
              0.0
            ],
            [
              88.160736,
              27.883197,
              0.0
            ],
            [
              88.160731,
              27.882726,
              0.0
            ],
            [
              88.160814,
              27.882254,
              0.0
            ],
            [
              88.160809,
              27.881782,
              0.0
            ],
            [
              88.160981,
              27.881309,
              0.0
            ],
            [
              88.161153,
              27.880836,
              0.0
            ],
            [
              88.161325,
              27.880363,
              0.0
            ],
            [
              88.161569,
              27.879919,
              0.0
            ]
          ]
        ]
      }
    },
    {
      "type": "Feature",
      "properties": {
        "rgi_id": "RGI2000-v7.0-G-15-08020",
        "lake_cat": 3,
        "image_id": "LE07_L1TP_139041_20001226_20200917_02_T1",
        "image_date": "2000-12-26",
        "inventory_doi": "https://doi.org/10.5194/essd-12-2169-2020",
        "contributor": "1.0",
        "source": "GLIMS-RGI lake_terminating dataset; RGI v7 Region 15",
        "source_url": "https://github.com/GLIMS-RGI/lake_terminating"
      },
      "geometry": {
        "type": "Polygon",
        "coordinates": [
          [
            [
              88.203125,
              27.859572,
              0.0
            ],
            [
              88.203272,
              27.859372,
              0.0
            ],
            [
              88.203416,
              27.858928,
              0.0
            ],
            [
              88.203064,
              27.858578,
              0.0
            ],
            [
              88.202712,
              27.858227,
              0.0
            ],
            [
              88.202507,
              27.857699,
              0.0
            ],
            [
              88.202601,
              27.857167,
              0.0
            ],
            [
              88.202596,
              27.856681,
              0.0
            ],
            [
              88.202441,
              27.85624,
              0.0
            ],
            [
              88.202187,
              27.855756,
              0.0
            ],
            [
              88.202132,
              27.85527,
              0.0
            ],
            [
              88.202177,
              27.854784,
              0.0
            ],
            [
              88.202271,
              27.854297,
              0.0
            ],
            [
              88.202465,
              27.853853,
              0.0
            ],
            [
              88.202659,
              27.853409,
              0.0
            ],
            [
              88.202111,
              27.853326,
              0.0
            ],
            [
              88.201513,
              27.853242,
              0.0
            ],
            [
              88.200915,
              27.853159,
              0.0
            ],
            [
              88.200416,
              27.852987,
              0.0
            ],
            [
              88.199966,
              27.852725,
              0.0
            ],
            [
              88.199925,
              27.852711,
              0.0
            ],
            [
              88.200012,
              27.852415,
              0.0
            ],
            [
              88.200205,
              27.851927,
              0.0
            ],
            [
              88.200499,
              27.851483,
              0.0
            ],
            [
              88.200944,
              27.851214,
              0.0
            ],
            [
              88.201389,
              27.850989,
              0.0
            ],
            [
              88.201884,
              27.850808,
              0.0
            ],
            [
              88.202378,
              27.850494,
              0.0
            ],
            [
              88.202522,
              27.850051,
              0.0
            ],
            [
              88.202517,
              27.84952,
              0.0
            ],
            [
              88.202661,
              27.849077,
              0.0
            ],
            [
              88.203005,
              27.84872,
              0.0
            ],
            [
              88.203299,
              27.84832,
              0.0
            ],
            [
              88.203572,
              27.848314,
              0.0
            ],
            [
              88.204191,
              27.848308,
              0.0
            ],
            [
              88.204688,
              27.848304,
              0.0
            ],
            [
              88.205022,
              27.848522,
              0.0
            ],
            [
              88.20535,
              27.848949,
              0.0
            ],
            [
              88.205836,
              27.849184,
              0.0
            ],
            [
              88.206427,
              27.849226,
              0.0
            ],
            [
              88.206965,
              27.849222,
              0.0
            ],
            [
              88.207502,
              27.849169,
              0.0
            ],
            [
              88.208039,
              27.849165,
              0.0
            ],
            [
              88.208575,
              27.849064,
              0.0
            ],
            [
              88.209111,
              27.848964,
              0.0
            ],
            [
              88.209647,
              27.848816,
              0.0
            ],
            [
              88.210237,
              27.848715,
              0.0
            ],
            [
              88.210719,
              27.848568,
              0.0
            ],
            [
              88.211256,
              27.848515,
              0.0
            ],
            [
              88.211278,
              27.848515,
              0.0
            ],
            [
              88.211283,
              27.848913,
              0.0
            ],
            [
              88.211288,
              27.849449,
              0.0
            ],
            [
              88.211061,
              27.849625,
              0.0
            ],
            [
              88.210862,
              27.849831,
              0.0
            ],
            [
              88.210773,
              27.849783,
              0.0
            ],
            [
              88.210249,
              27.849736,
              0.0
            ],
            [
              88.209726,
              27.84974,
              0.0
            ],
            [
              88.209204,
              27.849796,
              0.0
            ],
            [
              88.208742,
              27.850059,
              0.0
            ],
            [
              88.20828,
              27.850269,
              0.0
            ],
            [
              88.207818,
              27.850531,
              0.0
            ],
            [
              88.207473,
              27.850896,
              0.0
            ],
            [
              88.207129,
              27.85126,
              0.0
            ],
            [
              88.206843,
              27.851676,
              0.0
            ],
            [
              88.20644,
              27.851989,
              0.0
            ],
            [
              88.206445,
              27.852454,
              0.0
            ],
            [
              88.20645,
              27.852919,
              0.0
            ],
            [
              88.206513,
              27.853383,
              0.0
            ],
            [
              88.206923,
              27.853689,
              0.0
            ],
            [
              88.207563,
              27.853735,
              0.0
            ],
            [
              88.207644,
              27.853753,
              0.0
            ],
            [
              88.20813,
              27.853988,
              0.0
            ],
            [
              88.208669,
              27.854079,
              0.0
            ],
            [
              88.209048,
              27.85441,
              0.0
            ],
            [
              88.209054,
              27.854887,
              0.0
            ],
            [
              88.209092,
              27.855194,
              0.0
            ],
            [
              88.208995,
              27.85521,
              0.0
            ],
            [
              88.208449,
              27.855259,
              0.0
            ],
            [
              88.207903,
              27.855353,
              0.0
            ],
            [
              88.207508,
              27.855666,
              0.0
            ],
            [
              88.20742,
              27.85571,
              0.0
            ],
            [
              88.207063,
              27.85589,
              0.0
            ],
            [
              88.206661,
              27.85554,
              0.0
            ],
            [
              88.206556,
              27.855011,
              0.0
            ],
            [
              88.206356,
              27.854934,
              0.0
            ],
            [
              88.205888,
              27.85468,
              0.0
            ],
            [
              88.205478,
              27.854322,
              0.0
            ],
            [
              88.205009,
              27.853964,
              0.0
            ],
            [
              88.204542,
              27.853762,
              0.0
            ],
            [
              88.20396,
              27.853664,
              0.0
            ],
            [
              88.203497,
              27.853874,
              0.0
            ],
            [
              88.203734,
              27.854285,
              0.0
            ],
            [
              88.204087,
              27.854644,
              0.0
            ],
            [
              88.204324,
              27.855055,
              0.0
            ],
            [
              88.204445,
              27.855518,
              0.0
            ],
            [
              88.204625,
              27.855982,
              0.0
            ],
            [
              88.204977,
              27.85634,
              0.0
            ],
            [
              88.20533,
              27.856698,
              0.0
            ],
            [
              88.205509,
              27.857162,
              0.0
            ],
            [
              88.205514,
              27.857626,
              0.0
            ],
            [
              88.205519,
              27.858091,
              0.0
            ],
            [
              88.205467,
              27.858556,
              0.0
            ],
            [
              88.205472,
              27.859021,
              0.0
            ],
            [
              88.205419,
              27.859486,
              0.0
            ],
            [
              88.205424,
              27.859951,
              0.0
            ],
            [
              88.205371,
              27.860416,
              0.0
            ],
            [
              88.20526,
              27.860882,
              0.0
            ],
            [
              88.205265,
              27.861347,
              0.0
            ],
            [
              88.205444,
              27.86181,
              0.0
            ],
            [
              88.205739,
              27.86222,
              0.0
            ],
            [
              88.206142,
              27.862454,
              0.0
            ],
            [
              88.206294,
              27.862888,
              0.0
            ],
            [
              88.20646,
              27.863317,
              0.0
            ],
            [
              88.206626,
              27.863745,
              0.0
            ],
            [
              88.20681,
              27.863905,
              0.0
            ],
            [
              88.206849,
              27.863931,
              0.0
            ],
            [
              88.206879,
              27.863966,
              0.0
            ],
            [
              88.207006,
              27.864076,
              0.0
            ],
            [
              88.207256,
              27.864294,
              0.0
            ],
            [
              88.207564,
              27.864322,
              0.0
            ],
            [
              88.208088,
              27.864369,
              0.0
            ],
            [
              88.208555,
              27.864571,
              0.0
            ],
            [
              88.208788,
              27.864652,
              0.0
            ],
            [
              88.208792,
              27.864982,
              0.0
            ],
            [
              88.208864,
              27.865169,
              0.0
            ],
            [
              88.209105,
              27.865274,
              0.0
            ],
            [
              88.209695,
              27.865373,
              0.0
            ],
            [
              88.210287,
              27.865578,
              0.0
            ],
            [
              88.210393,
              27.865624,
              0.0
            ],
            [
              88.210459,
              27.865442,
              0.0
            ],
            [
              88.210629,
              27.864974,
              0.0
            ],
            [
              88.210667,
              27.864634,
              0.0
            ],
            [
              88.210682,
              27.864506,
              0.0
            ],
            [
              88.210677,
              27.864039,
              0.0
            ],
            [
              88.21073,
              27.863572,
              0.0
            ],
            [
              88.210783,
              27.863104,
              0.0
            ],
            [
              88.210836,
              27.862637,
              0.0
            ],
            [
              88.21089,
              27.862169,
              0.0
            ],
            [
              88.210903,
              27.862133,
              0.0
            ],
            [
              88.211059,
              27.861701,
              0.0
            ],
            [
              88.211288,
              27.861232,
              0.0
            ],
            [
              88.211575,
              27.860814,
              0.0
            ],
            [
              88.211804,
              27.860397,
              0.0
            ],
            [
              88.212091,
              27.859979,
              0.0
            ],
            [
              88.212261,
              27.859511,
              0.0
            ],
            [
              88.21249,
              27.859094,
              0.0
            ],
            [
              88.212895,
              27.858779,
              0.0
            ],
            [
              88.213301,
              27.858464,
              0.0
            ],
            [
              88.213502,
              27.858372,
              0.0
            ],
            [
              88.213765,
              27.858252,
              0.0
            ],
            [
              88.214229,
              27.857989,
              0.0
            ],
            [
              88.214635,
              27.857674,
              0.0
            ],
            [
              88.215039,
              27.857307,
              0.0
            ],
            [
              88.215292,
              27.857045,
              0.0
            ],
            [
              88.215211,
              27.857046,
              0.0
            ],
            [
              88.215049,
              27.857004,
              0.0
            ],
            [
              88.215093,
              27.856871,
              0.0
            ],
            [
              88.215262,
              27.856405,
              0.0
            ],
            [
              88.215664,
              27.855988,
              0.0
            ],
            [
              88.216126,
              27.855726,
              0.0
            ],
            [
              88.216237,
              27.85526,
              0.0
            ],
            [
              88.216,
              27.854849,
              0.0
            ],
            [
              88.21559,
              27.854543,
              0.0
            ],
            [
              88.215122,
              27.854289,
              0.0
            ],
            [
              88.214712,
              27.853982,
              0.0
            ],
            [
              88.214605,
              27.853859,
              0.0
            ],
            [
              88.214844,
              27.853642,
              0.0
            ],
            [
              88.215381,
              27.853638,
              0.0
            ],
            [
              88.215919,
              27.853633,
              0.0
            ],
            [
              88.216456,
              27.853628,
              0.0
            ],
            [
              88.216993,
              27.853623,
              0.0
            ],
            [
              88.217531,
              27.853667,
              0.0
            ],
            [
              88.218069,
              27.85371,
              0.0
            ],
            [
              88.218555,
              27.853944,
              0.0
            ],
            [
              88.219041,
              27.854131,
              0.0
            ],
            [
              88.219474,
              27.854414,
              0.0
            ],
            [
              88.219907,
              27.854696,
              0.0
            ],
            [
              88.220393,
              27.854883,
              0.0
            ],
            [
              88.220931,
              27.854974,
              0.0
            ],
            [
              88.221417,
              27.855113,
              0.0
            ],
            [
              88.221955,
              27.855204,
              0.0
            ],
            [
              88.222493,
              27.855294,
              0.0
            ],
            [
              88.22289,
              27.855408,
              0.0
            ],
            [
              88.223375,
              27.85536,
              0.0
            ],
            [
              88.223897,
              27.855304,
              0.0
            ],
            [
              88.224419,
              27.855248,
              0.0
            ],
            [
              88.224942,
              27.855192,
              0.0
            ],
            [
              88.225581,
              27.855186,
              0.0
            ],
            [
              88.226104,
              27.855181,
              0.0
            ],
            [
              88.226685,
              27.855228,
              0.0
            ],
            [
              88.227209,
              27.855275,
              0.0
            ],
            [
              88.227789,
              27.855218,
              0.0
            ],
            [
              88.228368,
              27.855058,
              0.0
            ],
            [
              88.228947,
              27.854898,
              0.0
            ],
            [
              88.22941,
              27.854687,
              0.0
            ],
            [
              88.230046,
              27.854475,
              0.0
            ],
            [
              88.230568,
              27.854367,
              0.0
            ],
            [
              88.230971,
              27.854054,
              0.0
            ],
            [
              88.231725,
              27.853892,
              0.0
            ],
            [
              88.232246,
              27.853732,
              0.0
            ],
            [
              88.232768,
              27.853624,
              0.0
            ],
            [
              88.23329,
              27.853568,
              0.0
            ],
            [
              88.233812,
              27.85346,
              0.0
            ],
            [
              88.234333,
              27.853352,
              0.0
            ],
            [
              88.234914,
              27.853295,
              0.0
            ],
            [
              88.235436,
              27.853239,
              0.0
            ],
            [
              88.235959,
              27.853234,
              0.0
            ],
            [
              88.236539,
              27.853177,
              0.0
            ],
            [
              88.237062,
              27.853173,
              0.0
            ],
            [
              88.237584,
              27.853116,
              0.0
            ],
            [
              88.238141,
              27.853066,
              0.0
            ],
            [
              88.238374,
              27.852908,
              0.0
            ],
            [
              88.238443,
              27.852824,
              0.0
            ],
            [
              88.238516,
              27.85248,
              0.0
            ],
            [
              88.238569,
              27.852015,
              0.0
            ],
            [
              88.238797,
              27.851599,
              0.0
            ],
            [
              88.239024,
              27.851184,
              0.0
            ],
            [
              88.239019,
              27.85072,
              0.0
            ],
            [
              88.23913,
              27.850254,
              0.0
            ],
            [
              88.239153,
              27.850212,
              0.0
            ],
            [
              88.239358,
              27.849839,
              0.0
            ],
            [
              88.239143,
              27.849722,
              0.0
            ],
            [
              88.239171,
              27.849642,
              0.0
            ],
            [
              88.238646,
              27.849389,
              0.0
            ],
            [
              88.238062,
              27.849188,
              0.0
            ],
            [
              88.237537,
              27.848986,
              0.0
            ],
            [
              88.237014,
              27.848939,
              0.0
            ],
            [
              88.236373,
              27.84879,
              0.0
            ],
            [
              88.235792,
              27.848743,
              0.0
            ],
            [
              88.235268,
              27.848645,
              0.0
            ],
            [
              88.234744,
              27.848546,
              0.0
            ],
            [
              88.23422,
              27.848447,
              0.0
            ],
            [
              88.233752,
              27.848245,
              0.0
            ],
            [
              88.233285,
              27.847991,
              0.0
            ],
            [
              88.23276,
              27.847841,
              0.0
            ],
            [
              88.232181,
              27.848001,
              0.0
            ],
            [
              88.231601,
              27.848058,
              0.0
            ],
            [
              88.231079,
              27.848166,
              0.0
            ],
            [
              88.230441,
              27.848275,
              0.0
            ],
            [
              88.22986,
              27.84828,
              0.0
            ],
            [
              88.22928,
              27.848337,
              0.0
            ],
            [
              88.228757,
              27.848341,
              0.0
            ],
            [
              88.227945,
              27.8484,
              0.0
            ],
            [
              88.227365,
              27.848509,
              0.0
            ],
            [
              88.226845,
              27.848771,
              0.0
            ],
            [
              88.226324,
              27.848931,
              0.0
            ],
            [
              88.225801,
              27.848987,
              0.0
            ],
            [
              88.225222,
              27.849147,
              0.0
            ],
            [
              88.22476,
              27.849358,
              0.0
            ],
            [
              88.224432,
              27.849581,
              0.0
            ],
            [
              88.224364,
              27.849594,
              0.0
            ],
            [
              88.223827,
              27.849599,
              0.0
            ],
            [
              88.223236,
              27.849604,
              0.0
            ],
            [
              88.222644,
              27.849561,
              0.0
            ],
            [
              88.222106,
              27.849518,
              0.0
            ],
            [
              88.221569,
              27.849523,
              0.0
            ],
            [
              88.221032,
              27.849528,
              0.0
            ],
            [
              88.220494,
              27.849533,
              0.0
            ],
            [
              88.219957,
              27.849537,
              0.0
            ],
            [
              88.21942,
              27.849542,
              0.0
            ],
            [
              88.218882,
              27.849547,
              0.0
            ],
            [
              88.218345,
              27.849599,
              0.0
            ],
            [
              88.217056,
              27.849611,
              0.0
            ],
            [
              88.217019,
              27.849611,
              0.0
            ],
            [
              88.216682,
              27.849416,
              0.0
            ],
            [
              88.216235,
              27.849027,
              0.0
            ],
            [
              88.215966,
              27.848636,
              0.0
            ],
            [
              88.215749,
              27.848323,
              0.0
            ],
            [
              88.215752,
              27.848293,
              0.0
            ],
            [
              88.215747,
              27.847777,
              0.0
            ],
            [
              88.215742,
              27.847316,
              0.0
            ],
            [
              88.21581,
              27.847281,
              0.0
            ],
            [
              88.216236,
              27.846943,
              0.0
            ],
            [
              88.216663,
              27.846653,
              0.0
            ],
            [
              88.217089,
              27.846315,
              0.0
            ],
            [
              88.217407,
              27.84593,
              0.0
            ],
            [
              88.217671,
              27.845498,
              0.0
            ],
            [
              88.217989,
              27.845113,
              0.0
            ],
            [
              88.218307,
              27.844728,
              0.0
            ],
            [
              88.218625,
              27.844343,
              0.0
            ],
            [
              88.218875,
              27.844002,
              0.0
            ],
            [
              88.218943,
              27.84391,
              0.0
            ],
            [
              88.219009,
              27.843775,
              0.0
            ],
            [
              88.218689,
              27.843608,
              0.0
            ],
            [
              88.218068,
              27.843378,
              0.0
            ],
            [
              88.217623,
              27.843146,
              0.0
            ],
            [
              88.217002,
              27.842994,
              0.0
            ],
            [
              88.216558,
              27.842763,
              0.0
            ],
            [
              88.216025,
              27.842532,
              0.0
            ],
            [
              88.215493,
              27.842458,
              0.0
            ],
            [
              88.214873,
              27.842306,
              0.0
            ],
            [
              88.214342,
              27.842311,
              0.0
            ],
            [
              88.213812,
              27.842315,
              0.0
            ],
            [
              88.213281,
              27.842241,
              0.0
            ],
            [
              88.212574,
              27.842248,
              0.0
            ],
            [
              88.211955,
              27.842253,
              0.0
            ],
            [
              88.211425,
              27.842336,
              0.0
            ],
            [
              88.210895,
              27.842341,
              0.0
            ],
            [
              88.210365,
              27.842424,
              0.0
            ],
            [
              88.209835,
              27.842429,
              0.0
            ],
            [
              88.20968,
              27.84243,
              0.0
            ],
            [
              88.209632,
              27.842655,
              0.0
            ],
            [
              88.209476,
              27.843086,
              0.0
            ],
            [
              88.209212,
              27.843518,
              0.0
            ],
            [
              88.208948,
              27.84395,
              0.0
            ],
            [
              88.20863,
              27.844335,
              0.0
            ],
            [
              88.208552,
              27.844406,
              0.0
            ],
            [
              88.20833,
              27.844518,
              0.0
            ],
            [
              88.207835,
              27.844744,
              0.0
            ],
            [
              88.20734,
              27.844969,
              0.0
            ],
            [
              88.206845,
              27.845194,
              0.0
            ],
            [
              88.206402,
              27.845552,
              0.0
            ],
            [
              88.20622,
              27.845737,
              0.0
            ],
            [
              88.206008,
              27.845953,
              0.0
            ],
            [
              88.205563,
              27.846178,
              0.0
            ],
            [
              88.205017,
              27.846227,
              0.0
            ],
            [
              88.204729,
              27.846183,
              0.0
            ],
            [
              88.204307,
              27.846249,
              0.0
            ],
            [
              88.203777,
              27.846254,
              0.0
            ],
            [
              88.203245,
              27.84618,
              0.0
            ],
            [
              88.202628,
              27.846343,
              0.0
            ],
            [
              88.201923,
              27.846506,
              0.0
            ],
            [
              88.201483,
              27.846746,
              0.0
            ],
            [
              88.201184,
              27.846837,
              0.0
            ],
            [
              88.201156,
              27.847026,
              0.0
            ],
            [
              88.201161,
              27.847508,
              0.0
            ],
            [
              88.201476,
              27.847919,
              0.0
            ],
            [
              88.201943,
              27.848121,
              0.0
            ],
            [
              88.202148,
              27.84821,
              0.0
            ],
            [
              88.201907,
              27.848332,
              0.0
            ],
            [
              88.201463,
              27.848689,
              0.0
            ],
            [
              88.201018,
              27.848914,
              0.0
            ],
            [
              88.200574,
              27.849228,
              0.0
            ],
            [
              88.200129,
              27.849541,
              0.0
            ],
            [
              88.199533,
              27.84959,
              0.0
            ],
            [
              88.199083,
              27.849373,
              0.0
            ],
            [
              88.199327,
              27.848973,
              0.0
            ],
            [
              88.199773,
              27.848748,
              0.0
            ],
            [
              88.200316,
              27.848434,
              0.0
            ],
            [
              88.200162,
              27.847993,
              0.0
            ],
            [
              88.199811,
              27.847824,
              0.0
            ],
            [
              88.199712,
              27.847776,
              0.0
            ],
            [
              88.199707,
              27.84729,
              0.0
            ],
            [
              88.199751,
              27.846803,
              0.0
            ],
            [
              88.199945,
              27.84636,
              0.0
            ],
            [
              88.200261,
              27.846273,
              0.0
            ],
            [
              88.200437,
              27.845869,
              0.0
            ],
            [
              88.200581,
              27.845426,
              0.0
            ],
            [
              88.200726,
              27.844983,
              0.0
            ],
            [
              88.20087,
              27.844539,
              0.0
            ],
            [
              88.201164,
              27.844139,
              0.0
            ],
            [
              88.201559,
              27.843826,
              0.0
            ],
            [
              88.202105,
              27.843733,
              0.0
            ],
            [
              88.202605,
              27.843994,
              0.0
            ],
            [
              88.202729,
              27.844078,
              0.0
            ],
            [
              88.202251,
              27.844224,
              0.0
            ],
            [
              88.201722,
              27.844386,
              0.0
            ],
            [
              88.201284,
              27.844704,
              0.0
            ],
            [
              88.201377,
              27.845175,
              0.0
            ],
            [
              88.201908,
              27.84517,
              0.0
            ],
            [
              88.202439,
              27.845244,
              0.0
            ],
            [
              88.202797,
              27.845634,
              0.0
            ],
            [
              88.203328,
              27.845708,
              0.0
            ],
            [
              88.203767,
              27.84539,
              0.0
            ],
            [
              88.204028,
              27.844994,
              0.0
            ],
            [
              88.204288,
              27.844521,
              0.0
            ],
            [
              88.204549,
              27.844125,
              0.0
            ],
            [
              88.204718,
              27.843659,
              0.0
            ],
            [
              88.204788,
              27.843577,
              0.0
            ],
            [
              88.205335,
              27.843572,
              0.0
            ],
            [
              88.205883,
              27.843656,
              0.0
            ],
            [
              88.206278,
              27.843343,
              0.0
            ],
            [
              88.206572,
              27.842942,
              0.0
            ],
            [
              88.206966,
              27.842585,
              0.0
            ],
            [
              88.207133,
              27.842452,
              0.0
            ],
            [
              88.207094,
              27.842453,
              0.0
            ],
            [
              88.206564,
              27.842457,
              0.0
            ],
            [
              88.205945,
              27.842463,
              0.0
            ],
            [
              88.205415,
              27.842467,
              0.0
            ],
            [
              88.204796,
              27.842473,
              0.0
            ],
            [
              88.204265,
              27.842478,
              0.0
            ],
            [
              88.203735,
              27.842482,
              0.0
            ],
            [
              88.203204,
              27.842408,
              0.0
            ],
            [
              88.202583,
              27.842256,
              0.0
            ],
            [
              88.20205,
              27.842025,
              0.0
            ],
            [
              88.202049,
              27.841955,
              0.0
            ],
            [
              88.201777,
              27.842285,
              0.0
            ],
            [
              88.201428,
              27.842707,
              0.0
            ],
            [
              88.200959,
              27.843025,
              0.0
            ],
            [
              88.200493,
              27.843449,
              0.0
            ],
            [
              88.200261,
              27.84387,
              0.0
            ],
            [
              88.199795,
              27.844293,
              0.0
            ],
            [
              88.199446,
              27.844715,
              0.0
            ],
            [
              88.198976,
              27.844929,
              0.0
            ],
            [
              88.198507,
              27.845142,
              0.0
            ],
            [
              88.198276,
              27.845564,
              0.0
            ],
            [
              88.198045,
              27.845985,
              0.0
            ],
            [
              88.197933,
              27.84651,
              0.0
            ],
            [
              88.197821,
              27.847034,
              0.0
            ],
            [
              88.197709,
              27.847559,
              0.0
            ],
            [
              88.197479,
              27.848085,
              0.0
            ],
            [
              88.197366,
              27.84861,
              0.0
            ],
            [
              88.197372,
              27.849134,
              0.0
            ],
            [
              88.19726,
              27.849659,
              0.0
            ],
            [
              88.197148,
              27.850184,
              0.0
            ],
            [
              88.197154,
              27.850708,
              0.0
            ],
            [
              88.197159,
              27.851232,
              0.0
            ],
            [
              88.197165,
              27.851756,
              0.0
            ],
            [
              88.197053,
              27.85228,
              0.0
            ],
            [
              88.196941,
              27.852805,
              0.0
            ],
            [
              88.19671,
              27.853227,
              0.0
            ],
            [
              88.196598,
              27.853751,
              0.0
            ],
            [
              88.196366,
              27.854173,
              0.0
            ],
            [
              88.19637,
              27.854487,
              0.0
            ],
            [
              88.196372,
              27.854696,
              0.0
            ],
            [
              88.196613,
              27.855114,
              0.0
            ],
            [
              88.197088,
              27.855424,
              0.0
            ],
            [
              88.197563,
              27.855734,
              0.0
            ],
            [
              88.198038,
              27.856044,
              0.0
            ],
            [
              88.198511,
              27.85625,
              0.0
            ],
            [
              88.198986,
              27.85656,
              0.0
            ],
            [
              88.199461,
              27.85687,
              0.0
            ],
            [
              88.199936,
              27.85718,
              0.0
            ],
            [
              88.200411,
              27.857491,
              0.0
            ],
            [
              88.200886,
              27.857801,
              0.0
            ],
            [
              88.20136,
              27.858006,
              0.0
            ],
            [
              88.201719,
              27.858422,
              0.0
            ],
            [
              88.202193,
              27.858628,
              0.0
            ],
            [
              88.202551,
              27.859044,
              0.0
            ],
            [
              88.203027,
              27.859459,
              0.0
            ],
            [
              88.203125,
              27.859572,
              0.0
            ]
          ]
        ]
      }
    }
  ]
}