{"type": "FeatureCollection", "features": [{"type": "Feature", "properties": {"rgi_id": "RGI2000-v7.0-G-15-07986", "site_id": "south-lhonak", "kind": "glacier", "name": "South Lhonak Glacier", "observation_date": "2000-12-26", "image_id": "LE07_L1TP_139041_20001226_20200917_02_T1", "inventory_doi": "https://doi.org/10.5194/essd-12-2169-2020", "status": "historical_baseline", "source_url": "https://github.com/GLIMS-RGI/lake_terminating", "recordId": "south-lhonak-glacier"}, "geometry": {"type": "Polygon", "coordinates": [[[88.134624, 27.881947, 0.0], [88.134776, 27.882275, 0.0], [88.135136, 27.882796, 0.0], [88.135494, 27.883212, 0.0], [88.135735, 27.883734, 0.0], [88.136093, 27.884151, 0.0], [88.136333, 27.884568, 0.0], [88.136574, 27.884985, 0.0], [88.136814, 27.885402, 0.0], [88.136701, 27.885927, 0.0], [88.136707, 27.886451, 0.0], [88.136475, 27.886872, 0.0], [88.136363, 27.887397, 0.0], [88.136131, 27.887818, 0.0], [88.136019, 27.888343, 0.0], [88.136024, 27.888867, 0.0], [88.135912, 27.889391, 0.0], [88.135917, 27.889915, 0.0], [88.135686, 27.890336, 0.0], [88.135573, 27.890861, 0.0], [88.135342, 27.891282, 0.0], [88.135112, 27.891808, 0.0], [88.134999, 27.892333, 0.0], [88.134887, 27.892858, 0.0], [88.134656, 27.893384, 0.0], [88.134426, 27.893909, 0.0], [88.134194, 27.894331, 0.0], [88.133963, 27.894752, 0.0], [88.133613, 27.895174, 0.0], [88.133501, 27.895698, 0.0], [88.133152, 27.89612, 0.0], [88.13292, 27.896542, 0.0], [88.132689, 27.896963, 0.0], [88.132457, 27.897384, 0.0], [88.132227, 27.897909, 0.0], [88.131758, 27.898228, 0.0], [88.131291, 27.898651, 0.0], [88.130823, 27.899074, 0.0], [88.130356, 27.899497, 0.0], [88.129886, 27.89971, 0.0], [88.129537, 27.900132, 0.0], [88.129187, 27.900554, 0.0], [88.128956, 27.900975, 0.0], [88.128853, 27.901068, 0.0], [88.128869, 27.901226, 0.0], [88.128934, 27.901796, 0.0], [88.128998, 27.902418, 0.0], [88.129003, 27.902885, 0.0], [88.129009, 27.903404, 0.0], [88.128897, 27.903872, 0.0], [88.128787, 27.904548, 0.0], [88.128792, 27.905015, 0.0], [88.128913, 27.905481, 0.0], [88.12921, 27.905893, 0.0], [88.12939, 27.906359, 0.0], [88.129803, 27.906771, 0.0], [88.130215, 27.907079, 0.0], [88.130511, 27.907491, 0.0], [88.131098, 27.907746, 0.0], [88.131568, 27.90795, 0.0], [88.132153, 27.908049, 0.0], [88.132647, 27.908124, 0.0], [88.132911, 27.908421, 0.0], [88.133397, 27.908608, 0.0], [88.133936, 27.908699, 0.0], [88.134475, 27.908838, 0.0], [88.135014, 27.908929, 0.0], [88.135552, 27.90902, 0.0], [88.136038, 27.909159, 0.0], [88.136523, 27.909298, 0.0], [88.137009, 27.909533, 0.0], [88.137495, 27.909673, 0.0], [88.137981, 27.90986, 0.0], [88.138466, 27.910047, 0.0], [88.138953, 27.910329, 0.0], [88.139491, 27.910373, 0.0], [88.140029, 27.91032, 0.0], [88.140566, 27.910316, 0.0], [88.141157, 27.910263, 0.0], [88.141639, 27.910116, 0.0], [88.142122, 27.909969, 0.0], [88.142659, 27.909916, 0.0], [88.143141, 27.909769, 0.0], [88.143623, 27.909574, 0.0], [88.144106, 27.909427, 0.0], [88.144478, 27.909089, 0.0], [88.144743, 27.908657, 0.0], [88.144845, 27.908179, 0.0], [88.145164, 27.907794, 0.0], [88.145482, 27.907409, 0.0], [88.145482, 27.907361, 0.0], [88.146607, 27.907018, 0.0], [88.14709, 27.90687, 0.0], [88.147626, 27.90677, 0.0], [88.148109, 27.906623, 0.0], [88.148591, 27.906476, 0.0], [88.149072, 27.906185, 0.0], [88.149499, 27.905895, 0.0], [88.150036, 27.905795, 0.0], [88.150573, 27.905791, 0.0], [88.151111, 27.905786, 0.0], [88.151648, 27.905782, 0.0], [88.152186, 27.905777, 0.0], [88.152724, 27.905773, 0.0], [88.153262, 27.905816, 0.0], [88.153799, 27.905811, 0.0], [88.154285, 27.905998, 0.0], [88.154718, 27.906281, 0.0], [88.155045, 27.906661, 0.0], [88.155531, 27.906895, 0.0], [88.155965, 27.907178, 0.0], [88.156398, 27.907461, 0.0], [88.156885, 27.907744, 0.0], [88.157371, 27.907931, 0.0], [88.157856, 27.908118, 0.0], [88.158343, 27.908352, 0.0], [88.158776, 27.908635, 0.0], [88.159262, 27.90887, 0.0], [88.159316, 27.90887, 0.0], [88.160127, 27.909245, 0.0], [88.160612, 27.909384, 0.0], [88.161097, 27.909523, 0.0], [88.161583, 27.909663, 0.0], [88.162121, 27.909706, 0.0], [88.162659, 27.909749, 0.0], [88.163197, 27.909745, 0.0], [88.163734, 27.90974, 0.0], [88.164272, 27.909735, 0.0], [88.16481, 27.909731, 0.0], [88.165402, 27.909774, 0.0], [88.165939, 27.909769, 0.0], [88.166477, 27.909765, 0.0], [88.167015, 27.90976, 0.0], [88.167552, 27.909755, 0.0], [88.16809, 27.909751, 0.0], [88.168627, 27.909746, 0.0], [88.169166, 27.90979, 0.0], [88.169652, 27.909976, 0.0], [88.170191, 27.910115, 0.0], [88.170624, 27.910398, 0.0], [88.17111, 27.910633, 0.0], [88.171651, 27.910867, 0.0], [88.172189, 27.910958, 0.0], [88.172782, 27.911048, 0.0], [88.173267, 27.911188, 0.0], [88.173753, 27.911375, 0.0], [88.174291, 27.911418, 0.0], [88.174724, 27.911701, 0.0], [88.17521, 27.911888, 0.0], [88.175697, 27.912122, 0.0], [88.176183, 27.912357, 0.0], [88.17667, 27.912592, 0.0], [88.177156, 27.912778, 0.0], [88.177643, 27.913061, 0.0], [88.178181, 27.913104, 0.0], [88.17872, 27.913243, 0.0], [88.179206, 27.913382, 0.0], [88.179691, 27.913521, 0.0], [88.18023, 27.913612, 0.0], [88.180768, 27.913655, 0.0], [88.181306, 27.913698, 0.0], [88.181845, 27.913789, 0.0], [88.182384, 27.913928, 0.0], [88.182869, 27.914067, 0.0], [88.183408, 27.91411, 0.0], [88.183946, 27.914153, 0.0], [88.184431, 27.914292, 0.0], [88.184917, 27.914479, 0.0], [88.185404, 27.914714, 0.0], [88.185889, 27.914853, 0.0], [88.186427, 27.914896, 0.0], [88.186965, 27.914939, 0.0], [88.187176, 27.914843, 0.0], [88.187593, 27.914843, 0.0], [88.188957, 27.915113, 0.0], [88.189549, 27.915156, 0.0], [88.190086, 27.915151, 0.0], [88.190625, 27.915194, 0.0], [88.191163, 27.915285, 0.0], [88.191702, 27.915328, 0.0], [88.192239, 27.915324, 0.0], [88.192777, 27.915319, 0.0], [88.19315, 27.914981, 0.0], [88.193144, 27.914504, 0.0], [88.193571, 27.914213, 0.0], [88.194054, 27.914066, 0.0], [88.194426, 27.913728, 0.0], [88.194637, 27.913297, 0.0], [88.194685, 27.912819, 0.0], [88.194572, 27.912342, 0.0], [88.194567, 27.911864, 0.0], [88.194562, 27.911387, 0.0], [88.194557, 27.910909, 0.0], [88.19423, 27.91053, 0.0], [88.193903, 27.910151, 0.0], [88.19347, 27.909868, 0.0], [88.192984, 27.909681, 0.0], [88.192497, 27.909446, 0.0], [88.192444, 27.909447, 0.0], [88.191206, 27.909362, 0.0], [88.190668, 27.909367, 0.0], [88.190131, 27.909371, 0.0], [88.189593, 27.909376, 0.0], [88.189055, 27.909333, 0.0], [88.188463, 27.90929, 0.0], [88.187924, 27.909199, 0.0], [88.187439, 27.90906, 0.0], [88.186953, 27.908921, 0.0], [88.186414, 27.908782, 0.0], [88.185929, 27.908643, 0.0], [88.185391, 27.9086, 0.0], [88.184852, 27.908461, 0.0], [88.184365, 27.908227, 0.0], [88.183932, 27.907944, 0.0], [88.183446, 27.907805, 0.0], [88.182961, 27.907666, 0.0], [88.182581, 27.907335, 0.0], [88.182148, 27.907052, 0.0], [88.181714, 27.906721, 0.0], [88.181228, 27.906534, 0.0], [88.180743, 27.906395, 0.0], [88.180203, 27.906209, 0.0], [88.180149, 27.906209, 0.0], [88.178692, 27.905648, 0.0], [88.178258, 27.905366, 0.0], [88.177772, 27.905131, 0.0], [88.177339, 27.904848, 0.0], [88.177012, 27.904469, 0.0], [88.176792, 27.904041, 0.0], [88.176573, 27.903613, 0.0], [88.176407, 27.903184, 0.0], [88.176241, 27.902756, 0.0], [88.176075, 27.902327, 0.0], [88.17607, 27.90185, 0.0], [88.175904, 27.901421, 0.0], [88.175737, 27.900945, 0.0], [88.175464, 27.900517, 0.0], [88.17519, 27.90009, 0.0], [88.175167, 27.900063, 0.0], [88.175499, 27.900011, 0.0], [88.176028, 27.899849, 0.0], [88.176647, 27.899844, 0.0], [88.177093, 27.900155, 0.0], [88.177538, 27.900387, 0.0], [88.178067, 27.900225, 0.0], [88.17815, 27.899753, 0.0], [88.178201, 27.899462, 0.0], [88.178322, 27.89928, 0.0], [88.178583, 27.898885, 0.0], [88.178933, 27.898489, 0.0], [88.179282, 27.898093, 0.0], [88.179454, 27.89762, 0.0], [88.179184, 27.897229, 0.0], [88.179002, 27.896759, 0.0], [88.178997, 27.896288, 0.0], [88.178904, 27.895817, 0.0], [88.178634, 27.895426, 0.0], [88.178189, 27.895194, 0.0], [88.177744, 27.894962, 0.0], [88.177123, 27.894732, 0.0], [88.176501, 27.894501, 0.0], [88.176342, 27.894422, 0.0], [88.176296, 27.893952, 0.0], [88.17616, 27.893489, 0.0], [88.17612, 27.893412, 0.0], [88.176406, 27.893154, 0.0], [88.176132, 27.892726, 0.0], [88.175806, 27.892347, 0.0], [88.175586, 27.891919, 0.0], [88.175206, 27.891588, 0.0], [88.174986, 27.89116, 0.0], [88.174874, 27.890683, 0.0], [88.174815, 27.890206, 0.0], [88.174814, 27.890158, 0.0], [88.174694, 27.889013, 0.0], [88.174743, 27.888535, 0.0], [88.174738, 27.888057, 0.0], [88.174677, 27.887798, 0.0], [88.17479, 27.887652, 0.0], [88.175018, 27.887469, 0.0], [88.174561, 27.887472, 0.0], [88.173971, 27.887477, 0.0], [88.173381, 27.887378, 0.0], [88.172673, 27.887384, 0.0], [88.171964, 27.887285, 0.0], [88.171374, 27.887185, 0.0], [88.1709, 27.88698, 0.0], [88.17031, 27.886985, 0.0], [88.169719, 27.886885, 0.0], [88.169129, 27.886785, 0.0], [88.168655, 27.88658, 0.0], [88.168064, 27.88648, 0.0], [88.167473, 27.88638, 0.0], [88.166999, 27.886174, 0.0], [88.166407, 27.88597, 0.0], [88.165698, 27.885766, 0.0], [88.165107, 27.885666, 0.0], [88.164517, 27.885671, 0.0], [88.163926, 27.885467, 0.0], [88.163335, 27.885367, 0.0], [88.162744, 27.885267, 0.0], [88.162153, 27.885167, 0.0], [88.161563, 27.885068, 0.0], [88.160971, 27.884863, 0.0], [88.160143, 27.88466, 0.0], [88.159552, 27.884561, 0.0], [88.159079, 27.884355, 0.0], [88.158488, 27.884255, 0.0], [88.157897, 27.884155, 0.0], [88.157422, 27.883845, 0.0], [88.156948, 27.883639, 0.0], [88.156357, 27.88354, 0.0], [88.155765, 27.88323, 0.0], [88.155173, 27.883026, 0.0], [88.154698, 27.882715, 0.0], [88.154222, 27.8823, 0.0], [88.153747, 27.88199, 0.0], [88.153388, 27.881574, 0.0], [88.152913, 27.881263, 0.0], [88.152438, 27.880953, 0.0], [88.151963, 27.880642, 0.0], [88.151369, 27.880228, 0.0], [88.150893, 27.879813, 0.0], [88.150417, 27.879398, 0.0], [88.149942, 27.879087, 0.0], [88.149584, 27.878671, 0.0], [88.149226, 27.878255, 0.0], [88.148986, 27.877838, 0.0], [88.148627, 27.877422, 0.0], [88.148695, 27.877107, 0.0], [88.148624, 27.877108, 0.0], [88.148035, 27.877112, 0.0], [88.147446, 27.877222, 0.0], [88.146858, 27.877332, 0.0], [88.146269, 27.877441, 0.0], [88.1458, 27.877655, 0.0], [88.145331, 27.877973, 0.0], [88.144745, 27.878292, 0.0], [88.144158, 27.878507, 0.0], [88.14357, 27.878721, 0.0], [88.142981, 27.878726, 0.0], [88.142391, 27.878731, 0.0], [88.141802, 27.878736, 0.0], [88.141211, 27.878636, 0.0], [88.14062, 27.878536, 0.0], [88.14003, 27.878436, 0.0], [88.139439, 27.878336, 0.0], [88.138852, 27.878551, 0.0], [88.138383, 27.878869, 0.0], [88.137916, 27.879292, 0.0], [88.137567, 27.879714, 0.0], [88.137217, 27.880136, 0.0], [88.13675, 27.880559, 0.0], [88.136282, 27.880877, 0.0], [88.135814, 27.8813, 0.0], [88.135346, 27.881619, 0.0], [88.134876, 27.881832, 0.0], [88.134624, 27.881947, 0.0]], [[88.154305, 27.891969, 0.0], [88.154195, 27.891991, 0.0], [88.153927, 27.891664, 0.0], [88.153882, 27.891625, 0.0], [88.154013, 27.891427, 0.0], [88.154453, 27.891188, 0.0], [88.154714, 27.890793, 0.0], [88.154709, 27.890321, 0.0], [88.154176, 27.890168, 0.0], [88.153646, 27.890173, 0.0], [88.153116, 27.890256, 0.0], [88.152379, 27.890262, 0.0], [88.152231, 27.890185, 0.0], [88.151697, 27.889953, 0.0], [88.151164, 27.889722, 0.0], [88.15072, 27.88949, 0.0], [88.150186, 27.889259, 0.0], [88.150091, 27.888631, 0.0], [88.150085, 27.888002, 0.0], [88.150084, 27.887949, 0.0], [88.150428, 27.888129, 0.0], [88.150952, 27.888202, 0.0], [88.151476, 27.888314, 0.0], [88.152001, 27.888464, 0.0], [88.152568, 27.888537, 0.0], [88.153091, 27.888532, 0.0], [88.153614, 27.888528, 0.0], [88.154312, 27.888522, 0.0], [88.154835, 27.888518, 0.0], [88.155046, 27.888746, 0.0], [88.155404, 27.889136, 0.0], [88.155762, 27.889526, 0.0], [88.156031, 27.889917, 0.0], [88.156036, 27.890388, 0.0], [88.155864, 27.890861, 0.0], [88.155603, 27.891257, 0.0], [88.155604, 27.891285, 0.0], [88.155432, 27.891379, 0.0], [88.154782, 27.891772, 0.0], [88.154305, 27.891969, 0.0]], [[88.138291, 27.889361, 0.0], [88.138169, 27.889399, 0.0], [88.138165, 27.889059, 0.0], [88.138003, 27.888437, 0.0], [88.137827, 27.888132, 0.0], [88.1389, 27.888335, 0.0], [88.138905, 27.888806, 0.0], [88.138821, 27.889278, 0.0], [88.138291, 27.889361, 0.0]], [[88.16769, 27.894161, 0.0], [88.167567, 27.894499, 0.0], [88.167395, 27.894972, 0.0], [88.167046, 27.895368, 0.0], [88.166696, 27.895764, 0.0], [88.166613, 27.896236, 0.0], [88.166795, 27.896706, 0.0], [88.167327, 27.896858, 0.0], [88.167855, 27.896618, 0.0], [88.168116, 27.896223, 0.0], [88.168288, 27.89575, 0.0], [88.168371, 27.895278, 0.0], [88.168633, 27.894883, 0.0], [88.16871, 27.894443, 0.0], [88.169109, 27.894439, 0.0], [88.169632, 27.894435, 0.0], [88.169877, 27.894505, 0.0], [88.169958, 27.894714, 0.0], [88.170051, 27.895185, 0.0], [88.170145, 27.895656, 0.0], [88.170238, 27.896126, 0.0], [88.170332, 27.896597, 0.0], [88.170602, 27.897066, 0.0], [88.17096, 27.897456, 0.0], [88.171491, 27.897452, 0.0], [88.17211, 27.897447, 0.0], [88.172281, 27.896895, 0.0], [88.172453, 27.896422, 0.0], [88.172982, 27.89626, 0.0], [88.17334, 27.89665, 0.0], [88.173256, 27.897122, 0.0], [88.173249, 27.897165, 0.0], [88.173084, 27.897517, 0.0], [88.172912, 27.89799, 0.0], [88.172834, 27.89843, 0.0], [88.172699, 27.898392, 0.0], [88.172214, 27.898252, 0.0], [88.171676, 27.898257, 0.0], [88.171139, 27.898309, 0.0], [88.170602, 27.898409, 0.0], [88.17012, 27.898557, 0.0], [88.170094, 27.898562, 0.0], [88.169634, 27.898322, 0.0], [88.169147, 27.898087, 0.0], [88.16861, 27.898092, 0.0], [88.168204, 27.898095, 0.0], [88.168153, 27.898022, 0.0], [88.167884, 27.897631, 0.0], [88.16735, 27.8974, 0.0], [88.167089, 27.897795, 0.0], [88.166918, 27.898268, 0.0], [88.166388, 27.898351, 0.0], [88.165857, 27.898356, 0.0], [88.165418, 27.898674, 0.0], [88.164979, 27.898992, 0.0], [88.16445, 27.899154, 0.0], [88.163946, 27.899158, 0.0], [88.163919, 27.899158, 0.0], [88.16339, 27.899241, 0.0], [88.162859, 27.899246, 0.0], [88.162328, 27.89925, 0.0], [88.161883, 27.899018, 0.0], [88.162323, 27.898779, 0.0], [88.162854, 27.898774, 0.0], [88.163473, 27.898769, 0.0], [88.163774, 27.898766, 0.0], [88.164004, 27.898764, 0.0], [88.164353, 27.898368, 0.0], [88.16426, 27.897898, 0.0], [88.16399, 27.897507, 0.0], [88.163896, 27.896958, 0.0], [88.16389, 27.896408, 0.0], [88.163889, 27.896351, 0.0], [88.164313, 27.896117, 0.0], [88.16433, 27.896168, 0.0], [88.164335, 27.89664, 0.0], [88.164604, 27.89703, 0.0], [88.165137, 27.897183, 0.0], [88.165486, 27.896787, 0.0], [88.165658, 27.896314, 0.0], [88.165919, 27.895919, 0.0], [88.166003, 27.895447, 0.0], [88.166086, 27.894974, 0.0], [88.166347, 27.894579, 0.0], [88.166785, 27.894183, 0.0], [88.166781, 27.893782, 0.0], [88.16688, 27.893877, 0.0], [88.167448, 27.894066, 0.0], [88.16769, 27.894161, 0.0]], [[88.174431, 27.899428, 0.0], [88.174104, 27.899048, 0.0], [88.173671, 27.898765, 0.0], [88.173326, 27.898599, 0.0], [88.173447, 27.898378, 0.0], [88.173708, 27.897983, 0.0], [88.174148, 27.897744, 0.0], [88.174591, 27.897683, 0.0], [88.174812, 27.897838, 0.0], [88.175251, 27.898067, 0.0], [88.175479, 27.898115, 0.0], [88.175484, 27.89857, 0.0], [88.175309, 27.898834, 0.0], [88.175048, 27.899229, 0.0], [88.174787, 27.899624, 0.0], [88.174806, 27.899673, 0.0], [88.174431, 27.899428, 0.0]], [[88.139494, 27.9055, 0.0], [88.139342, 27.905515, 0.0], [88.139308, 27.905239, 0.0], [88.139245, 27.904773, 0.0], [88.139137, 27.904495, 0.0], [88.139188, 27.904403, 0.0], [88.13936, 27.90393, 0.0], [88.139443, 27.903458, 0.0], [88.139262, 27.902988, 0.0], [88.139257, 27.902516, 0.0], [88.138986, 27.902047, 0.0], [88.138717, 27.901656, 0.0], [88.13827, 27.901267, 0.0], [88.137739, 27.901193, 0.0], [88.13734, 27.901329, 0.0], [88.136988, 27.901263, 0.0], [88.136751, 27.90085, 0.0], [88.137332, 27.900637, 0.0], [88.137797, 27.900426, 0.0], [88.138322, 27.900318, 0.0], [88.138456, 27.900338, 0.0], [88.138861, 27.900513, 0.0], [88.139266, 27.900749, 0.0], [88.139671, 27.900925, 0.0], [88.140076, 27.901041, 0.0], [88.140415, 27.901336, 0.0], [88.140687, 27.901633, 0.0], [88.141026, 27.901928, 0.0], [88.141231, 27.902285, 0.0], [88.14137, 27.902642, 0.0], [88.141441, 27.903, 0.0], [88.141445, 27.903418, 0.0], [88.141449, 27.903835, 0.0], [88.141454, 27.904253, 0.0], [88.141203, 27.904388, 0.0], [88.140666, 27.904488, 0.0], [88.14024, 27.904826, 0.0], [88.139921, 27.90521, 0.0], [88.139494, 27.9055, 0.0]], [[88.133671, 27.901305, 0.0], [88.134202, 27.901379, 0.0], [88.134733, 27.901375, 0.0], [88.135264, 27.90137, 0.0], [88.135533, 27.901761, 0.0], [88.135361, 27.902234, 0.0], [88.135275, 27.90247, 0.0], [88.135098, 27.902472, 0.0], [88.134659, 27.902711, 0.0], [88.133953, 27.902874, 0.0], [88.133424, 27.903114, 0.0], [88.132898, 27.903512, 0.0], [88.132636, 27.903907, 0.0], [88.132287, 27.904302, 0.0], [88.132025, 27.904698, 0.0], [88.131764, 27.905093, 0.0], [88.131324, 27.905332, 0.0], [88.131231, 27.904861, 0.0], [88.131226, 27.90439, 0.0], [88.131398, 27.903917, 0.0], [88.13157, 27.903444, 0.0], [88.131831, 27.903049, 0.0], [88.131826, 27.902577, 0.0], [88.131998, 27.902026, 0.0], [88.13217, 27.901553, 0.0], [88.132609, 27.901313, 0.0], [88.13314, 27.901309, 0.0], [88.133671, 27.901305, 0.0]]]}}, {"type": "Feature", "properties": {"rgi_id": "RGI2000-v7.0-G-15-08533", "site_id": "tsho-rolpa", "kind": "glacier", "name": "Trakarding Glacier", "observation_date": "2000-10-30", "image_id": "LE07_L2SP_140041_20001030_20200918_02_T1", "inventory_doi": "https://doi.org/10.5194/essd-12-2169-2020", "status": "historical_baseline", "source_url": "https://github.com/GLIMS-RGI/lake_terminating", "recordId": "tsho-rolpa-glacier"}, "geometry": {"type": "Polygon", "coordinates": [[[86.554157, 27.878858, 0.0], [86.554157, 27.878825, 0.0], [86.55408, 27.878333, 0.0], [86.554003, 27.877842, 0.0], [86.554005, 27.87735, 0.0], [86.554165, 27.876859, 0.0], [86.554339, 27.876552, 0.0], [86.5543, 27.87634, 0.0], [86.554302, 27.875859, 0.0], [86.554124, 27.875378, 0.0], [86.553855, 27.874976, 0.0], [86.553767, 27.874495, 0.0], [86.553679, 27.874014, 0.0], [86.553681, 27.873533, 0.0], [86.553628, 27.873358, 0.0], [86.553155, 27.872988, 0.0], [86.552623, 27.872828, 0.0], [86.552148, 27.873037, 0.0], [86.55185, 27.873405, 0.0], [86.551552, 27.873825, 0.0], [86.551373, 27.874298, 0.0], [86.551016, 27.874666, 0.0], [86.550718, 27.875033, 0.0], [86.55042, 27.875506, 0.0], [86.550122, 27.875873, 0.0], [86.549883, 27.876346, 0.0], [86.549763, 27.876872, 0.0], [86.549426, 27.876914, 0.0], [86.548951, 27.877123, 0.0], [86.548791, 27.877614, 0.0], [86.548709, 27.878246, 0.0], [86.54847, 27.878666, 0.0], [86.548437, 27.878871, 0.0], [86.548274, 27.878993, 0.0], [86.547992, 27.879391, 0.0], [86.547766, 27.879839, 0.0], [86.547932, 27.880289, 0.0], [86.547987, 27.880737, 0.0], [86.547648, 27.881085, 0.0], [86.547322, 27.881245, 0.0], [86.547275, 27.881329, 0.0], [86.547036, 27.88175, 0.0], [86.546639, 27.882099, 0.0], [86.546404, 27.881677, 0.0], [86.546274, 27.881206, 0.0], [86.546249, 27.881115, 0.0], [86.546013, 27.880693, 0.0], [86.545778, 27.880271, 0.0], [86.545464, 27.879849, 0.0], [86.54507, 27.879497, 0.0], [86.544598, 27.879215, 0.0], [86.5445, 27.87916, 0.0], [86.544395, 27.878781, 0.0], [86.544397, 27.878312, 0.0], [86.544399, 27.877843, 0.0], [86.544401, 27.877374, 0.0], [86.544359, 27.876905, 0.0], [86.544231, 27.876045, 0.0], [86.544233, 27.875577, 0.0], [86.544235, 27.875108, 0.0], [86.544193, 27.874639, 0.0], [86.544107, 27.874131, 0.0], [86.544021, 27.873624, 0.0], [86.544034, 27.873607, 0.0], [86.544273, 27.873187, 0.0], [86.544511, 27.872767, 0.0], [86.544356, 27.872205, 0.0], [86.544271, 27.871937, 0.0], [86.544283, 27.871906, 0.0], [86.544339, 27.871428, 0.0], [86.544448, 27.870951, 0.0], [86.54445, 27.870507, 0.0], [86.544528, 27.87004, 0.0], [86.544604, 27.869575, 0.0], [86.544681, 27.86911, 0.0], [86.544758, 27.868645, 0.0], [86.544835, 27.868113, 0.0], [86.544987, 27.867649, 0.0], [86.545063, 27.867184, 0.0], [86.545215, 27.866719, 0.0], [86.545366, 27.866254, 0.0], [86.545368, 27.865789, 0.0], [86.545071, 27.865389, 0.0], [86.544773, 27.864989, 0.0], [86.544401, 27.864655, 0.0], [86.544103, 27.864189, 0.0], [86.543806, 27.863789, 0.0], [86.543434, 27.863389, 0.0], [86.543285, 27.863189, 0.0], [86.543286, 27.86299, 0.0], [86.543288, 27.862524, 0.0], [86.543215, 27.861926, 0.0], [86.543068, 27.86146, 0.0], [86.54307, 27.860995, 0.0], [86.543072, 27.860529, 0.0], [86.543148, 27.860064, 0.0], [86.543524, 27.859733, 0.0], [86.54375, 27.859268, 0.0], [86.543976, 27.858804, 0.0], [86.544128, 27.858339, 0.0], [86.544279, 27.857874, 0.0], [86.544356, 27.857409, 0.0], [86.544433, 27.856944, 0.0], [86.544585, 27.856413, 0.0], [86.544736, 27.855948, 0.0], [86.544888, 27.855483, 0.0], [86.54474, 27.854951, 0.0], [86.544518, 27.854485, 0.0], [86.54422, 27.854085, 0.0], [86.544089, 27.853967, 0.0], [86.543848, 27.853751, 0.0], [86.5434, 27.853484, 0.0], [86.542878, 27.853283, 0.0], [86.54258, 27.852883, 0.0], [86.542582, 27.852417, 0.0], [86.542584, 27.851952, 0.0], [86.542586, 27.851487, 0.0], [86.542588, 27.851021, 0.0], [86.54259, 27.850556, 0.0], [86.542591, 27.850373, 0.0], [86.542599, 27.850356, 0.0], [86.54287, 27.849927, 0.0], [86.543087, 27.849498, 0.0], [86.543357, 27.849069, 0.0], [86.543397, 27.849005, 0.0], [86.543665, 27.848901, 0.0], [86.543821, 27.84904, 0.0], [86.544293, 27.849323, 0.0], [86.544846, 27.849465, 0.0], [86.545321, 27.849186, 0.0], [86.545638, 27.848766, 0.0], [86.545825, 27.848601, 0.0], [86.546034, 27.848416, 0.0], [86.54651, 27.848066, 0.0], [86.547063, 27.847928, 0.0], [86.547083, 27.847923, 0.0], [86.547616, 27.847789, 0.0], [86.548091, 27.84751, 0.0], [86.548488, 27.847161, 0.0], [86.548648, 27.84667, 0.0], [86.548719, 27.846239, 0.0], [86.549066, 27.846059, 0.0], [86.549035, 27.845975, 0.0], [86.548837, 27.845531, 0.0], [86.548759, 27.845176, 0.0], [86.54898, 27.844898, 0.0], [86.549273, 27.845272, 0.0], [86.549748, 27.845485, 0.0], [86.549793, 27.845365, 0.0], [86.549795, 27.844844, 0.0], [86.549797, 27.844322, 0.0], [86.549632, 27.843875, 0.0], [86.54955, 27.843427, 0.0], [86.549468, 27.84298, 0.0], [86.549302, 27.842532, 0.0], [86.549052, 27.842084, 0.0], [86.548886, 27.841637, 0.0], [86.548721, 27.841189, 0.0], [86.548555, 27.840741, 0.0], [86.548473, 27.840294, 0.0], [86.548224, 27.839772, 0.0], [86.548225, 27.839548, 0.0], [86.547823, 27.839658, 0.0], [86.547765, 27.839287, 0.0], [86.547767, 27.838796, 0.0], [86.547848, 27.838305, 0.0], [86.548087, 27.837814, 0.0], [86.547852, 27.837392, 0.0], [86.547696, 27.8369, 0.0], [86.547946, 27.83657, 0.0], [86.547819, 27.836343, 0.0], [86.547569, 27.835895, 0.0], [86.547319, 27.835447, 0.0], [86.547154, 27.834999, 0.0], [86.546988, 27.834552, 0.0], [86.546906, 27.834104, 0.0], [86.546656, 27.833656, 0.0], [86.546574, 27.833209, 0.0], [86.546532, 27.832897, 0.0], [86.545818, 27.832823, 0.0], [86.545343, 27.833032, 0.0], [86.545499, 27.833524, 0.0], [86.545497, 27.834015, 0.0], [86.545653, 27.834507, 0.0], [86.545888, 27.834929, 0.0], [86.545886, 27.835421, 0.0], [86.545805, 27.835912, 0.0], [86.545566, 27.836332, 0.0], [86.545328, 27.836752, 0.0], [86.544853, 27.836961, 0.0], [86.5443, 27.836959, 0.0], [86.543826, 27.837168, 0.0], [86.544219, 27.837521, 0.0], [86.544691, 27.837873, 0.0], [86.544768, 27.838365, 0.0], [86.544766, 27.838856, 0.0], [86.544606, 27.839347, 0.0], [86.544525, 27.839838, 0.0], [86.544444, 27.840329, 0.0], [86.544521, 27.840821, 0.0], [86.544519, 27.841312, 0.0], [86.544912, 27.841734, 0.0], [86.545385, 27.841947, 0.0], [86.545858, 27.842229, 0.0], [86.545975, 27.842299, 0.0], [86.545954, 27.842375, 0.0], [86.545952, 27.842844, 0.0], [86.545906, 27.843313, 0.0], [86.545816, 27.843781, 0.0], [86.545814, 27.84425, 0.0], [86.545724, 27.844718, 0.0], [86.545415, 27.845108, 0.0], [86.545281, 27.845616, 0.0], [86.545279, 27.846084, 0.0], [86.545101, 27.846514, 0.0], [86.54488, 27.846943, 0.0], [86.54457, 27.847332, 0.0], [86.544379, 27.847393, 0.0], [86.544224, 27.847352, 0.0], [86.543742, 27.847064, 0.0], [86.543689, 27.846729, 0.0], [86.54353, 27.846299, 0.0], [86.543371, 27.845868, 0.0], [86.543373, 27.84539, 0.0], [86.543213, 27.844912, 0.0], [86.543122, 27.8445, 0.0], [86.543129, 27.844476, 0.0], [86.543289, 27.843985, 0.0], [86.54337, 27.843494, 0.0], [86.543214, 27.843002, 0.0], [86.542979, 27.84258, 0.0], [86.542744, 27.842158, 0.0], [86.542509, 27.841736, 0.0], [86.542116, 27.841384, 0.0], [86.541881, 27.840962, 0.0], [86.541804, 27.84047, 0.0], [86.541648, 27.839979, 0.0], [86.541413, 27.839557, 0.0], [86.541178, 27.839065, 0.0], [86.540864, 27.838642, 0.0], [86.540608, 27.838241, 0.0], [86.540608, 27.838168, 0.0], [86.540611, 27.837643, 0.0], [86.540613, 27.837165, 0.0], [86.540615, 27.836687, 0.0], [86.540724, 27.83621, 0.0], [86.540834, 27.835685, 0.0], [86.54091, 27.835534, 0.0], [86.54099, 27.835545, 0.0], [86.541387, 27.835125, 0.0], [86.541487, 27.834776, 0.0], [86.541828, 27.834575, 0.0], [86.542304, 27.834225, 0.0], [86.542778, 27.834016, 0.0], [86.542842, 27.833904, 0.0], [86.543252, 27.834088, 0.0], [86.543804, 27.83409, 0.0], [86.543885, 27.833599, 0.0], [86.54365, 27.833177, 0.0], [86.543573, 27.832685, 0.0], [86.543521, 27.83252, 0.0], [86.543723, 27.832282, 0.0], [86.544021, 27.831915, 0.0], [86.54407, 27.831816, 0.0], [86.54414, 27.83181, 0.0], [86.544555, 27.831548, 0.0], [86.544971, 27.831181, 0.0], [86.545269, 27.830813, 0.0], [86.54534, 27.830688, 0.0], [86.545161, 27.830447, 0.0], [86.544911, 27.829999, 0.0], [86.544717, 27.82965, 0.0], [86.544681, 27.829706, 0.0], [86.544512, 27.82978, 0.0], [86.544477, 27.829731, 0.0], [86.544569, 27.82945, 0.0], [86.544334, 27.829028, 0.0], [86.544099, 27.828536, 0.0], [86.543785, 27.827973, 0.0], [86.543471, 27.827551, 0.0], [86.543394, 27.82706, 0.0], [86.543213, 27.826816, 0.0], [86.543396, 27.826709, 0.0], [86.543696, 27.826488, 0.0], [86.543669, 27.826344, 0.0], [86.543587, 27.825897, 0.0], [86.54359, 27.825301, 0.0], [86.543592, 27.824779, 0.0], [86.543593, 27.824581, 0.0], [86.543563, 27.824393, 0.0], [86.543487, 27.823901, 0.0], [86.543488, 27.823661, 0.0], [86.543431, 27.823288, 0.0], [86.543433, 27.822767, 0.0], [86.543435, 27.822245, 0.0], [86.543437, 27.821762, 0.0], [86.54326, 27.821444, 0.0], [86.542946, 27.821022, 0.0], [86.542632, 27.8206, 0.0], [86.542318, 27.820177, 0.0], [86.542004, 27.819755, 0.0], [86.541769, 27.819333, 0.0], [86.541771, 27.818842, 0.0], [86.541773, 27.818281, 0.0], [86.541854, 27.817789, 0.0], [86.541935, 27.817298, 0.0], [86.542049, 27.816948, 0.0], [86.541824, 27.816746, 0.0], [86.54151, 27.816324, 0.0], [86.54156, 27.816236, 0.0], [86.541415, 27.815975, 0.0], [86.541417, 27.815507, 0.0], [86.541419, 27.815039, 0.0], [86.541526, 27.814571, 0.0], [86.541738, 27.814104, 0.0], [86.541951, 27.813637, 0.0], [86.542268, 27.81317, 0.0], [86.542481, 27.812609, 0.0], [86.542541, 27.812556, 0.0], [86.542429, 27.812527, 0.0], [86.541876, 27.812525, 0.0], [86.541739, 27.812577, 0.0], [86.541922, 27.812254, 0.0], [86.541924, 27.811693, 0.0], [86.542477, 27.811695, 0.0], [86.542612, 27.811668, 0.0], [86.542381, 27.811392, 0.0], [86.542067, 27.811017, 0.0], [86.541753, 27.810641, 0.0], [86.541439, 27.810172, 0.0], [86.541125, 27.809703, 0.0], [86.540811, 27.809234, 0.0], [86.540603, 27.808766, 0.0], [86.5405, 27.808297, 0.0], [86.54008, 27.808015, 0.0], [86.53966, 27.80764, 0.0], [86.539417, 27.807368, 0.0], [86.539338, 27.807403, 0.0], [86.539195, 27.807653, 0.0], [86.539021, 27.807542, 0.0], [86.53839, 27.80747, 0.0], [86.53768, 27.807397, 0.0], [86.53697, 27.807325, 0.0], [86.536903, 27.807317, 0.0], [86.536848, 27.806964, 0.0], [86.536613, 27.806542, 0.0], [86.53614, 27.806259, 0.0], [86.535668, 27.806047, 0.0], [86.535115, 27.805975, 0.0], [86.534625, 27.805786, 0.0], [86.534626, 27.805351, 0.0], [86.53451, 27.804877, 0.0], [86.533977, 27.804823, 0.0], [86.533562, 27.805085, 0.0], [86.533028, 27.805293, 0.0], [86.532838, 27.805343, 0.0], [86.532436, 27.805449, 0.0], [86.531902, 27.805605, 0.0], [86.531418, 27.805652, 0.0], [86.531369, 27.805656, 0.0], [86.531153, 27.805775, 0.0], [86.530695, 27.80589, 0.0], [86.530142, 27.806028, 0.0], [86.52951, 27.806096, 0.0], [86.528878, 27.806164, 0.0], [86.528326, 27.806163, 0.0], [86.527773, 27.806231, 0.0], [86.527221, 27.806229, 0.0], [86.526589, 27.806227, 0.0], [86.526037, 27.806155, 0.0], [86.525327, 27.806082, 0.0], [86.524854, 27.80587, 0.0], [86.524461, 27.805518, 0.0], [86.524225, 27.805176, 0.0], [86.524183, 27.805175, 0.0], [86.524108, 27.805197, 0.0], [86.52409, 27.805105, 0.0], [86.524033, 27.804526, 0.0], [86.524015, 27.804478, 0.0], [86.523992, 27.804498, 0.0], [86.523464, 27.804777, 0.0], [86.523042, 27.805056, 0.0], [86.522725, 27.80543, 0.0], [86.522303, 27.805709, 0.0], [86.521775, 27.805988, 0.0], [86.521353, 27.806267, 0.0], [86.520721, 27.806452, 0.0], [86.520193, 27.806731, 0.0], [86.519761, 27.80673, 0.0], [86.519447, 27.806914, 0.0], [86.518895, 27.806912, 0.0], [86.518342, 27.80698, 0.0], [86.51771, 27.807048, 0.0], [86.517157, 27.807116, 0.0], [86.516604, 27.807325, 0.0], [86.516365, 27.807816, 0.0], [86.516521, 27.808307, 0.0], [86.516676, 27.808799, 0.0], [86.516832, 27.809291, 0.0], [86.516988, 27.809783, 0.0], [86.517302, 27.810205, 0.0], [86.517854, 27.810207, 0.0], [86.518407, 27.810209, 0.0], [86.518882, 27.80993, 0.0], [86.519356, 27.809651, 0.0], [86.519753, 27.809231, 0.0], [86.519834, 27.809171, 0.0], [86.519832, 27.809573, 0.0], [86.519915, 27.810022, 0.0], [86.520334, 27.810322, 0.0], [86.520795, 27.810548, 0.0], [86.521257, 27.810774, 0.0], [86.521719, 27.810963, 0.0], [86.522265, 27.811152, 0.0], [86.522726, 27.81134, 0.0], [86.523019, 27.811715, 0.0], [86.523033, 27.811887, 0.0], [86.523012, 27.8119, 0.0], [86.522537, 27.812249, 0.0], [86.522064, 27.812037, 0.0], [86.521671, 27.811685, 0.0], [86.521118, 27.811753, 0.0], [86.520566, 27.811751, 0.0], [86.520012, 27.81189, 0.0], [86.519538, 27.812169, 0.0], [86.518985, 27.812237, 0.0], [86.518588, 27.812657, 0.0], [86.518428, 27.813147, 0.0], [86.518426, 27.813639, 0.0], [86.518503, 27.81413, 0.0], [86.518737, 27.814623, 0.0], [86.518735, 27.815114, 0.0], [86.518812, 27.815605, 0.0], [86.518889, 27.816097, 0.0], [86.519044, 27.816589, 0.0], [86.519279, 27.817011, 0.0], [86.519754, 27.816732, 0.0], [86.520072, 27.816242, 0.0], [86.52039, 27.815751, 0.0], [86.520866, 27.815332, 0.0], [86.521341, 27.814983, 0.0], [86.521737, 27.814633, 0.0], [86.522055, 27.814213, 0.0], [86.522451, 27.813793, 0.0], [86.522926, 27.813514, 0.0], [86.523322, 27.813164, 0.0], [86.523421, 27.813077, 0.0], [86.523853, 27.813289, 0.0], [86.524146, 27.813701, 0.0], [86.524608, 27.813927, 0.0], [86.525155, 27.813854, 0.0], [86.525253, 27.81351, 0.0], [86.524946, 27.81318, 0.0], [86.524869, 27.812688, 0.0], [86.52495, 27.812197, 0.0], [86.525425, 27.811988, 0.0], [86.525978, 27.81185, 0.0], [86.526261, 27.811815, 0.0], [86.526485, 27.811982, 0.0], [86.527037, 27.812054, 0.0], [86.52759, 27.812126, 0.0], [86.528142, 27.812128, 0.0], [86.528332, 27.812045, 0.0], [86.528345, 27.812068, 0.0], [86.528817, 27.812491, 0.0], [86.529211, 27.812668, 0.0], [86.52921, 27.812914, 0.0], [86.529208, 27.813405, 0.0], [86.529284, 27.813897, 0.0], [86.529299, 27.81399, 0.0], [86.529147, 27.814232, 0.0], [86.529081, 27.814026, 0.0], [86.528688, 27.813674, 0.0], [86.528295, 27.813322, 0.0], [86.52805, 27.812992, 0.0], [86.527472, 27.813118, 0.0], [86.52684, 27.813186, 0.0], [86.526542, 27.813223, 0.0], [86.526478, 27.813667, 0.0], [86.526475, 27.814228, 0.0], [86.526473, 27.814719, 0.0], [86.52655, 27.815281, 0.0], [86.526547, 27.815843, 0.0], [86.526703, 27.816335, 0.0], [86.526701, 27.816826, 0.0], [86.526857, 27.817318, 0.0], [86.526934, 27.817809, 0.0], [86.52701, 27.818301, 0.0], [86.527074, 27.818531, 0.0], [86.526812, 27.818854, 0.0], [86.526456, 27.819221, 0.0], [86.526158, 27.819589, 0.0], [86.52586, 27.820009, 0.0], [86.525562, 27.820376, 0.0], [86.525206, 27.820744, 0.0], [86.524967, 27.820989, 0.0], [86.524561, 27.821108, 0.0], [86.52413, 27.82144, 0.0], [86.523752, 27.821774, 0.0], [86.523321, 27.822059, 0.0], [86.52273, 27.822152, 0.0], [86.522247, 27.822007, 0.0], [86.522045, 27.821872, 0.0], [86.522041, 27.821813, 0.0], [86.522043, 27.821345, 0.0], [86.522035, 27.82121, 0.0], [86.522126, 27.820944, 0.0], [86.522187, 27.82047, 0.0], [86.522189, 27.819996, 0.0], [86.522191, 27.819522, 0.0], [86.522312, 27.819049, 0.0], [86.522255, 27.818575, 0.0], [86.522079, 27.818101, 0.0], [86.521487, 27.818151, 0.0], [86.521248, 27.818572, 0.0], [86.521068, 27.819045, 0.0], [86.520975, 27.81941, 0.0], [86.520948, 27.819518, 0.0], [86.520532, 27.819885, 0.0], [86.520057, 27.820094, 0.0], [86.519822, 27.819672, 0.0], [86.519724, 27.81927, 0.0], [86.519706, 27.819198, 0.0], [86.519589, 27.818724, 0.0], [86.519057, 27.818564, 0.0], [86.518582, 27.818931, 0.0], [86.518343, 27.819351, 0.0], [86.518282, 27.819825, 0.0], [86.518282, 27.819925, 0.0], [86.518229, 27.820097, 0.0], [86.517691, 27.819559, 0.0], [86.517397, 27.81919, 0.0], [86.517102, 27.818768, 0.0], [86.516689, 27.81845, 0.0], [86.516276, 27.818133, 0.0], [86.515982, 27.817764, 0.0], [86.515628, 27.817394, 0.0], [86.515334, 27.817024, 0.0], [86.515099, 27.816602, 0.0], [86.514805, 27.816128, 0.0], [86.514452, 27.815705, 0.0], [86.514158, 27.815283, 0.0], [86.514448, 27.81505, 0.0], [86.514687, 27.814577, 0.0], [86.514807, 27.814104, 0.0], [86.515046, 27.813683, 0.0], [86.515271, 27.813367, 0.0], [86.515291, 27.813392, 0.0], [86.515765, 27.813183, 0.0], [86.515768, 27.812657, 0.0], [86.515711, 27.812077, 0.0], [86.515595, 27.811603, 0.0], [86.515301, 27.811181, 0.0], [86.514769, 27.810916, 0.0], [86.514296, 27.810704, 0.0], [86.513824, 27.810491, 0.0], [86.513292, 27.810279, 0.0], [86.512819, 27.810014, 0.0], [86.512228, 27.809907, 0.0], [86.511576, 27.809904, 0.0], [86.51137, 27.809924, 0.0], [86.511281, 27.809745, 0.0], [86.511106, 27.809218, 0.0], [86.511108, 27.808786, 0.0], [86.511552, 27.808609, 0.0], [86.512057, 27.808498, 0.0], [86.512521, 27.808276, 0.0], [86.512984, 27.80809, 0.0], [86.51328, 27.807718, 0.0], [86.513269, 27.807583, 0.0], [86.513601, 27.807332, 0.0], [86.513721, 27.806859, 0.0], [86.513308, 27.806541, 0.0], [86.512776, 27.806382, 0.0], [86.512426, 27.806742, 0.0], [86.511939, 27.806741, 0.0], [86.511308, 27.806738, 0.0], [86.510761, 27.806699, 0.0], [86.510131, 27.806697, 0.0], [86.509584, 27.806732, 0.0], [86.509162, 27.806992, 0.0], [86.508699, 27.807215, 0.0], [86.508193, 27.8074, 0.0], [86.507771, 27.807661, 0.0], [86.507391, 27.807996, 0.0], [86.507293, 27.808396, 0.0], [86.507195, 27.808497, 0.0], [86.506897, 27.808864, 0.0], [86.506481, 27.809231, 0.0], [86.506066, 27.809493, 0.0], [86.505768, 27.809913, 0.0], [86.506003, 27.810335, 0.0], [86.506536, 27.810179, 0.0], [86.506834, 27.809811, 0.0], [86.507191, 27.809444, 0.0], [86.507666, 27.809183, 0.0], [86.507729, 27.809108, 0.0], [86.507848, 27.809344, 0.0], [86.507678, 27.809792, 0.0], [86.507549, 27.81024, 0.0], [86.507463, 27.810688, 0.0], [86.507376, 27.810784, 0.0], [86.507014, 27.810783, 0.0], [86.50648, 27.810886, 0.0], [86.505948, 27.810885, 0.0], [86.505415, 27.810883, 0.0], [86.504882, 27.810828, 0.0], [86.50435, 27.810774, 0.0], [86.503818, 27.810561, 0.0], [86.503405, 27.810244, 0.0], [86.50311, 27.809874, 0.0], [86.502757, 27.809452, 0.0], [86.502463, 27.809082, 0.0], [86.501929, 27.809238, 0.0], [86.501749, 27.809711, 0.0], [86.501747, 27.810185, 0.0], [86.501908, 27.810533, 0.0], [86.501869, 27.810967, 0.0], [86.501741, 27.811416, 0.0], [86.501654, 27.811864, 0.0], [86.501671, 27.81191, 0.0], [86.501522, 27.811925, 0.0], [86.501585, 27.812394, 0.0], [86.50188, 27.812776, 0.0], [86.502076, 27.813216, 0.0], [86.502503, 27.813482, 0.0], [86.50303, 27.813572, 0.0], [86.503524, 27.813749, 0.0], [86.504017, 27.813868, 0.0], [86.504544, 27.813929, 0.0], [86.505072, 27.81393, 0.0], [86.505632, 27.813932, 0.0], [86.506159, 27.813934, 0.0], [86.506192, 27.813934, 0.0], [86.506587, 27.813994, 0.0], [86.507081, 27.814201, 0.0], [86.507541, 27.814437, 0.0], [86.508034, 27.814674, 0.0], [86.508461, 27.814968, 0.0], [86.508888, 27.815233, 0.0], [86.509316, 27.815499, 0.0], [86.509644, 27.815851, 0.0], [86.510071, 27.816146, 0.0], [86.510465, 27.81644, 0.0], [86.510537, 27.816473, 0.0], [86.510657, 27.816797, 0.0], [86.510952, 27.817219, 0.0], [86.511246, 27.817589, 0.0], [86.5116, 27.817959, 0.0], [86.512012, 27.818329, 0.0], [86.512366, 27.818698, 0.0], [86.512779, 27.819068, 0.0], [86.513073, 27.819438, 0.0], [86.513545, 27.819808, 0.0], [86.513899, 27.820178, 0.0], [86.514252, 27.8206, 0.0], [86.514547, 27.82097, 0.0], [86.5149, 27.82134, 0.0], [86.515195, 27.821709, 0.0], [86.51543, 27.822131, 0.0], [86.515605, 27.822605, 0.0], [86.51584, 27.82308, 0.0], [86.516075, 27.823555, 0.0], [86.516309, 27.824082, 0.0], [86.516544, 27.824556, 0.0], [86.516838, 27.824979, 0.0], [86.517192, 27.825348, 0.0], [86.517486, 27.825718, 0.0], [86.517745, 27.826089, 0.0], [86.517738, 27.826194, 0.0], [86.517472, 27.826603, 0.0], [86.517141, 27.826953, 0.0], [86.516347, 27.827566, 0.0], [86.515885, 27.827799, 0.0], [86.515455, 27.828061, 0.0], [86.515058, 27.828382, 0.0], [86.514662, 27.828673, 0.0], [86.514265, 27.828994, 0.0], [86.513703, 27.829344, 0.0], [86.513207, 27.829635, 0.0], [86.512744, 27.829897, 0.0], [86.512315, 27.830189, 0.0], [86.511885, 27.83048, 0.0], [86.511488, 27.830772, 0.0], [86.511124, 27.831093, 0.0], [86.510629, 27.831208, 0.0], [86.510398, 27.831325, 0.0], [86.509703, 27.831967, 0.0], [86.509273, 27.832229, 0.0], [86.508745, 27.832461, 0.0], [86.508315, 27.832782, 0.0], [86.507885, 27.833074, 0.0], [86.507389, 27.833394, 0.0], [86.50696, 27.833686, 0.0], [86.506595, 27.834065, 0.0], [86.506297, 27.834445, 0.0], [86.505867, 27.834707, 0.0], [86.505437, 27.834999, 0.0], [86.505041, 27.83529, 0.0], [86.504644, 27.835582, 0.0], [86.504214, 27.835844, 0.0], [86.503784, 27.836136, 0.0], [86.503453, 27.836486, 0.0], [86.503122, 27.836866, 0.0], [86.502758, 27.837216, 0.0], [86.502394, 27.837537, 0.0], [86.501964, 27.837799, 0.0], [86.501501, 27.838061, 0.0], [86.501038, 27.838352, 0.0], [86.500707, 27.838703, 0.0], [86.500245, 27.838906, 0.0], [86.49975, 27.839051, 0.0], [86.499287, 27.839254, 0.0], [86.498792, 27.839399, 0.0], [86.498297, 27.839573, 0.0], [86.497802, 27.839689, 0.0], [86.49734, 27.839892, 0.0], [86.496889, 27.840113, 0.0], [86.49641, 27.84031, 0.0], [86.495934, 27.84052, 0.0], [86.495497, 27.840765, 0.0], [86.4951, 27.84108, 0.0], [86.49482, 27.841467, 0.0], [86.494383, 27.841747, 0.0], [86.493986, 27.842062, 0.0], [86.493786, 27.842484, 0.0], [86.493507, 27.84287, 0.0], [86.49307, 27.843115, 0.0], [86.492633, 27.84336, 0.0], [86.492194, 27.843993, 0.0], [86.491835, 27.844414, 0.0], [86.491556, 27.8448, 0.0], [86.491277, 27.845186, 0.0], [86.490879, 27.845537, 0.0], [86.490482, 27.845853, 0.0], [86.490123, 27.846239, 0.0], [86.489805, 27.846625, 0.0], [86.489407, 27.846976, 0.0], [86.489009, 27.847291, 0.0], [86.48873, 27.847713, 0.0], [86.488213, 27.848168, 0.0], [86.487815, 27.848554, 0.0], [86.487773, 27.849012, 0.0], [86.48789, 27.84947, 0.0], [86.488165, 27.849859, 0.0], [86.48852, 27.850212, 0.0], [86.488994, 27.850425, 0.0], [86.489431, 27.85018, 0.0], [86.489869, 27.8499, 0.0], [86.490266, 27.849585, 0.0], [86.490624, 27.849234, 0.0], [86.491061, 27.848989, 0.0], [86.491498, 27.848744, 0.0], [86.491896, 27.848429, 0.0], [86.492294, 27.848113, 0.0], [86.492691, 27.847798, 0.0], [86.493128, 27.847518, 0.0], [86.493566, 27.847237, 0.0], [86.493963, 27.846887, 0.0], [86.49444, 27.846712, 0.0], [86.494877, 27.846397, 0.0], [86.495314, 27.846152, 0.0], [86.495633, 27.845766, 0.0], [86.495991, 27.845415, 0.0], [86.496428, 27.84517, 0.0], [86.496904, 27.844925, 0.0], [86.49742, 27.844822, 0.0], [86.497935, 27.844683, 0.0], [86.498451, 27.844614, 0.0], [86.498927, 27.844405, 0.0], [86.499443, 27.844195, 0.0], [86.499958, 27.844162, 0.0], [86.500791, 27.843989, 0.0], [86.501424, 27.843808, 0.0], [86.501473, 27.843857, 0.0], [86.501866, 27.843551, 0.0], [86.502307, 27.843319, 0.0], [86.502791, 27.843125, 0.0], [86.503275, 27.842931, 0.0], [86.503716, 27.84266, 0.0], [86.5042, 27.842505, 0.0], [86.504641, 27.842233, 0.0], [86.505082, 27.841922, 0.0], [86.505479, 27.841611, 0.0], [86.505876, 27.8413, 0.0], [86.50636, 27.841067, 0.0], [86.506888, 27.840913, 0.0], [86.507373, 27.84068, 0.0], [86.507813, 27.840447, 0.0], [86.508254, 27.840215, 0.0], [86.508739, 27.839982, 0.0], [86.509223, 27.839749, 0.0], [86.509795, 27.839556, 0.0], [86.510236, 27.839284, 0.0], [86.510676, 27.839051, 0.0], [86.511204, 27.838936, 0.0], [86.511909, 27.838509, 0.0], [86.512218, 27.838275, 0.0], [86.512746, 27.838121, 0.0], [86.513231, 27.837888, 0.0], [86.513628, 27.837538, 0.0], [86.514068, 27.837305, 0.0], [86.514465, 27.836994, 0.0], [86.514862, 27.836683, 0.0], [86.515259, 27.836333, 0.0], [86.515744, 27.836061, 0.0], [86.516228, 27.835789, 0.0], [86.516582, 27.835439, 0.0], [86.517109, 27.835323, 0.0], [86.517594, 27.835169, 0.0], [86.518122, 27.835014, 0.0], [86.518606, 27.834821, 0.0], [86.519134, 27.834627, 0.0], [86.519662, 27.834551, 0.0], [86.520189, 27.834514, 0.0], [86.520717, 27.834398, 0.0], [86.521201, 27.834244, 0.0], [86.521729, 27.834089, 0.0], [86.522258, 27.833896, 0.0], [86.523534, 27.833509, 0.0], [86.524281, 27.833434, 0.0], [86.524809, 27.833397, 0.0], [86.524919, 27.833397, 0.0], [86.525081, 27.83359, 0.0], [86.525394, 27.834059, 0.0], [86.525498, 27.834527, 0.0], [86.525812, 27.834903, 0.0], [86.526126, 27.835278, 0.0], [86.526546, 27.83556, 0.0], [86.526966, 27.835842, 0.0], [86.527491, 27.836031, 0.0], [86.528017, 27.83622, 0.0], [86.52838, 27.836351, 0.0], [86.528556, 27.836698, 0.0], [86.52868, 27.837147, 0.0], [86.528763, 27.837596, 0.0], [86.528845, 27.838045, 0.0], [86.52918, 27.838421, 0.0], [86.529388, 27.83887, 0.0], [86.529554, 27.839319, 0.0], [86.529847, 27.839844, 0.0], [86.530139, 27.840256, 0.0], [86.530348, 27.840668, 0.0], [86.530598, 27.84108, 0.0], [86.53068, 27.841641, 0.0], [86.530847, 27.842091, 0.0], [86.530929, 27.84254, 0.0], [86.531095, 27.842989, 0.0], [86.531177, 27.843475, 0.0], [86.531301, 27.843999, 0.0], [86.53151, 27.844411, 0.0], [86.531616, 27.844641, 0.0], [86.531614, 27.845023, 0.0], [86.531788, 27.845453, 0.0], [86.531786, 27.845922, 0.0], [86.531784, 27.846391, 0.0], [86.531837, 27.846644, 0.0], [86.531836, 27.846731, 0.0], [86.531803, 27.847126, 0.0], [86.53156, 27.847367, 0.0], [86.531032, 27.847482, 0.0], [86.53055, 27.847324, 0.0], [86.530155, 27.84701, 0.0], [86.530029, 27.846848, 0.0], [86.530071, 27.846388, 0.0], [86.529947, 27.845939, 0.0], [86.529527, 27.845639, 0.0], [86.529108, 27.845338, 0.0], [86.528684, 27.845148, 0.0], [86.528626, 27.845052, 0.0], [86.528408, 27.844621, 0.0], [86.528102, 27.84423, 0.0], [86.52762, 27.843915, 0.0], [86.527225, 27.843602, 0.0], [86.526831, 27.843288, 0.0], [86.526393, 27.843052, 0.0], [86.525954, 27.842816, 0.0], [86.525472, 27.84258, 0.0], [86.525089, 27.84255, 0.0], [86.524748, 27.842851, 0.0], [86.524224, 27.842916, 0.0], [86.523626, 27.84298, 0.0], [86.523102, 27.843111, 0.0], [86.522429, 27.843109, 0.0], [86.52209, 27.843108, 0.0], [86.521953, 27.84331, 0.0], [86.521468, 27.843543, 0.0], [86.521115, 27.843893, 0.0], [86.521037, 27.843889, 0.0], [86.52049, 27.843887, 0.0], [86.52013, 27.843752, 0.0], [86.520107, 27.843766, 0.0], [86.519583, 27.843963, 0.0], [86.519357, 27.844428, 0.0], [86.519056, 27.844826, 0.0], [86.518829, 27.84529, 0.0], [86.518752, 27.845755, 0.0], [86.51875, 27.846221, 0.0], [86.518674, 27.846686, 0.0], [86.518522, 27.84715, 0.0], [86.518445, 27.847615, 0.0], [86.518368, 27.848147, 0.0], [86.518333, 27.848253, 0.0], [86.51865, 27.848098, 0.0], [86.519051, 27.8477, 0.0], [86.519353, 27.847301, 0.0], [86.519554, 27.846858, 0.0], [86.519561, 27.846793, 0.0], [86.519762, 27.846764, 0.0], [86.520268, 27.846616, 0.0], [86.520595, 27.846569, 0.0], [86.520751, 27.846744, 0.0], [86.520881, 27.847213, 0.0], [86.520879, 27.847682, 0.0], [86.520569, 27.848071, 0.0], [86.520348, 27.8485, 0.0], [86.520346, 27.848969, 0.0], [86.520342, 27.849672, 0.0], [86.52056, 27.850103, 0.0], [86.520734, 27.850533, 0.0], [86.520996, 27.850925, 0.0], [86.521258, 27.851316, 0.0], [86.521608, 27.851669, 0.0], [86.521958, 27.852022, 0.0], [86.522036, 27.852045, 0.0], [86.522203, 27.852397, 0.0], [86.522597, 27.852749, 0.0], [86.523069, 27.853102, 0.0], [86.523146, 27.853593, 0.0], [86.523301, 27.854085, 0.0], [86.523457, 27.854647, 0.0], [86.523692, 27.855069, 0.0], [86.524244, 27.855211, 0.0], [86.524798, 27.855003, 0.0], [86.525352, 27.854794, 0.0], [86.525826, 27.854585, 0.0], [86.526381, 27.854236, 0.0], [86.526934, 27.854098, 0.0], [86.527409, 27.853889, 0.0], [86.527884, 27.85368, 0.0], [86.528358, 27.853471, 0.0], [86.528805, 27.853189, 0.0], [86.529206, 27.853102, 0.0], [86.529734, 27.852947, 0.0], [86.530263, 27.852715, 0.0], [86.53079, 27.852677, 0.0], [86.531318, 27.852562, 0.0], [86.531846, 27.852486, 0.0], [86.531963, 27.852443, 0.0], [86.53181, 27.852913, 0.0], [86.531658, 27.853378, 0.0], [86.531656, 27.853843, 0.0], [86.531504, 27.854375, 0.0], [86.531352, 27.854906, 0.0], [86.531201, 27.855371, 0.0], [86.531199, 27.855836, 0.0], [86.531197, 27.856301, 0.0], [86.531195, 27.856767, 0.0], [86.531268, 27.857232, 0.0], [86.531415, 27.857698, 0.0], [86.531638, 27.858164, 0.0], [86.531785, 27.85863, 0.0], [86.532007, 27.859096, 0.0], [86.532305, 27.859496, 0.0], [86.532453, 27.859962, 0.0], [86.532473, 27.860025, 0.0], [86.532603, 27.860497, 0.0], [86.532689, 27.860966, 0.0], [86.532643, 27.861435, 0.0], [86.532465, 27.861903, 0.0], [86.532331, 27.862371, 0.0], [86.532285, 27.862918, 0.0], [86.532151, 27.863386, 0.0], [86.532105, 27.863855, 0.0], [86.532015, 27.864323, 0.0], [86.531881, 27.864792, 0.0], [86.531879, 27.8653, 0.0], [86.531877, 27.865768, 0.0], [86.53183, 27.866471, 0.0], [86.531914, 27.867292, 0.0], [86.531955, 27.867996, 0.0], [86.532041, 27.868465, 0.0], [86.532039, 27.868933, 0.0], [86.532037, 27.869441, 0.0], [86.532079, 27.86991, 0.0], [86.532121, 27.870379, 0.0], [86.532119, 27.870848, 0.0], [86.532117, 27.871317, 0.0], [86.532071, 27.871785, 0.0], [86.532025, 27.872254, 0.0], [86.531998, 27.872394, 0.0], [86.531824, 27.872738, 0.0], [86.531585, 27.873263, 0.0], [86.531287, 27.873631, 0.0], [86.531108, 27.874104, 0.0], [86.531053, 27.87453, 0.0], [86.530784, 27.874672, 0.0], [86.530606, 27.875101, 0.0], [86.530604, 27.87557, 0.0], [86.530646, 27.876039, 0.0], [86.530336, 27.876428, 0.0], [86.529939, 27.87674, 0.0], [86.529499, 27.877012, 0.0], [86.528971, 27.877088, 0.0], [86.528443, 27.877086, 0.0], [86.528076, 27.877085, 0.0], [86.527958, 27.876919, 0.0], [86.527665, 27.876544, 0.0], [86.527288, 27.876131, 0.0], [86.526911, 27.875793, 0.0], [86.526534, 27.875455, 0.0], [86.526241, 27.875043, 0.0], [86.525864, 27.874705, 0.0], [86.525532, 27.874375, 0.0], [86.525534, 27.873932, 0.0], [86.525536, 27.873408, 0.0], [86.525538, 27.872922, 0.0], [86.525538, 27.872866, 0.0], [86.52554, 27.872436, 0.0], [86.525541, 27.87226, 0.0], [86.525637, 27.872227, 0.0], [86.525889, 27.871784, 0.0], [86.525941, 27.871296, 0.0], [86.525893, 27.870807, 0.0], [86.525545, 27.870451, 0.0], [86.525096, 27.870183, 0.0], [86.524698, 27.869871, 0.0], [86.5243, 27.869514, 0.0], [86.5238, 27.869646, 0.0], [86.523548, 27.870044, 0.0], [86.523048, 27.870131, 0.0], [86.522548, 27.870307, 0.0], [86.522147, 27.870617, 0.0], [86.521796, 27.871015, 0.0], [86.521494, 27.871413, 0.0], [86.521342, 27.871857, 0.0], [86.521109, 27.87197, 0.0], [86.520555, 27.872108, 0.0], [86.520003, 27.872036, 0.0], [86.519609, 27.871684, 0.0], [86.519135, 27.871893, 0.0], [86.519132, 27.872384, 0.0], [86.518972, 27.872875, 0.0], [86.51874, 27.873182, 0.0], [86.518401, 27.872879, 0.0], [86.517849, 27.872807, 0.0], [86.517531, 27.873227, 0.0], [86.516978, 27.873225, 0.0], [86.516425, 27.873223, 0.0], [86.516029, 27.873572, 0.0], [86.516026, 27.874064, 0.0], [86.516101, 27.874164, 0.0], [86.516019, 27.874297, 0.0], [86.515933, 27.874746, 0.0], [86.515931, 27.875232, 0.0], [86.515928, 27.875718, 0.0], [86.515884, 27.876204, 0.0], [86.515867, 27.87639, 0.0], [86.515715, 27.876315, 0.0], [86.515622, 27.876231, 0.0], [86.515621, 27.876379, 0.0], [86.515619, 27.87694, 0.0], [86.515618, 27.877102, 0.0], [86.515765, 27.87708, 0.0], [86.515754, 27.877138, 0.0], [86.515794, 27.877624, 0.0], [86.515875, 27.877814, 0.0], [86.515772, 27.877923, 0.0], [86.515613, 27.878133, 0.0], [86.515454, 27.878343, 0.0], [86.515452, 27.878835, 0.0], [86.515608, 27.879326, 0.0], [86.51608, 27.879679, 0.0], [86.516553, 27.879891, 0.0], [86.516795, 27.879923, 0.0], [86.517043, 27.880172, 0.0], [86.517525, 27.880369, 0.0], [86.517743, 27.8808, 0.0], [86.517917, 27.88123, 0.0], [86.517915, 27.881699, 0.0], [86.517869, 27.882167, 0.0], [86.517823, 27.882636, 0.0], [86.517776, 27.8833, 0.0], [86.517116, 27.883454, 0.0], [86.516588, 27.883452, 0.0], [86.516142, 27.883517, 0.0], [86.516142, 27.883469, 0.0], [86.515987, 27.882978, 0.0], [86.515831, 27.882486, 0.0], [86.515358, 27.882274, 0.0], [86.51504, 27.882694, 0.0], [86.514644, 27.883043, 0.0], [86.514169, 27.883252, 0.0], [86.513851, 27.883672, 0.0], [86.51377, 27.884163, 0.0], [86.513783, 27.884262, 0.0], [86.513683, 27.88434, 0.0], [86.513286, 27.884652, 0.0], [86.512845, 27.884923, 0.0], [86.512579, 27.885313, 0.0], [86.512313, 27.885742, 0.0], [86.51196, 27.886092, 0.0], [86.511891, 27.886146, 0.0], [86.511891, 27.886703, 0.0], [86.511923, 27.886735, 0.0], [86.511855, 27.886842, 0.0], [86.511854, 27.887127, 0.0], [86.515004, 27.888571, 0.0], [86.515108, 27.888525, 0.0], [86.515347, 27.888105, 0.0], [86.515408, 27.887631, 0.0], [86.51541, 27.887158, 0.0], [86.515394, 27.887021, 0.0], [86.515353, 27.886684, 0.0], [86.515887, 27.886528, 0.0], [86.51636, 27.88674, 0.0], [86.516378, 27.886888, 0.0], [86.51688, 27.887086, 0.0], [86.517318, 27.887361, 0.0], [86.517668, 27.88744, 0.0], [86.51777, 27.88754, 0.0], [86.518147, 27.887878, 0.0], [86.518609, 27.888142, 0.0], [86.51907, 27.888442, 0.0], [86.519575, 27.888594, 0.0], [86.520164, 27.888596, 0.0], [86.520628, 27.888373, 0.0], [86.520875, 27.888155, 0.0], [86.521317, 27.887922, 0.0], [86.521802, 27.88769, 0.0], [86.522286, 27.887535, 0.0], [86.522596, 27.887145, 0.0], [86.522949, 27.886795, 0.0], [86.523346, 27.886484, 0.0], [86.523919, 27.886251, 0.0], [86.52436, 27.88594, 0.0], [86.524625, 27.885551, 0.0], [86.525023, 27.885161, 0.0], [86.525463, 27.884928, 0.0], [86.525904, 27.884656, 0.0], [86.526345, 27.884424, 0.0], [86.526566, 27.884353, 0.0], [86.527084, 27.884319, 0.0], [86.527631, 27.884321, 0.0], [86.528221, 27.884323, 0.0], [86.528894, 27.884326, 0.0], [86.529441, 27.884327, 0.0], [86.529988, 27.884329, 0.0], [86.530535, 27.884331, 0.0], [86.531124, 27.884371, 0.0], [86.531671, 27.884372, 0.0], [86.532302, 27.884375, 0.0], [86.532849, 27.884414, 0.0], [86.533354, 27.884528, 0.0], [86.533859, 27.884604, 0.0], [86.534405, 27.884756, 0.0], [86.534952, 27.884758, 0.0], [86.535532, 27.884759, 0.0], [86.53584, 27.884925, 0.0], [86.53619, 27.885277, 0.0], [86.536584, 27.885591, 0.0], [86.536979, 27.885905, 0.0], [86.537108, 27.886413, 0.0], [86.537238, 27.886922, 0.0], [86.537412, 27.887352, 0.0], [86.537542, 27.887821, 0.0], [86.537672, 27.888291, 0.0], [86.53767, 27.888759, 0.0], [86.537712, 27.889228, 0.0], [86.537753, 27.889854, 0.0], [86.537619, 27.890322, 0.0], [86.537092, 27.890359, 0.0], [86.536609, 27.890162, 0.0], [86.53617, 27.889887, 0.0], [86.535643, 27.88969, 0.0], [86.535116, 27.889649, 0.0], [86.535084, 27.889642, 0.0], [86.534806, 27.889506, 0.0], [86.534301, 27.88928, 0.0], [86.533797, 27.889129, 0.0], [86.533443, 27.888955, 0.0], [86.533418, 27.888934, 0.0], [86.533263, 27.888442, 0.0], [86.532869, 27.888089, 0.0], [86.532396, 27.887807, 0.0], [86.531844, 27.887665, 0.0], [86.531291, 27.887663, 0.0], [86.530737, 27.887801, 0.0], [86.530185, 27.8878, 0.0], [86.529632, 27.887798, 0.0], [86.529079, 27.887796, 0.0], [86.528526, 27.887794, 0.0], [86.527973, 27.887792, 0.0], [86.52742, 27.88779, 0.0], [86.526867, 27.887788, 0.0], [86.526313, 27.887927, 0.0], [86.525838, 27.888136, 0.0], [86.525363, 27.888415, 0.0], [86.52514, 27.888758, 0.0], [86.525051, 27.888795, 0.0], [86.52461, 27.889067, 0.0], [86.524257, 27.889417, 0.0], [86.523859, 27.889728, 0.0], [86.523419, 27.889961, 0.0], [86.523204, 27.890174, 0.0], [86.523065, 27.890091, 0.0], [86.522433, 27.890019, 0.0], [86.52188, 27.890017, 0.0], [86.521327, 27.890085, 0.0], [86.520695, 27.890153, 0.0], [86.520141, 27.890222, 0.0], [86.519588, 27.89029, 0.0], [86.518956, 27.890288, 0.0], [86.518403, 27.890356, 0.0], [86.517849, 27.890494, 0.0], [86.517531, 27.890914, 0.0], [86.517434, 27.891211, 0.0], [86.517266, 27.891256, 0.0], [86.516781, 27.891541, 0.0], [86.516564, 27.89197, 0.0], [86.516508, 27.892447, 0.0], [86.516506, 27.892925, 0.0], [86.516503, 27.893403, 0.0], [86.516555, 27.893881, 0.0], [86.516553, 27.894358, 0.0], [86.516658, 27.894884, 0.0], [86.516818, 27.895315, 0.0], [86.516851, 27.895405, 0.0], [86.516851, 27.895435, 0.0], [86.516945, 27.895498, 0.0], [86.517471, 27.895687, 0.0], [86.517997, 27.895783, 0.0], [86.51836, 27.896027, 0.0], [86.518196, 27.895843, 0.0], [86.518029, 27.895394, 0.0], [86.517909, 27.895178, 0.0], [86.51799, 27.894758, 0.0], [86.518161, 27.894272, 0.0], [86.518457, 27.8939, 0.0], [86.518711, 27.893489, 0.0], [86.519217, 27.893341, 0.0], [86.519721, 27.89353, 0.0], [86.520183, 27.893831, 0.0], [86.520645, 27.894019, 0.0], [86.52115, 27.894133, 0.0], [86.521696, 27.894285, 0.0], [86.522201, 27.894399, 0.0], [86.522747, 27.894475, 0.0], [86.522805, 27.894484, 0.0], [86.522888, 27.894443, 0.0], [86.523441, 27.894444, 0.0], [86.524073, 27.894447, 0.0], [86.524626, 27.894449, 0.0], [86.525257, 27.894591, 0.0], [86.525808, 27.895014, 0.0], [86.525887, 27.89512, 0.0], [86.525885, 27.895576, 0.0], [86.525804, 27.896067, 0.0], [86.525723, 27.896558, 0.0], [86.525878, 27.89705, 0.0], [86.526149, 27.897171, 0.0], [86.52653, 27.896836, 0.0], [86.526877, 27.896749, 0.0], [86.526908, 27.896562, 0.0], [86.52691, 27.896071, 0.0], [86.526912, 27.895579, 0.0], [86.527029, 27.89534, 0.0], [86.527151, 27.895089, 0.0], [86.52763, 27.894848, 0.0], [86.527842, 27.894684, 0.0], [86.527845, 27.894206, 0.0], [86.527847, 27.893681, 0.0], [86.527795, 27.893203, 0.0], [86.527759, 27.892867, 0.0], [86.527893, 27.892399, 0.0], [86.527939, 27.89193, 0.0], [86.528073, 27.891462, 0.0], [86.528134, 27.891442, 0.0], [86.528567, 27.891766, 0.0], [86.529029, 27.891992, 0.0], [86.529491, 27.892255, 0.0], [86.529911, 27.892518, 0.0], [86.530415, 27.892669, 0.0], [86.531087, 27.892896, 0.0], [86.531254, 27.893345, 0.0], [86.531462, 27.893612, 0.0], [86.531361, 27.893739, 0.0], [86.531315, 27.894207, 0.0], [86.531753, 27.894482, 0.0], [86.532325, 27.894523, 0.0], [86.532808, 27.894681, 0.0], [86.532848, 27.894722, 0.0], [86.532888, 27.894996, 0.0], [86.533265, 27.895334, 0.0], [86.533558, 27.895709, 0.0], [86.533683, 27.896158, 0.0], [86.533976, 27.896533, 0.0], [86.534265, 27.896698, 0.0], [86.534392, 27.896904, 0.0], [86.534821, 27.897287, 0.0], [86.535142, 27.897718, 0.0], [86.535463, 27.898102, 0.0], [86.535784, 27.898485, 0.0], [86.536105, 27.898868, 0.0], [86.536394, 27.899257, 0.0], [86.536394, 27.899381, 0.0], [86.536523, 27.899851, 0.0], [86.536521, 27.900319, 0.0], [86.536563, 27.900788, 0.0], [86.536738, 27.901219, 0.0], [86.536867, 27.901688, 0.0], [86.536953, 27.902157, 0.0], [86.536873, 27.9022, 0.0], [86.536772, 27.902189, 0.0], [86.536225, 27.902112, 0.0], [86.53572, 27.901998, 0.0], [86.535173, 27.901922, 0.0], [86.534669, 27.90177, 0.0], [86.534463, 27.901741, 0.0], [86.534233, 27.90157, 0.0], [86.533761, 27.901288, 0.0], [86.533288, 27.901006, 0.0], [86.532815, 27.900794, 0.0], [86.532262, 27.900792, 0.0], [86.531709, 27.90072, 0.0], [86.531156, 27.900718, 0.0], [86.530603, 27.900716, 0.0], [86.53005, 27.900644, 0.0], [86.529497, 27.900572, 0.0], [86.528944, 27.90057, 0.0], [86.528391, 27.900568, 0.0], [86.527772, 27.900566, 0.0], [86.527771, 27.90087, 0.0], [86.527874, 27.901339, 0.0], [86.527978, 27.901807, 0.0], [86.528036, 27.902069, 0.0], [86.528148, 27.902041, 0.0], [86.528701, 27.901973, 0.0], [86.529333, 27.901975, 0.0], [86.529966, 27.901837, 0.0], [86.530598, 27.901839, 0.0], [86.53115, 27.901981, 0.0], [86.531703, 27.902053, 0.0], [86.531743, 27.902077, 0.0], [86.531721, 27.902097, 0.0], [86.531425, 27.90247, 0.0], [86.531255, 27.902918, 0.0], [86.531253, 27.903404, 0.0], [86.531335, 27.90389, 0.0], [86.531459, 27.90434, 0.0], [86.53171, 27.904752, 0.0], [86.532003, 27.905127, 0.0], [86.532549, 27.905353, 0.0], [86.533222, 27.905467, 0.0], [86.533425, 27.905516, 0.0], [86.533509, 27.905622, 0.0], [86.533947, 27.905858, 0.0], [86.53443, 27.906055, 0.0], [86.534869, 27.906291, 0.0], [86.535396, 27.90641, 0.0], [86.535923, 27.906529, 0.0], [86.536451, 27.906531, 0.0], [86.536979, 27.906532, 0.0], [86.537506, 27.906612, 0.0], [86.537989, 27.90677, 0.0], [86.538251, 27.907162, 0.0], [86.538249, 27.907631, 0.0], [86.538159, 27.908099, 0.0], [86.537982, 27.908528, 0.0], [86.537848, 27.908997, 0.0], [86.53767, 27.909465, 0.0], [86.537312, 27.909686, 0.0], [86.537243, 27.910043, 0.0], [86.536839, 27.909812, 0.0], [86.536781, 27.90978, 0.0], [86.536573, 27.909368, 0.0], [86.536322, 27.908955, 0.0], [86.536113, 27.908469, 0.0], [86.535863, 27.908056, 0.0], [86.535358, 27.90798, 0.0], [86.534853, 27.907903, 0.0], [86.534264, 27.907827, 0.0], [86.53376, 27.907713, 0.0], [86.533212, 27.907711, 0.0], [86.532793, 27.907448, 0.0], [86.532584, 27.907036, 0.0], [86.532122, 27.90681, 0.0], [86.531575, 27.906658, 0.0], [86.531113, 27.90647, 0.0], [86.530651, 27.906281, 0.0], [86.530189, 27.906055, 0.0], [86.529646, 27.905756, 0.0], [86.529645, 27.90593, 0.0], [86.529643, 27.906398, 0.0], [86.529641, 27.906866, 0.0], [86.529639, 27.907334, 0.0], [86.529532, 27.907802, 0.0], [86.529424, 27.908363, 0.0], [86.529211, 27.90883, 0.0], [86.528999, 27.909297, 0.0], [86.528891, 27.909765, 0.0], [86.528574, 27.910138, 0.0], [86.528361, 27.910605, 0.0], [86.528148, 27.911072, 0.0], [86.528146, 27.91154, 0.0], [86.528223, 27.911887, 0.0], [86.528359, 27.911978, 0.0], [86.528745, 27.912048, 0.0], [86.528896, 27.912076, 0.0], [86.529434, 27.912173, 0.0], [86.529862, 27.912461, 0.0], [86.530003, 27.912587, 0.0], [86.53007, 27.912623, 0.0], [86.530087, 27.9127, 0.0], [86.530401, 27.913169, 0.0], [86.530716, 27.913545, 0.0], [86.531136, 27.913827, 0.0], [86.531556, 27.914203, 0.0], [86.531885, 27.914321, 0.0], [86.531932, 27.914368, 0.0], [86.53237, 27.914682, 0.0], [86.532634, 27.914741, 0.0], [86.532754, 27.914831, 0.0], [86.533227, 27.915184, 0.0], [86.533858, 27.915396, 0.0], [86.53449, 27.915399, 0.0], [86.535043, 27.9154, 0.0], [86.535596, 27.915402, 0.0], [86.536229, 27.915404, 0.0], [86.536782, 27.915336, 0.0], [86.537335, 27.915338, 0.0], [86.537888, 27.91527, 0.0], [86.538442, 27.915201, 0.0], [86.538996, 27.915063, 0.0], [86.539549, 27.914924, 0.0], [86.540103, 27.914856, 0.0], [86.540655, 27.914928, 0.0], [86.541208, 27.915, 0.0], [86.541294, 27.915039, 0.0], [86.541559, 27.915377, 0.0], [86.541689, 27.915846, 0.0], [86.541775, 27.916315, 0.0], [86.541597, 27.916744, 0.0], [86.541069, 27.916821, 0.0], [86.540497, 27.916819, 0.0], [86.53997, 27.916778, 0.0], [86.539442, 27.916854, 0.0], [86.538913, 27.91697, 0.0], [86.538429, 27.917164, 0.0], [86.537854, 27.917904, 0.0], [86.537236, 27.918449, 0.0], [86.537234, 27.918918, 0.0], [86.537188, 27.919386, 0.0], [86.5372, 27.919434, 0.0], [86.536769, 27.919602, 0.0], [86.536231, 27.919744, 0.0], [86.535944, 27.919743, 0.0], [86.53556, 27.919685, 0.0], [86.535056, 27.919533, 0.0], [86.534552, 27.919345, 0.0], [86.53409, 27.919081, 0.0], [86.534029, 27.918972, 0.0], [86.533816, 27.918541, 0.0], [86.533441, 27.918206, 0.0], [86.533012, 27.91787, 0.0], [86.532529, 27.917677, 0.0], [86.532046, 27.917389, 0.0], [86.531563, 27.917101, 0.0], [86.53108, 27.916908, 0.0], [86.530713, 27.916579, 0.0], [86.530455, 27.916578, 0.0], [86.529823, 27.916576, 0.0], [86.52927, 27.916574, 0.0], [86.528866, 27.916573, 0.0], [86.528771, 27.916424, 0.0], [86.528651, 27.916689, 0.0], [86.528649, 27.917157, 0.0], [86.528647, 27.917625, 0.0], [86.528749, 27.918187, 0.0], [86.528958, 27.918656, 0.0], [86.529061, 27.919124, 0.0], [86.529165, 27.919592, 0.0], [86.528847, 27.919965, 0.0], [86.528754, 27.920047, 0.0], [86.528753, 27.920339, 0.0], [86.528708, 27.920458, 0.0], [86.529095, 27.920574, 0.0], [86.529568, 27.920857, 0.0], [86.529803, 27.921279, 0.0], [86.529485, 27.921699, 0.0], [86.528932, 27.921697, 0.0], [86.528379, 27.921695, 0.0], [86.527825, 27.921693, 0.0], [86.527413, 27.921744, 0.0], [86.527258, 27.921925, 0.0], [86.527045, 27.922392, 0.0], [86.526833, 27.92286, 0.0], [86.526515, 27.923233, 0.0], [86.52631, 27.923683, 0.0], [86.526318, 27.923723, 0.0], [86.526801, 27.923867, 0.0], [86.527339, 27.923822, 0.0], [86.527877, 27.923776, 0.0], [86.528362, 27.923634, 0.0], [86.528403, 27.923631, 0.0], [86.528529, 27.92352, 0.0], [86.529084, 27.923101, 0.0], [86.529557, 27.923313, 0.0], [86.529792, 27.923735, 0.0], [86.529948, 27.924227, 0.0], [86.529978, 27.924421, 0.0], [86.530025, 27.924719, 0.0], [86.530023, 27.92521, 0.0], [86.530202, 27.92553, 0.0], [86.530235, 27.925838, 0.0], [86.530256, 27.926031, 0.0], [86.530177, 27.926193, 0.0], [86.529937, 27.926754, 0.0], [86.529777, 27.927245, 0.0], [86.529617, 27.927735, 0.0], [86.529378, 27.928156, 0.0], [86.529218, 27.928646, 0.0], [86.529215, 27.929208, 0.0], [86.529213, 27.929699, 0.0], [86.529211, 27.930191, 0.0], [86.529209, 27.930682, 0.0], [86.529286, 27.931244, 0.0], [86.529375, 27.931527, 0.0], [86.529262, 27.931626, 0.0], [86.528777, 27.93182, 0.0], [86.528249, 27.931935, 0.0], [86.527727, 27.932005, 0.0], [86.527727, 27.93277, 0.0], [86.527805, 27.932832, 0.0], [86.528244, 27.933107, 0.0], [86.528504, 27.933495, 0.0], [86.528406, 27.933697, 0.0], [86.528324, 27.934188, 0.0], [86.528243, 27.934679, 0.0], [86.528241, 27.935171, 0.0], [86.528239, 27.935662, 0.0], [86.528395, 27.936154, 0.0], [86.528472, 27.936645, 0.0], [86.528628, 27.937137, 0.0], [86.528705, 27.937629, 0.0], [86.528702, 27.93812, 0.0], [86.5287, 27.938611, 0.0], [86.528619, 27.939102, 0.0], [86.52838, 27.939523, 0.0], [86.527984, 27.939872, 0.0], [86.527587, 27.940222, 0.0], [86.527822, 27.940644, 0.0], [86.528375, 27.940646, 0.0], [86.528929, 27.940648, 0.0], [86.529482, 27.94065, 0.0], [86.529751, 27.94077, 0.0], [86.529969, 27.9412, 0.0], [86.530098, 27.941669, 0.0], [86.530244, 27.942028, 0.0], [86.531538, 27.942028, 0.0], [86.531882, 27.941775, 0.0], [86.532333, 27.941445, 0.0], [86.532709, 27.941047, 0.0], [86.533085, 27.940716, 0.0], [86.533386, 27.940318, 0.0], [86.533687, 27.93992, 0.0], [86.534063, 27.939523, 0.0], [86.534364, 27.939125, 0.0], [86.534441, 27.93866, 0.0], [86.534816, 27.938329, 0.0], [86.535341, 27.938131, 0.0], [86.535801, 27.938016, 0.0], [86.535785, 27.937868, 0.0], [86.535777, 27.937799, 0.0], [86.536155, 27.937466, 0.0], [86.53664, 27.937324, 0.0], [86.537124, 27.937182, 0.0], [86.537166, 27.937183, 0.0], [86.537312, 27.937036, 0.0], [86.538146, 27.937036, 0.0], [86.538562, 27.93662, 0.0], [86.538979, 27.936204, 0.0], [86.538834, 27.935761, 0.0], [86.538792, 27.935292, 0.0], [86.538794, 27.934784, 0.0], [86.538796, 27.934315, 0.0], [86.538842, 27.933846, 0.0], [86.538888, 27.933378, 0.0], [86.539022, 27.932909, 0.0], [86.539199, 27.93248, 0.0], [86.539377, 27.932051, 0.0], [86.539555, 27.931583, 0.0], [86.539821, 27.931193, 0.0], [86.539839, 27.931157, 0.0], [86.540109, 27.930988, 0.0], [86.540511, 27.930811, 0.0], [86.540555, 27.930834, 0.0], [86.543748, 27.926451, 0.0], [86.543918, 27.926004, 0.0], [86.544088, 27.925558, 0.0], [86.544425, 27.925186, 0.0], [86.544762, 27.924815, 0.0], [86.545015, 27.924369, 0.0], [86.545352, 27.923997, 0.0], [86.54569, 27.923626, 0.0], [86.545943, 27.92318, 0.0], [86.546197, 27.922733, 0.0], [86.546534, 27.922213, 0.0], [86.546871, 27.921841, 0.0], [86.547125, 27.921395, 0.0], [86.547546, 27.921098, 0.0], [86.547967, 27.920727, 0.0], [86.548304, 27.920356, 0.0], [86.548641, 27.919984, 0.0], [86.548978, 27.919538, 0.0], [86.549315, 27.919167, 0.0], [86.549819, 27.91902, 0.0], [86.550323, 27.918872, 0.0], [86.550827, 27.918799, 0.0], [86.551414, 27.918801, 0.0], [86.552085, 27.918803, 0.0], [86.552672, 27.918805, 0.0], [86.552812, 27.918806, 0.0], [86.552825, 27.918758, 0.0], [86.553361, 27.91876, 0.0], [86.553915, 27.918692, 0.0], [86.554468, 27.918693, 0.0], [86.555021, 27.918695, 0.0], [86.555653, 27.918697, 0.0], [86.555772, 27.918682, 0.0], [86.555772, 27.918716, 0.0], [86.55577, 27.91919, 0.0], [86.55559, 27.919663, 0.0], [86.555351, 27.920136, 0.0], [86.555408, 27.92061, 0.0], [86.555942, 27.920559, 0.0], [86.55624, 27.920139, 0.0], [86.556656, 27.919877, 0.0], [86.557072, 27.919615, 0.0], [86.557547, 27.919406, 0.0], [86.557973, 27.919172, 0.0], [86.558022, 27.919145, 0.0], [86.558514, 27.919049, 0.0], [86.558556, 27.919041, 0.0], [86.55909, 27.918938, 0.0], [86.559388, 27.91857, 0.0], [86.559511, 27.918353, 0.0], [86.559626, 27.91815, 0.0], [86.559887, 27.917828, 0.0], [86.559911, 27.917798, 0.0], [86.56024, 27.917799, 0.0], [86.560715, 27.91752, 0.0], [86.56119, 27.917241, 0.0], [86.561666, 27.916892, 0.0], [86.561589, 27.9164, 0.0], [86.561035, 27.916468, 0.0], [86.560562, 27.916186, 0.0], [86.56088, 27.915766, 0.0], [86.560961, 27.915275, 0.0], [86.560407, 27.915414, 0.0], [86.560011, 27.915763, 0.0], [86.559693, 27.916183, 0.0], [86.559311, 27.916182, 0.0], [86.559279, 27.916096, 0.0], [86.559162, 27.915621, 0.0], [86.558747, 27.915883, 0.0], [86.558574, 27.916188, 0.0], [86.558508, 27.916304, 0.0], [86.558092, 27.916566, 0.0], [86.557558, 27.916564, 0.0], [86.55762, 27.91609, 0.0], [86.557917, 27.915795, 0.0], [86.557899, 27.915643, 0.0], [86.557901, 27.91517, 0.0], [86.557487, 27.9148, 0.0], [86.556954, 27.914745, 0.0], [86.556421, 27.914691, 0.0], [86.555769, 27.914742, 0.0], [86.555732, 27.914756, 0.0], [86.555401, 27.914696, 0.0], [86.555443, 27.914594, 0.0], [86.555255, 27.914556, 0.0], [86.555139, 27.914082, 0.0], [86.555437, 27.913714, 0.0], [86.555912, 27.913505, 0.0], [86.555933, 27.913502, 0.0], [86.556212, 27.913354, 0.0], [86.556899, 27.913108, 0.0], [86.557352, 27.913026, 0.0], [86.557648, 27.912653, 0.0], [86.557944, 27.91228, 0.0], [86.558198, 27.911869, 0.0], [86.5582, 27.911383, 0.0], [86.557865, 27.911008, 0.0], [86.557318, 27.910969, 0.0], [86.557145, 27.910945, 0.0], [86.55695, 27.91077, 0.0], [86.556714, 27.910348, 0.0], [86.556479, 27.909926, 0.0], [86.556244, 27.909504, 0.0], [86.556177, 27.909082, 0.0], [86.55619, 27.908946, 0.0], [86.556214, 27.908674, 0.0], [86.556011, 27.90831, 0.0], [86.556643, 27.908383, 0.0], [86.557197, 27.908244, 0.0], [86.557672, 27.908035, 0.0], [86.55774, 27.907915, 0.0], [86.557276, 27.907583, 0.0], [86.556872, 27.907221, 0.0], [86.556518, 27.906814, 0.0], [86.556164, 27.906453, 0.0], [86.555709, 27.906226, 0.0], [86.555355, 27.905864, 0.0], [86.555154, 27.905368, 0.0], [86.555054, 27.904917, 0.0], [86.555056, 27.904421, 0.0], [86.55516, 27.90397, 0.0], [86.555178, 27.903891, 0.0], [86.554982, 27.903649, 0.0], [86.554907, 27.903557, 0.0], [86.554445, 27.903331, 0.0], [86.554395, 27.903357, 0.0], [86.554362, 27.902957, 0.0], [86.55428, 27.902508, 0.0], [86.554071, 27.902096, 0.0], [86.553778, 27.901721, 0.0], [86.553358, 27.901458, 0.0], [86.552896, 27.901232, 0.0], [86.552476, 27.900932, 0.0], [86.552099, 27.900594, 0.0], [86.551806, 27.900219, 0.0], [86.551387, 27.899807, 0.0], [86.55084, 27.899693, 0.0], [86.550376, 27.899953, 0.0], [86.549954, 27.900325, 0.0], [86.549573, 27.900661, 0.0], [86.549235, 27.901034, 0.0], [86.54908, 27.901108, 0.0], [86.548561, 27.901106, 0.0], [86.548014, 27.901067, 0.0], [86.54751, 27.900953, 0.0], [86.547217, 27.900578, 0.0], [86.547092, 27.900129, 0.0], [86.546968, 27.89968, 0.0], [86.546717, 27.899268, 0.0], [86.546508, 27.898856, 0.0], [86.5463, 27.898444, 0.0], [86.546175, 27.897995, 0.0], [86.546093, 27.897546, 0.0], [86.545969, 27.896984, 0.0], [86.545887, 27.896461, 0.0], [86.545847, 27.895974, 0.0], [86.545849, 27.895451, 0.0], [86.545851, 27.894965, 0.0], [86.545853, 27.894441, 0.0], [86.545856, 27.89388, 0.0], [86.545857, 27.893633, 0.0], [86.545917, 27.893319, 0.0], [86.546051, 27.89285, 0.0], [86.546715, 27.891759, 0.0], [86.546916, 27.891559, 0.0], [86.546918, 27.891155, 0.0], [86.54692, 27.890663, 0.0], [86.547001, 27.890102, 0.0], [86.547161, 27.889541, 0.0], [86.547479, 27.889121, 0.0], [86.547693, 27.889122, 0.0], [86.548032, 27.889123, 0.0], [86.548584, 27.889265, 0.0], [86.549057, 27.889617, 0.0], [86.54961, 27.889619, 0.0], [86.549819, 27.889527, 0.0], [86.549846, 27.889542, 0.0], [86.550374, 27.889544, 0.0], [86.550858, 27.88935, 0.0], [86.551255, 27.889039, 0.0], [86.551696, 27.888806, 0.0], [86.552137, 27.888534, 0.0], [86.552621, 27.888379, 0.0], [86.553018, 27.888068, 0.0], [86.553415, 27.887756, 0.0], [86.553943, 27.887719, 0.0], [86.554398, 27.887619, 0.0], [86.554398, 27.886316, 0.0], [86.5546, 27.886079, 0.0], [86.554709, 27.885602, 0.0], [86.554926, 27.885172, 0.0], [86.555143, 27.884743, 0.0], [86.555306, 27.884266, 0.0], [86.555415, 27.883789, 0.0], [86.555471, 27.883263, 0.0], [86.555485, 27.883197, 0.0], [86.555602, 27.883208, 0.0], [86.555647, 27.883174, 0.0], [86.555535, 27.883075, 0.0], [86.555086, 27.882753, 0.0], [86.554636, 27.882511, 0.0], [86.554186, 27.882269, 0.0], [86.553736, 27.882028, 0.0], [86.553467, 27.881626, 0.0], [86.553469, 27.881145, 0.0], [86.553561, 27.880665, 0.0], [86.553744, 27.880185, 0.0], [86.553836, 27.879704, 0.0], [86.554018, 27.879224, 0.0], [86.554157, 27.878858, 0.0]], [[86.553505, 27.903038, 0.0], [86.553819, 27.90346, 0.0], [86.554133, 27.903882, 0.0], [86.554222, 27.904041, 0.0], [86.553737, 27.904162, 0.0], [86.553262, 27.904371, 0.0], [86.552709, 27.904369, 0.0], [86.552474, 27.903947, 0.0], [86.552476, 27.903456, 0.0], [86.552557, 27.902965, 0.0], [86.553032, 27.902756, 0.0], [86.553505, 27.903038, 0.0]], [[86.552279, 27.907961, 0.0], [86.552193, 27.90841, 0.0], [86.552065, 27.908858, 0.0], [86.552012, 27.908811, 0.0], [86.55196, 27.909018, 0.0], [86.551544, 27.909332, 0.0], [86.55113, 27.909015, 0.0], [86.551132, 27.908541, 0.0], [86.551371, 27.908068, 0.0], [86.551669, 27.907648, 0.0], [86.551712, 27.907623, 0.0], [86.551734, 27.907511, 0.0], [86.551988, 27.9071, 0.0], [86.552032, 27.906614, 0.0], [86.552151, 27.906197, 0.0], [86.552152, 27.905895, 0.0], [86.552208, 27.905418, 0.0], [86.552318, 27.904941, 0.0], [86.552318, 27.904912, 0.0], [86.55246, 27.90497, 0.0], [86.552922, 27.905234, 0.0], [86.553347, 27.905441, 0.0], [86.553342, 27.905459, 0.0], [86.553298, 27.905945, 0.0], [86.55338, 27.906432, 0.0], [86.553419, 27.906977, 0.0], [86.553378, 27.906992, 0.0], [86.552871, 27.907215, 0.0], [86.552653, 27.907408, 0.0], [86.552491, 27.90755, 0.0], [86.552279, 27.907961, 0.0]], [[86.553591, 27.916528, 0.0], [86.553337, 27.916939, 0.0], [86.552956, 27.917274, 0.0], [86.552589, 27.91745, 0.0], [86.552451, 27.917459, 0.0], [86.551819, 27.917495, 0.0], [86.551277, 27.917493, 0.0], [86.551314, 27.917362, 0.0], [86.55158, 27.916934, 0.0], [86.552065, 27.916623, 0.0], [86.552462, 27.916311, 0.0], [86.552815, 27.915961, 0.0], [86.55311, 27.91594, 0.0], [86.553186, 27.915978, 0.0], [86.553562, 27.916314, 0.0], [86.553604, 27.916382, 0.0], [86.553591, 27.916528, 0.0]], [[86.51895, 27.873723, 0.0], [86.518878, 27.873495, 0.0], [86.519048, 27.873647, 0.0], [86.519601, 27.873579, 0.0], [86.520155, 27.873441, 0.0], [86.520551, 27.873091, 0.0], [86.520771, 27.872897, 0.0], [86.52077, 27.872957, 0.0], [86.520768, 27.873449, 0.0], [86.520978, 27.873826, 0.0], [86.520733, 27.873977, 0.0], [86.520311, 27.874237, 0.0], [86.520177, 27.874407, 0.0], [86.520099, 27.87461, 0.0], [86.519971, 27.875134, 0.0], [86.519549, 27.875394, 0.0], [86.519044, 27.875243, 0.0], [86.518583, 27.874942, 0.0], [86.51853, 27.874909, 0.0], [86.51863, 27.874705, 0.0], [86.51879, 27.874214, 0.0], [86.51895, 27.873723, 0.0]], [[86.519715, 27.844462, 0.0], [86.519789, 27.844244, 0.0], [86.519858, 27.844259, 0.0], [86.520108, 27.844671, 0.0], [86.520321, 27.844805, 0.0], [86.520231, 27.845023, 0.0], [86.520141, 27.845491, 0.0], [86.520099, 27.845919, 0.0], [86.519892, 27.845905, 0.0], [86.519559, 27.845882, 0.0], [86.519561, 27.845393, 0.0], [86.519613, 27.844905, 0.0], [86.519715, 27.844462, 0.0]], [[86.538867, 27.833518, 0.0], [86.538868, 27.833292, 0.0], [86.538633, 27.83287, 0.0], [86.538477, 27.832378, 0.0], [86.538321, 27.831886, 0.0], [86.538086, 27.831464, 0.0], [86.537974, 27.831262, 0.0], [86.537975, 27.830912, 0.0], [86.53774, 27.83049, 0.0], [86.537347, 27.830138, 0.0], [86.536874, 27.829926, 0.0], [86.536402, 27.829573, 0.0], [86.536008, 27.829221, 0.0], [86.535545, 27.828944, 0.0], [86.535538, 27.828912, 0.0], [86.535639, 27.828824, 0.0], [86.535992, 27.828473, 0.0], [86.536188, 27.82832, 0.0], [86.536368, 27.828294, 0.0], [86.536894, 27.828202, 0.0], [86.537317, 27.827923, 0.0], [86.538055, 27.827644, 0.0], [86.538477, 27.827365, 0.0], [86.538559, 27.827184, 0.0], [86.538619, 27.827317, 0.0], [86.538675, 27.827896, 0.0], [86.538681, 27.82792, 0.0], [86.538224, 27.828035, 0.0], [86.538064, 27.828526, 0.0], [86.538378, 27.828948, 0.0], [86.538851, 27.82916, 0.0], [86.539324, 27.829372, 0.0], [86.539876, 27.829444, 0.0], [86.540429, 27.829306, 0.0], [86.54059, 27.828745, 0.0], [86.540828, 27.828324, 0.0], [86.541146, 27.827904, 0.0], [86.541448, 27.827637, 0.0], [86.541417, 27.827825, 0.0], [86.541415, 27.828317, 0.0], [86.541492, 27.828808, 0.0], [86.54149, 27.829299, 0.0], [86.541409, 27.829791, 0.0], [86.540935, 27.83, 0.0], [86.540381, 27.830138, 0.0], [86.540064, 27.830558, 0.0], [86.540061, 27.83112, 0.0], [86.540059, 27.831611, 0.0], [86.539978, 27.832172, 0.0], [86.539739, 27.832663, 0.0], [86.5395, 27.833083, 0.0], [86.539407, 27.83341, 0.0], [86.539285, 27.833482, 0.0], [86.538867, 27.833518, 0.0]], [[86.535755, 27.822542, 0.0], [86.53552, 27.82212, 0.0], [86.535285, 27.821698, 0.0], [86.53505, 27.821276, 0.0], [86.534827, 27.82074, 0.0], [86.534945, 27.820353, 0.0], [86.534947, 27.819885, 0.0], [86.534949, 27.819416, 0.0], [86.534852, 27.818947, 0.0], [86.534726, 27.818843, 0.0], [86.534727, 27.818658, 0.0], [86.534729, 27.81818, 0.0], [86.534694, 27.817861, 0.0], [86.534715, 27.817846, 0.0], [86.535268, 27.817707, 0.0], [86.535821, 27.817639, 0.0], [86.536138, 27.817219, 0.0], [86.536061, 27.816727, 0.0], [86.535589, 27.816515, 0.0], [86.535116, 27.816303, 0.0], [86.534486, 27.816132, 0.0], [86.534225, 27.816247, 0.0], [86.533692, 27.816298, 0.0], [86.533219, 27.816033, 0.0], [86.533162, 27.815559, 0.0], [86.533189, 27.815351, 0.0], [86.533068, 27.815243, 0.0], [86.532444, 27.815241, 0.0], [86.532394, 27.815188, 0.0], [86.531981, 27.814923, 0.0], [86.531508, 27.814711, 0.0], [86.531273, 27.814237, 0.0], [86.531275, 27.81371, 0.0], [86.531277, 27.813282, 0.0], [86.531419, 27.813132, 0.0], [86.531815, 27.812782, 0.0], [86.531849, 27.81268, 0.0], [86.532167, 27.812493, 0.0], [86.532402, 27.812915, 0.0], [86.532637, 27.813337, 0.0], [86.53303, 27.813759, 0.0], [86.533423, 27.814111, 0.0], [86.533896, 27.814324, 0.0], [86.53437, 27.814044, 0.0], [86.534609, 27.813554, 0.0], [86.534732, 27.813775, 0.0], [86.535204, 27.814057, 0.0], [86.535757, 27.814059, 0.0], [86.53631, 27.814061, 0.0], [86.536706, 27.813711, 0.0], [86.537102, 27.813291, 0.0], [86.537577, 27.813082, 0.0], [86.538052, 27.812733, 0.0], [86.538526, 27.812524, 0.0], [86.53884, 27.812946, 0.0], [86.538759, 27.813507, 0.0], [86.538599, 27.813998, 0.0], [86.538518, 27.814489, 0.0], [86.538437, 27.81498, 0.0], [86.538517, 27.81527, 0.0], [86.538373, 27.815419, 0.0], [86.538312, 27.815892, 0.0], [86.53831, 27.816366, 0.0], [86.538308, 27.81684, 0.0], [86.538365, 27.817314, 0.0], [86.538422, 27.817788, 0.0], [86.538495, 27.818121, 0.0], [86.53842, 27.818209, 0.0], [86.538004, 27.818523, 0.0], [86.537589, 27.818785, 0.0], [86.537291, 27.819153, 0.0], [86.537384, 27.81925, 0.0], [86.537313, 27.819469, 0.0], [86.537311, 27.81996, 0.0], [86.537309, 27.820451, 0.0], [86.537308, 27.820643, 0.0], [86.537117, 27.821064, 0.0], [86.537082, 27.821533, 0.0], [86.537047, 27.822001, 0.0], [86.537045, 27.82247, 0.0], [86.537043, 27.822939, 0.0], [86.53681, 27.823348, 0.0], [86.536405, 27.823596, 0.0], [86.536304, 27.823386, 0.0], [86.536069, 27.822964, 0.0], [86.535755, 27.822542, 0.0]], [[86.530555, 27.815971, 0.0], [86.530671, 27.816446, 0.0], [86.530847, 27.81692, 0.0], [86.53126, 27.817237, 0.0], [86.531446, 27.817238, 0.0], [86.531455, 27.817262, 0.0], [86.531722, 27.817693, 0.0], [86.531827, 27.818171, 0.0], [86.531987, 27.818601, 0.0], [86.532092, 27.819079, 0.0], [86.53209, 27.819557, 0.0], [86.532088, 27.820035, 0.0], [86.532032, 27.820512, 0.0], [86.532031, 27.820686, 0.0], [86.53201, 27.820724, 0.0], [86.531861, 27.821005, 0.0], [86.531421, 27.821133, 0.0], [86.531335, 27.821184, 0.0], [86.531126, 27.820922, 0.0], [86.530713, 27.820605, 0.0], [86.530418, 27.820235, 0.0], [86.530305, 27.820031, 0.0], [86.530322, 27.819908, 0.0], [86.530291, 27.81941, 0.0], [86.529927, 27.8192, 0.0], [86.529928, 27.819153, 0.0], [86.52993, 27.818662, 0.0], [86.529932, 27.818171, 0.0], [86.529934, 27.817679, 0.0], [86.529936, 27.817188, 0.0], [86.529938, 27.816697, 0.0], [86.530098, 27.816206, 0.0], [86.5301, 27.815714, 0.0], [86.530556, 27.815832, 0.0], [86.530555, 27.815971, 0.0]], [[86.52898, 27.819218, 0.0], [86.528808, 27.819258, 0.0], [86.528282, 27.819169, 0.0], [86.527921, 27.818816, 0.0], [86.527644, 27.818769, 0.0], [86.527721, 27.818303, 0.0], [86.527854, 27.817896, 0.0], [86.527941, 27.817963, 0.0], [86.528474, 27.818017, 0.0], [86.528744, 27.818018, 0.0], [86.528904, 27.818518, 0.0], [86.528981, 27.81901, 0.0], [86.52898, 27.819218, 0.0]]]}}, {"type": "Feature", "properties": {"rgi_id": "RGI2000-v7.0-G-15-06763", "site_id": "imja-tsho", "kind": "glacier", "name": "Imja\u2013Lhotse Shar Glacier", "observation_date": "2000-10-30", "image_id": "LE07_L2SP_140041_20001030_20200918_02_T1", "inventory_doi": "https://doi.org/10.5194/essd-12-2169-2020", "status": "historical_baseline", "source_url": "https://github.com/GLIMS-RGI/lake_terminating", "recordId": "imja-tsho-glacier"}, "geometry": {"type": "Polygon", "coordinates": [[[86.968351, 27.891438, 0.0], [86.968387, 27.891277, 0.0], [86.968816, 27.891155, 0.0], [86.969387, 27.890655, 0.0], [86.969637, 27.890298, 0.0], [86.969887, 27.889798, 0.0], [86.970101, 27.889156, 0.0], [86.970279, 27.888371, 0.0], [86.970351, 27.887478, 0.0], [86.969994, 27.886515, 0.0], [86.969658, 27.886263, 0.0], [86.969873, 27.886072, 0.0], [86.970189, 27.885679, 0.0], [86.970631, 27.885399, 0.0], [86.971074, 27.885174, 0.0], [86.971516, 27.88495, 0.0], [86.971643, 27.8845, 0.0], [86.971264, 27.884163, 0.0], [86.970758, 27.883995, 0.0], [86.970379, 27.883658, 0.0], [86.96981, 27.883658, 0.0], [86.969368, 27.883882, 0.0], [86.968925, 27.884219, 0.0], [86.968672, 27.884668, 0.0], [86.968293, 27.885117, 0.0], [86.967977, 27.88551, 0.0], [86.967598, 27.885903, 0.0], [86.967282, 27.886353, 0.0], [86.966965, 27.886746, 0.0], [86.966713, 27.887139, 0.0], [86.966144, 27.887251, 0.0], [86.966108, 27.887259, 0.0], [86.965954, 27.886801, 0.0], [86.965891, 27.886352, 0.0], [86.965765, 27.885903, 0.0], [86.965259, 27.885622, 0.0], [86.964817, 27.885285, 0.0], [86.964438, 27.884948, 0.0], [86.964186, 27.884555, 0.0], [86.964154, 27.884485, 0.0], [86.963806, 27.884454, 0.0], [86.963806, 27.884106, 0.0], [86.963807, 27.8836, 0.0], [86.963744, 27.883095, 0.0], [86.963365, 27.882702, 0.0], [86.962859, 27.882477, 0.0], [86.962686, 27.882345, 0.0], [86.962702, 27.882222, 0.0], [86.962733, 27.881971, 0.0], [86.962765, 27.881713, 0.0], [86.962934, 27.881676, 0.0], [86.96344, 27.881507, 0.0], [86.964009, 27.881395, 0.0], [86.964577, 27.881395, 0.0], [86.965083, 27.881339, 0.0], [86.965652, 27.881339, 0.0], [86.965968, 27.880946, 0.0], [86.965842, 27.880497, 0.0], [86.965399, 27.880272, 0.0], [86.964894, 27.880104, 0.0], [86.964388, 27.880048, 0.0], [86.964262, 27.879598, 0.0], [86.964325, 27.879149, 0.0], [86.964073, 27.8787, 0.0], [86.963567, 27.878587, 0.0], [86.963062, 27.878531, 0.0], [86.962556, 27.878419, 0.0], [86.962051, 27.878475, 0.0], [86.961545, 27.878699, 0.0], [86.961292, 27.879092, 0.0], [86.961259, 27.879144, 0.0], [86.961154, 27.878995, 0.0], [86.960901, 27.878602, 0.0], [86.960396, 27.878265, 0.0], [86.960207, 27.877815, 0.0], [86.960207, 27.87731, 0.0], [86.960081, 27.876861, 0.0], [86.959702, 27.876524, 0.0], [86.959196, 27.876355, 0.0], [86.958691, 27.876243, 0.0], [86.958185, 27.876074, 0.0], [86.957743, 27.875737, 0.0], [86.957301, 27.875512, 0.0], [86.956795, 27.875344, 0.0], [86.95629, 27.875175, 0.0], [86.956201, 27.875136, 0.0], [86.956175, 27.875104, 0.0], [86.95567, 27.874767, 0.0], [86.955291, 27.87443, 0.0], [86.954722, 27.874373, 0.0], [86.954153, 27.874317, 0.0], [86.953714, 27.87417, 0.0], [86.953787, 27.873976, 0.0], [86.954124, 27.873602, 0.0], [86.954546, 27.873303, 0.0], [86.954715, 27.873182, 0.0], [86.954789, 27.873193, 0.0], [86.955379, 27.873194, 0.0], [86.955884, 27.873119, 0.0], [86.95639, 27.872969, 0.0], [86.956895, 27.872745, 0.0], [86.957485, 27.872745, 0.0], [86.958075, 27.872745, 0.0], [86.958665, 27.872745, 0.0], [86.958749, 27.872296, 0.0], [86.958328, 27.871997, 0.0], [86.958207, 27.871925, 0.0], [86.957577, 27.8718, 0.0], [86.956945, 27.87173, 0.0], [86.956313, 27.871519, 0.0], [86.955761, 27.871379, 0.0], [86.955208, 27.871238, 0.0], [86.954734, 27.871027, 0.0], [86.954667, 27.870998, 0.0], [86.954587, 27.871211, 0.0], [86.954238, 27.871677, 0.0], [86.953888, 27.872142, 0.0], [86.953713, 27.872607, 0.0], [86.953364, 27.873073, 0.0], [86.953015, 27.873538, 0.0], [86.95284, 27.874004, 0.0], [86.95249, 27.874469, 0.0], [86.952141, 27.874934, 0.0], [86.951792, 27.8754, 0.0], [86.951791, 27.875496, 0.0], [86.952086, 27.875309, 0.0], [86.952339, 27.874916, 0.0], [86.952637, 27.875103, 0.0], [86.952865, 27.875218, 0.0], [86.952941, 27.875399, 0.0], [86.95313, 27.875848, 0.0], [86.953319, 27.876297, 0.0], [86.953635, 27.87669, 0.0], [86.953888, 27.877084, 0.0], [86.954172, 27.877487, 0.0], [86.954342, 27.877574, 0.0], [86.954784, 27.877799, 0.0], [86.955289, 27.87808, 0.0], [86.955542, 27.878473, 0.0], [86.955605, 27.878922, 0.0], [86.955553, 27.879105, 0.0], [86.955719, 27.879499, 0.0], [86.955719, 27.880004, 0.0], [86.955738, 27.88016, 0.0], [86.955484, 27.880394, 0.0], [86.954498, 27.880775, 0.0], [86.954581, 27.881071, 0.0], [86.954644, 27.88152, 0.0], [86.954581, 27.881969, 0.0], [86.954454, 27.882474, 0.0], [86.95458, 27.882924, 0.0], [86.954833, 27.883317, 0.0], [86.954959, 27.883766, 0.0], [86.955085, 27.884271, 0.0], [86.955022, 27.884721, 0.0], [86.954832, 27.88517, 0.0], [86.954327, 27.885282, 0.0], [86.953948, 27.884945, 0.0], [86.953758, 27.884496, 0.0], [86.953632, 27.884046, 0.0], [86.953506, 27.883597, 0.0], [86.953253, 27.883204, 0.0], [86.952874, 27.882867, 0.0], [86.952622, 27.882474, 0.0], [86.952622, 27.881968, 0.0], [86.952685, 27.881519, 0.0], [86.952369, 27.88107, 0.0], [86.952306, 27.880621, 0.0], [86.952307, 27.880059, 0.0], [86.952307, 27.879554, 0.0], [86.95237, 27.879105, 0.0], [86.95237, 27.878599, 0.0], [86.952371, 27.878094, 0.0], [86.952244, 27.877644, 0.0], [86.952118, 27.877195, 0.0], [86.951929, 27.876746, 0.0], [86.95174, 27.876297, 0.0], [86.951643, 27.875953, 0.0], [86.951267, 27.876175, 0.0], [86.950743, 27.87633, 0.0], [86.95022, 27.876485, 0.0], [86.949696, 27.876795, 0.0], [86.949172, 27.877106, 0.0], [86.949047, 27.877216, 0.0], [86.949085, 27.877306, 0.0], [86.949211, 27.877756, 0.0], [86.949337, 27.878205, 0.0], [86.949464, 27.87871, 0.0], [86.949527, 27.87916, 0.0], [86.949274, 27.879553, 0.0], [86.948705, 27.879665, 0.0], [86.948136, 27.879833, 0.0], [86.948199, 27.880282, 0.0], [86.948325, 27.880731, 0.0], [86.948831, 27.880956, 0.0], [86.949146, 27.881349, 0.0], [86.949273, 27.881799, 0.0], [86.949462, 27.882304, 0.0], [86.949841, 27.882641, 0.0], [86.95022, 27.883034, 0.0], [86.950599, 27.883371, 0.0], [86.951041, 27.883709, 0.0], [86.951296, 27.883935, 0.0], [86.95142, 27.884046, 0.0], [86.951799, 27.884383, 0.0], [86.952052, 27.884776, 0.0], [86.952368, 27.885169, 0.0], [86.95262, 27.885618, 0.0], [86.952873, 27.886011, 0.0], [86.953189, 27.886405, 0.0], [86.953441, 27.886798, 0.0], [86.953567, 27.887247, 0.0], [86.95363, 27.887809, 0.0], [86.953504, 27.888258, 0.0], [86.953314, 27.888707, 0.0], [86.953061, 27.8891, 0.0], [86.952745, 27.889493, 0.0], [86.952239, 27.889661, 0.0], [86.952105, 27.889697, 0.0], [86.952056, 27.889755, 0.0], [86.951625, 27.89009, 0.0], [86.951141, 27.890328, 0.0], [86.950711, 27.890615, 0.0], [86.950281, 27.890901, 0.0], [86.949797, 27.891235, 0.0], [86.949474, 27.891617, 0.0], [86.949098, 27.891952, 0.0], [86.948613, 27.892238, 0.0], [86.948492, 27.892286, 0.0], [86.948452, 27.892334, 0.0], [86.948022, 27.89262, 0.0], [86.947592, 27.892906, 0.0], [86.947161, 27.893193, 0.0], [86.946677, 27.893479, 0.0], [86.946247, 27.893766, 0.0], [86.945817, 27.894052, 0.0], [86.945279, 27.894195, 0.0], [86.944795, 27.894339, 0.0], [86.944257, 27.894434, 0.0], [86.943666, 27.894529, 0.0], [86.943128, 27.894624, 0.0], [86.94259, 27.894672, 0.0], [86.942053, 27.89472, 0.0], [86.941515, 27.894719, 0.0], [86.940977, 27.894719, 0.0], [86.940591, 27.894719, 0.0], [86.938734, 27.894613, 0.0], [86.93657, 27.894775, 0.0], [86.934108, 27.894907, 0.0], [86.933936, 27.89489, 0.0], [86.933611, 27.89505, 0.0], [86.933073, 27.895145, 0.0], [86.932536, 27.895193, 0.0], [86.931998, 27.895193, 0.0], [86.931746, 27.895215, 0.0], [86.93146, 27.89524, 0.0], [86.931148, 27.895518, 0.0], [86.930709, 27.895517, 0.0], [86.930035, 27.895517, 0.0], [86.929473, 27.895716, 0.0], [86.928799, 27.895716, 0.0], [86.928124, 27.895915, 0.0], [86.927563, 27.896015, 0.0], [86.927338, 27.896514, 0.0], [86.927112, 27.897013, 0.0], [86.92655, 27.897312, 0.0], [86.926887, 27.897712, 0.0], [86.927224, 27.898211, 0.0], [86.927448, 27.89871, 0.0], [86.927673, 27.899209, 0.0], [86.927785, 27.899709, 0.0], [86.927897, 27.900208, 0.0], [86.928459, 27.900108, 0.0], [86.928991, 27.900014, 0.0], [86.929133, 27.900109, 0.0], [86.929575, 27.900109, 0.0], [86.929695, 27.900109, 0.0], [86.930256, 27.900309, 0.0], [86.930348, 27.900325, 0.0], [86.930377, 27.90042, 0.0], [86.931962, 27.900746, 0.0], [86.934356, 27.901238, 0.0], [86.936381, 27.902016, 0.0], [86.938545, 27.902713, 0.0], [86.940617, 27.904064, 0.0], [86.942366, 27.905905, 0.0], [86.9437, 27.907951, 0.0], [86.944436, 27.90967, 0.0], [86.944849, 27.911634, 0.0], [86.945309, 27.913638, 0.0], [86.946229, 27.915275, 0.0], [86.947195, 27.917198, 0.0], [86.948392, 27.918999, 0.0], [86.94891, 27.920151, 0.0], [86.949384, 27.920642, 0.0], [86.949805, 27.921092, 0.0], [86.950142, 27.921466, 0.0], [86.950564, 27.921916, 0.0], [86.950816, 27.92244, 0.0], [86.950985, 27.922964, 0.0], [86.951069, 27.923488, 0.0], [86.951068, 27.924012, 0.0], [86.951068, 27.924536, 0.0], [86.951068, 27.92506, 0.0], [86.951068, 27.925584, 0.0], [86.950815, 27.926034, 0.0], [86.950477, 27.926408, 0.0], [86.950056, 27.926707, 0.0], [86.949634, 27.927006, 0.0], [86.949128, 27.927381, 0.0], [86.948706, 27.92768, 0.0], [86.9482, 27.928129, 0.0], [86.947863, 27.928503, 0.0], [86.94761, 27.928952, 0.0], [86.947357, 27.929401, 0.0], [86.947188, 27.929851, 0.0], [86.946851, 27.9303, 0.0], [86.946682, 27.930749, 0.0], [86.946429, 27.931198, 0.0], [86.946091, 27.931647, 0.0], [86.945923, 27.932096, 0.0], [86.945669, 27.932545, 0.0], [86.945332, 27.933069, 0.0], [86.945079, 27.933518, 0.0], [86.944741, 27.933893, 0.0], [86.944429, 27.934239, 0.0], [86.944506, 27.934465, 0.0], [86.944721, 27.934895, 0.0], [86.944721, 27.935151, 0.0], [86.944741, 27.935165, 0.0], [86.945162, 27.935465, 0.0], [86.945668, 27.935765, 0.0], [86.946005, 27.936139, 0.0], [86.946089, 27.936588, 0.0], [86.946206, 27.936624, 0.0], [86.946746, 27.936678, 0.0], [86.947062, 27.936771, 0.0], [86.94792, 27.936379, 0.0], [86.947947, 27.936377, 0.0], [86.948485, 27.936378, 0.0], [86.949023, 27.936378, 0.0], [86.949453, 27.936091, 0.0], [86.949507, 27.935614, 0.0], [86.949507, 27.935368, 0.0], [86.949508, 27.935136, 0.0], [86.949615, 27.935009, 0.0], [86.949546, 27.934643, 0.0], [86.949462, 27.934194, 0.0], [86.949378, 27.933745, 0.0], [86.949378, 27.93322, 0.0], [86.949968, 27.933071, 0.0], [86.950221, 27.93352, 0.0], [86.95039, 27.93397, 0.0], [86.950726, 27.934419, 0.0], [86.950913, 27.934806, 0.0], [86.95139, 27.935089, 0.0], [86.951874, 27.93528, 0.0], [86.952358, 27.935471, 0.0], [86.952896, 27.935567, 0.0], [86.95338, 27.935376, 0.0], [86.953757, 27.935042, 0.0], [86.953434, 27.93466, 0.0], [86.95295, 27.934421, 0.0], [86.952412, 27.934325, 0.0], [86.951982, 27.93399, 0.0], [86.951952, 27.933721, 0.0], [86.9529, 27.932135, 0.0], [86.953032, 27.932102, 0.0], [86.953113, 27.931746, 0.0], [86.953382, 27.931316, 0.0], [86.953866, 27.931125, 0.0], [86.95435, 27.931268, 0.0], [86.954798, 27.931534, 0.0], [86.954834, 27.931555, 0.0], [86.955318, 27.931699, 0.0], [86.955748, 27.931412, 0.0], [86.955749, 27.930934, 0.0], [86.955641, 27.930457, 0.0], [86.955635, 27.930425, 0.0], [86.955684, 27.93036, 0.0], [86.956126, 27.929485, 0.0], [86.956181, 27.928998, 0.0], [86.956362, 27.928464, 0.0], [86.956602, 27.927984, 0.0], [86.956843, 27.927557, 0.0], [86.957143, 27.927184, 0.0], [86.957564, 27.926864, 0.0], [86.958104, 27.926864, 0.0], [86.958645, 27.926971, 0.0], [86.959186, 27.927131, 0.0], [86.959269, 27.927168, 0.0], [86.959726, 27.927078, 0.0], [86.960267, 27.927078, 0.0], [86.960808, 27.927078, 0.0], [86.961348, 27.927079, 0.0], [86.961708, 27.927399, 0.0], [86.961408, 27.927772, 0.0], [86.961528, 27.928252, 0.0], [86.961708, 27.928679, 0.0], [86.961648, 27.929159, 0.0], [86.961107, 27.929213, 0.0], [86.960566, 27.929266, 0.0], [86.960566, 27.929479, 0.0], [86.960566, 27.929725, 0.0], [86.961145, 27.930335, 0.0], [86.962726, 27.932031, 0.0], [86.963003, 27.932751, 0.0], [86.962148, 27.933949, 0.0], [86.962127, 27.934122, 0.0], [86.962126, 27.934602, 0.0], [86.962066, 27.935082, 0.0], [86.962006, 27.935615, 0.0], [86.961886, 27.936096, 0.0], [86.961885, 27.936506, 0.0], [86.961885, 27.936576, 0.0], [86.961945, 27.937056, 0.0], [86.961945, 27.937536, 0.0], [86.961853, 27.937632, 0.0], [86.961853, 27.938091, 0.0], [86.961768, 27.93854, 0.0], [86.961347, 27.93884, 0.0], [86.960841, 27.938989, 0.0], [86.960588, 27.93854, 0.0], [86.960588, 27.938016, 0.0], [86.960588, 27.937492, 0.0], [86.960589, 27.936893, 0.0], [86.960757, 27.936444, 0.0], [86.961155, 27.936267, 0.0], [86.961155, 27.935918, 0.0], [86.961155, 27.93542, 0.0], [86.960835, 27.934993, 0.0], [86.960274, 27.93485, 0.0], [86.959713, 27.934708, 0.0], [86.959153, 27.934494, 0.0], [86.958592, 27.934352, 0.0], [86.958112, 27.934067, 0.0], [86.957631, 27.93428, 0.0], [86.957791, 27.934778, 0.0], [86.958111, 27.935134, 0.0], [86.958512, 27.935419, 0.0], [86.958815, 27.935635, 0.0], [86.958651, 27.936022, 0.0], [86.958462, 27.936471, 0.0], [86.958335, 27.936921, 0.0], [86.958272, 27.93737, 0.0], [86.95787, 27.937553, 0.0], [86.957309, 27.937695, 0.0], [86.95719, 27.937695, 0.0], [86.956816, 27.93751, 0.0], [86.956374, 27.937286, 0.0], [86.956305, 27.937263, 0.0], [86.955995, 27.937537, 0.0], [86.955805, 27.938043, 0.0], [86.955489, 27.938436, 0.0], [86.955488, 27.938465, 0.0], [86.955488, 27.93897, 0.0], [86.95554, 27.939338, 0.0], [86.955461, 27.939425, 0.0], [86.955045, 27.939194, 0.0], [86.954603, 27.938914, 0.0], [86.954211, 27.938739, 0.0], [86.954035, 27.938323, 0.0], [86.953574, 27.93822, 0.0], [86.953339, 27.938585, 0.0], [86.953149, 27.939034, 0.0], [86.95296, 27.939483, 0.0], [86.952454, 27.939371, 0.0], [86.952517, 27.938921, 0.0], [86.95277, 27.938528, 0.0], [86.95315, 27.938135, 0.0], [86.953023, 27.938098, 0.0], [86.952834, 27.937649, 0.0], [86.95277, 27.937549, 0.0], [86.952581, 27.937256, 0.0], [86.952139, 27.936862, 0.0], [86.95195, 27.936667, 0.0], [86.951506, 27.936666, 0.0], [86.951063, 27.936891, 0.0], [86.950747, 27.937284, 0.0], [86.950241, 27.93734, 0.0], [86.949861, 27.937677, 0.0], [86.950051, 27.938126, 0.0], [86.950177, 27.938575, 0.0], [86.950114, 27.939024, 0.0], [86.949608, 27.93908, 0.0], [86.949039, 27.93908, 0.0], [86.948533, 27.939024, 0.0], [86.94809, 27.939304, 0.0], [86.9479, 27.939753, 0.0], [86.947647, 27.940146, 0.0], [86.947141, 27.940371, 0.0], [86.946635, 27.940315, 0.0], [86.94613, 27.940202, 0.0], [86.945561, 27.940146, 0.0], [86.945118, 27.94037, 0.0], [86.945434, 27.940763, 0.0], [86.945876, 27.941044, 0.0], [86.946319, 27.941381, 0.0], [86.946571, 27.941774, 0.0], [86.946698, 27.942224, 0.0], [86.946824, 27.942673, 0.0], [86.946887, 27.943122, 0.0], [86.946887, 27.943628, 0.0], [86.946886, 27.944133, 0.0], [86.946571, 27.944203, 0.0], [86.946869, 27.9446, 0.0], [86.947043, 27.945065, 0.0], [86.947567, 27.945531, 0.0], [86.947742, 27.945996, 0.0], [86.947916, 27.946462, 0.0], [86.948091, 27.946927, 0.0], [86.94844, 27.947393, 0.0], [86.948789, 27.947859, 0.0], [86.949035, 27.948005, 0.0], [86.949036, 27.947904, 0.0], [86.949162, 27.947455, 0.0], [86.949317, 27.947216, 0.0], [86.949414, 27.947166, 0.0], [86.949857, 27.946886, 0.0], [86.950426, 27.946773, 0.0], [86.950416, 27.946798, 0.0], [86.950256, 27.947296, 0.0], [86.950095, 27.947794, 0.0], [86.950015, 27.948363, 0.0], [86.949935, 27.948861, 0.0], [86.949878, 27.949211, 0.0], [86.950011, 27.949566, 0.0], [86.950361, 27.950031, 0.0], [86.950535, 27.950497, 0.0], [86.95071, 27.951118, 0.0], [86.950884, 27.951583, 0.0], [86.950884, 27.952049, 0.0], [86.950884, 27.952514, 0.0], [86.951058, 27.95298, 0.0], [86.951058, 27.953445, 0.0], [86.951058, 27.953911, 0.0], [86.951058, 27.954376, 0.0], [86.951057, 27.954842, 0.0], [86.951057, 27.955462, 0.0], [86.951057, 27.955928, 0.0], [86.951057, 27.956393, 0.0], [86.951056, 27.957014, 0.0], [86.951056, 27.957116, 0.0], [86.951513, 27.957, 0.0], [86.952019, 27.956926, 0.0], [86.952525, 27.956851, 0.0], [86.953115, 27.956851, 0.0], [86.95379, 27.956851, 0.0], [86.954464, 27.956852, 0.0], [86.955054, 27.956852, 0.0], [86.95556, 27.956927, 0.0], [86.956066, 27.957002, 0.0], [86.956741, 27.957002, 0.0], [86.957415, 27.957002, 0.0], [86.958005, 27.957002, 0.0], [86.958596, 27.957003, 0.0], [86.959102, 27.956853, 0.0], [86.959692, 27.956778, 0.0], [86.960198, 27.956704, 0.0], [86.960704, 27.956629, 0.0], [86.961294, 27.956554, 0.0], [86.961834, 27.956494, 0.0], [86.961947, 27.956428, 0.0], [86.962544, 27.956295, 0.0], [86.963141, 27.956295, 0.0], [86.963738, 27.956296, 0.0], [86.964334, 27.956296, 0.0], [86.964931, 27.956296, 0.0], [86.965528, 27.956296, 0.0], [86.966125, 27.956164, 0.0], [86.966721, 27.956031, 0.0], [86.967467, 27.956032, 0.0], [86.968213, 27.955899, 0.0], [86.96881, 27.955767, 0.0], [86.969407, 27.955767, 0.0], [86.969854, 27.955502, 0.0], [86.970451, 27.955502, 0.0], [86.971048, 27.95537, 0.0], [86.971794, 27.955238, 0.0], [86.97254, 27.955238, 0.0], [86.973136, 27.955105, 0.0], [86.973733, 27.954973, 0.0], [86.97433, 27.954841, 0.0], [86.974927, 27.954708, 0.0], [86.975524, 27.954576, 0.0], [86.975971, 27.954311, 0.0], [86.976568, 27.954179, 0.0], [86.977165, 27.954179, 0.0], [86.977761, 27.954179, 0.0], [86.978358, 27.954047, 0.0], [86.978806, 27.953782, 0.0], [86.979428, 27.953782, 0.0], [86.97976, 27.953414, 0.0], [86.980182, 27.953039, 0.0], [86.980772, 27.952815, 0.0], [86.981278, 27.952665, 0.0], [86.981784, 27.95259, 0.0], [86.98229, 27.952366, 0.0], [86.982796, 27.952291, 0.0], [86.983357, 27.952078, 0.0], [86.983357, 27.95196, 0.0], [86.983357, 27.951436, 0.0], [86.983259, 27.950912, 0.0], [86.98316, 27.950388, 0.0], [86.983161, 27.949865, 0.0], [86.983062, 27.949341, 0.0], [86.982866, 27.948905, 0.0], [86.982768, 27.948381, 0.0], [86.982473, 27.947945, 0.0], [86.982375, 27.947421, 0.0], [86.982375, 27.946897, 0.0], [86.982362, 27.946831, 0.0], [86.982206, 27.9469, 0.0], [86.9817, 27.947125, 0.0], [86.981194, 27.947349, 0.0], [86.980689, 27.947499, 0.0], [86.980183, 27.947724, 0.0], [86.979677, 27.947948, 0.0], [86.979171, 27.948173, 0.0], [86.978665, 27.948322, 0.0], [86.978159, 27.948622, 0.0], [86.977805, 27.948779, 0.0], [86.977813, 27.948726, 0.0], [86.977973, 27.948228, 0.0], [86.978214, 27.947802, 0.0], [86.978534, 27.947446, 0.0], [86.978855, 27.94709, 0.0], [86.979336, 27.946806, 0.0], [86.979977, 27.94645, 0.0], [86.980537, 27.946308, 0.0], [86.981068, 27.946241, 0.0], [86.981195, 27.946376, 0.0], [86.9817, 27.946451, 0.0], [86.982291, 27.946526, 0.0], [86.982277, 27.946374, 0.0], [86.982178, 27.94585, 0.0], [86.98208, 27.945326, 0.0], [86.981884, 27.94489, 0.0], [86.981785, 27.944366, 0.0], [86.981785, 27.944205, 0.0], [86.981604, 27.944405, 0.0], [86.981579, 27.944387, 0.0], [86.981419, 27.943818, 0.0], [86.981259, 27.94332, 0.0], [86.981179, 27.942822, 0.0], [86.981099, 27.942324, 0.0], [86.981099, 27.941684, 0.0], [86.981099, 27.941509, 0.0], [86.981111, 27.941584, 0.0], [86.981448, 27.941959, 0.0], [86.981728, 27.941876, 0.0], [86.981688, 27.941661, 0.0], [86.981589, 27.941137, 0.0], [86.981491, 27.940613, 0.0], [86.981295, 27.940177, 0.0], [86.981098, 27.93974, 0.0], [86.980902, 27.939304, 0.0], [86.980705, 27.93878, 0.0], [86.980509, 27.938344, 0.0], [86.980312, 27.93782, 0.0], [86.980294, 27.937764, 0.0], [86.980058, 27.937344, 0.0], [86.979818, 27.936918, 0.0], [86.979578, 27.936491, 0.0], [86.979017, 27.936348, 0.0], [86.97871, 27.936348, 0.0], [86.978711, 27.936106, 0.0], [86.978711, 27.9356, 0.0], [86.978774, 27.935151, 0.0], [86.978774, 27.934646, 0.0], [86.978964, 27.934197, 0.0], [86.979343, 27.933804, 0.0], [86.979723, 27.933467, 0.0], [86.979849, 27.933018, 0.0], [86.97966, 27.932568, 0.0], [86.979407, 27.932175, 0.0], [86.97928, 27.931726, 0.0], [86.979154, 27.931277, 0.0], [86.978964, 27.930827, 0.0], [86.978965, 27.930322, 0.0], [86.979028, 27.929873, 0.0], [86.979028, 27.929368, 0.0], [86.978902, 27.928918, 0.0], [86.978522, 27.928581, 0.0], [86.978206, 27.928188, 0.0], [86.977953, 27.927795, 0.0], [86.978017, 27.927346, 0.0], [86.97827, 27.926953, 0.0], [86.978776, 27.926785, 0.0], [86.978839, 27.926279, 0.0], [86.978839, 27.925774, 0.0], [86.978839, 27.925268, 0.0], [86.978776, 27.924819, 0.0], [86.978776, 27.924314, 0.0], [86.978713, 27.923865, 0.0], [86.97865, 27.923359, 0.0], [86.978587, 27.92291, 0.0], [86.97846, 27.922461, 0.0], [86.978397, 27.922012, 0.0], [86.978397, 27.92145, 0.0], [86.978397, 27.921124, 0.0], [86.978587, 27.920888, 0.0], [86.97884, 27.920495, 0.0], [86.979093, 27.920102, 0.0], [86.979409, 27.919709, 0.0], [86.979667, 27.919579, 0.0], [86.979431, 27.919317, 0.0], [86.97894, 27.919055, 0.0], [86.978449, 27.918619, 0.0], [86.977958, 27.918357, 0.0], [86.977467, 27.918008, 0.0], [86.977074, 27.917659, 0.0], [86.976681, 27.917309, 0.0], [86.976411, 27.91707, 0.0], [86.976349, 27.917288, 0.0], [86.975907, 27.917063, 0.0], [86.975338, 27.917007, 0.0], [86.974972, 27.917007, 0.0], [86.974948, 27.917102, 0.0], [86.974732, 27.917294, 0.0], [86.974415, 27.917687, 0.0], [86.973973, 27.918024, 0.0], [86.973783, 27.918473, 0.0], [86.973341, 27.918754, 0.0], [86.973277, 27.919259, 0.0], [86.973783, 27.919428, 0.0], [86.974478, 27.919428, 0.0], [86.97511, 27.919372, 0.0], [86.975616, 27.919484, 0.0], [86.975806, 27.919933, 0.0], [86.975553, 27.920326, 0.0], [86.97511, 27.920607, 0.0], [86.974857, 27.921, 0.0], [86.97492, 27.921449, 0.0], [86.974478, 27.921674, 0.0], [86.973972, 27.921562, 0.0], [86.973466, 27.921449, 0.0], [86.972961, 27.921281, 0.0], [86.972265, 27.921224, 0.0], [86.971696, 27.921393, 0.0], [86.971506, 27.921842, 0.0], [86.97157, 27.922291, 0.0], [86.971949, 27.922628, 0.0], [86.972391, 27.922853, 0.0], [86.972834, 27.923077, 0.0], [86.973339, 27.923302, 0.0], [86.973782, 27.923527, 0.0], [86.974288, 27.923752, 0.0], [86.974793, 27.92392, 0.0], [86.975299, 27.923976, 0.0], [86.975742, 27.924257, 0.0], [86.975931, 27.924706, 0.0], [86.975994, 27.925156, 0.0], [86.975804, 27.925605, 0.0], [86.975615, 27.926054, 0.0], [86.975551, 27.926503, 0.0], [86.975614, 27.926952, 0.0], [86.975488, 27.927402, 0.0], [86.975361, 27.927851, 0.0], [86.975235, 27.928356, 0.0], [86.974982, 27.928749, 0.0], [86.974729, 27.929142, 0.0], [86.974286, 27.929367, 0.0], [86.973844, 27.929591, 0.0], [86.973275, 27.92976, 0.0], [86.972769, 27.929816, 0.0], [86.972742, 27.92982, 0.0], [86.97234, 27.929749, 0.0], [86.9718, 27.929695, 0.0], [86.971291, 27.929645, 0.0], [86.971199, 27.929482, 0.0], [86.971186, 27.928375, 0.0], [86.970645, 27.924785, 0.0], [86.970398, 27.924449, 0.0], [86.970488, 27.923964, 0.0], [86.970488, 27.923486, 0.0], [86.970434, 27.923009, 0.0], [86.970273, 27.922579, 0.0], [86.970112, 27.922149, 0.0], [86.969951, 27.921719, 0.0], [86.969736, 27.921289, 0.0], [86.969413, 27.920811, 0.0], [86.969252, 27.920333, 0.0], [86.969091, 27.919903, 0.0], [86.968822, 27.919473, 0.0], [86.968553, 27.919043, 0.0], [86.968284, 27.918565, 0.0], [86.968015, 27.918135, 0.0], [86.9678, 27.917705, 0.0], [86.967585, 27.917275, 0.0], [86.967263, 27.916893, 0.0], [86.966994, 27.916415, 0.0], [86.966618, 27.916081, 0.0], [86.966241, 27.915746, 0.0], [86.965758, 27.91546, 0.0], [86.965274, 27.915125, 0.0], [86.964844, 27.914839, 0.0], [86.96436, 27.914647, 0.0], [86.963876, 27.914504, 0.0], [86.963338, 27.914408, 0.0], [86.9628, 27.914408, 0.0], [86.962262, 27.914408, 0.0], [86.961725, 27.914408, 0.0], [86.961241, 27.914646, 0.0], [86.96086, 27.914796, 0.0], [86.960714, 27.914783, 0.0], [86.960214, 27.914997, 0.0], [86.959857, 27.915318, 0.0], [86.958608, 27.915497, 0.0], [86.957858, 27.915425, 0.0], [86.957038, 27.914997, 0.0], [86.955324, 27.914212, 0.0], [86.954146, 27.912891, 0.0], [86.952308, 27.910912, 0.0], [86.951482, 27.909632, 0.0], [86.950469, 27.907831, 0.0], [86.949826, 27.905964, 0.0], [86.949651, 27.905715, 0.0], [86.949685, 27.905182, 0.0], [86.949435, 27.903968, 0.0], [86.948864, 27.902897, 0.0], [86.947972, 27.901862, 0.0], [86.946508, 27.900649, 0.0], [86.945295, 27.899863, 0.0], [86.94474, 27.899703, 0.0], [86.944533, 27.899115, 0.0], [86.947389, 27.897807, 0.0], [86.950152, 27.896786, 0.0], [86.952593, 27.896132, 0.0], [86.95304, 27.895995, 0.0], [86.95329, 27.895823, 0.0], [86.95372, 27.895536, 0.0], [86.954204, 27.895345, 0.0], [86.954742, 27.895298, 0.0], [86.955279, 27.895202, 0.0], [86.955348, 27.895182, 0.0], [86.955428, 27.895128, 0.0], [86.955636, 27.89499, 0.0], [86.956966, 27.89476, 0.0], [86.958608, 27.894831, 0.0], [86.959536, 27.895366, 0.0], [86.959964, 27.895473, 0.0], [86.961071, 27.895116, 0.0], [86.961392, 27.894617, 0.0], [86.960642, 27.894367, 0.0], [86.959929, 27.894081, 0.0], [86.959714, 27.893582, 0.0], [86.960036, 27.892868, 0.0], [86.960892, 27.891976, 0.0], [86.961356, 27.89144, 0.0], [86.962855, 27.891155, 0.0], [86.963926, 27.891333, 0.0], [86.96464, 27.891262, 0.0], [86.965237, 27.891232, 0.0], [86.965194, 27.891574, 0.0], [86.965257, 27.892023, 0.0], [86.965763, 27.892136, 0.0], [86.966332, 27.892136, 0.0], [86.966837, 27.892024, 0.0], [86.967343, 27.891912, 0.0], [86.967849, 27.891799, 0.0], [86.968351, 27.891601, 0.0], [86.968351, 27.891438, 0.0]], [[86.967718, 27.951356, 0.0], [86.967157, 27.953775, 0.0], [86.966516, 27.953704, 0.0], [86.966035, 27.953419, 0.0], [86.965475, 27.953277, 0.0], [86.964914, 27.953205, 0.0], [86.964513, 27.952921, 0.0], [86.964193, 27.952423, 0.0], [86.964193, 27.951925, 0.0], [86.964194, 27.951356, 0.0], [86.964354, 27.950787, 0.0], [86.964514, 27.950289, 0.0], [86.964835, 27.949933, 0.0], [86.965396, 27.950004, 0.0], [86.965876, 27.950218, 0.0], [86.966357, 27.950502, 0.0], [86.966757, 27.950787, 0.0], [86.967158, 27.951072, 0.0], [86.967558, 27.951356, 0.0], [86.967718, 27.951356, 0.0]], [[86.974647, 27.933809, 0.0], [86.973952, 27.933977, 0.0], [86.973383, 27.933977, 0.0], [86.972814, 27.933977, 0.0], [86.972497, 27.93437, 0.0], [86.97294, 27.934707, 0.0], [86.973382, 27.934988, 0.0], [86.973825, 27.935213, 0.0], [86.974331, 27.935381, 0.0], [86.974836, 27.93555, 0.0], [86.975342, 27.935606, 0.0], [86.975873, 27.935606, 0.0], [86.975929, 27.936049, 0.0], [86.975928, 27.936425, 0.0], [86.975413, 27.93649, 0.0], [86.974852, 27.93649, 0.0], [86.974291, 27.936419, 0.0], [86.97373, 27.936419, 0.0], [86.97317, 27.936561, 0.0], [86.972609, 27.936703, 0.0], [86.972208, 27.936987, 0.0], [86.972048, 27.937485, 0.0], [86.972152, 27.937559, 0.0], [86.971855, 27.937946, 0.0], [86.971422, 27.937907, 0.0], [86.970853, 27.937739, 0.0], [86.970347, 27.937514, 0.0], [86.969841, 27.937402, 0.0], [86.969398, 27.937626, 0.0], [86.969398, 27.938188, 0.0], [86.969398, 27.938693, 0.0], [86.969398, 27.939198, 0.0], [86.969398, 27.939816, 0.0], [86.969391, 27.93987, 0.0], [86.969018, 27.939965, 0.0], [86.968896, 27.939992, 0.0], [86.968853, 27.939939, 0.0], [86.968766, 27.939881, 0.0], [86.96883, 27.939656, 0.0], [86.968893, 27.939207, 0.0], [86.968893, 27.938701, 0.0], [86.968767, 27.938252, 0.0], [86.968514, 27.937859, 0.0], [86.968135, 27.93741, 0.0], [86.968102, 27.937359, 0.0], [86.968171, 27.937052, 0.0], [86.968225, 27.936575, 0.0], [86.96844, 27.936145, 0.0], [86.968548, 27.935667, 0.0], [86.968925, 27.935333, 0.0], [86.969463, 27.935285, 0.0], [86.969947, 27.935046, 0.0], [86.970431, 27.934808, 0.0], [86.970861, 27.934521, 0.0], [86.971184, 27.934139, 0.0], [86.971399, 27.933709, 0.0], [86.971453, 27.933232, 0.0], [86.971504, 27.932785, 0.0], [86.971619, 27.932683, 0.0], [86.971859, 27.932257, 0.0], [86.97204, 27.93183, 0.0], [86.972094, 27.931701, 0.0], [86.972389, 27.931669, 0.0], [86.973084, 27.931669, 0.0], [86.973274, 27.932118, 0.0], [86.973527, 27.932511, 0.0], [86.973906, 27.932848, 0.0], [86.974349, 27.933129, 0.0], [86.974728, 27.933466, 0.0], [86.974915, 27.933756, 0.0], [86.974647, 27.933809, 0.0]]]}}, {"type": "Feature", "properties": {"rgi_id": "RGI2000-v7.0-G-15-06122", "site_id": "thulagi", "kind": "glacier", "name": "Thulagi Glacier", "observation_date": "2002-12-05", "image_id": "LE07_L2SP_142040_20021205_20200916_02_T1", "inventory_doi": "https://doi.org/10.5194/essd-12-2169-2020", "status": "historical_baseline", "source_url": "https://github.com/GLIMS-RGI/lake_terminating", "recordId": "thulagi-glacier"}, "geometry": {"type": "Polygon", "coordinates": [[[84.51765, 28.54617, 0.0], [84.517734, 28.546408, 0.0], [84.517994, 28.546842, 0.0], [84.518146, 28.547274, 0.0], [84.518352, 28.547708, 0.0], [84.518666, 28.548143, 0.0], [84.519194, 28.548678, 0.0], [84.519675, 28.548926, 0.0], [84.520212, 28.549079, 0.0], [84.520751, 28.549136, 0.0], [84.521291, 28.549194, 0.0], [84.52183, 28.549251, 0.0], [84.522311, 28.549499, 0.0], [84.52285, 28.549557, 0.0], [84.523391, 28.549566, 0.0], [84.523872, 28.549814, 0.0], [84.524351, 28.550109, 0.0], [84.524503, 28.550542, 0.0], [84.5246, 28.551021, 0.0], [84.524861, 28.551455, 0.0], [84.525067, 28.551889, 0.0], [84.525273, 28.552322, 0.0], [84.525698, 28.552616, 0.0], [84.526124, 28.55291, 0.0], [84.526661, 28.552968, 0.0], [84.527255, 28.553243, 0.0], [84.527804, 28.553253, 0.0], [84.528354, 28.553263, 0.0], [84.528903, 28.553273, 0.0], [84.529448, 28.553477, 0.0], [84.529998, 28.553487, 0.0], [84.530542, 28.553692, 0.0], [84.530641, 28.554179, 0.0], [84.530089, 28.554266, 0.0], [84.529535, 28.55445, 0.0], [84.528981, 28.554634, 0.0], [84.528761, 28.554662, 0.0], [84.52875, 28.555115, 0.0], [84.528739, 28.5556, 0.0], [84.528727, 28.556085, 0.0], [84.528866, 28.556411, 0.0], [84.529048, 28.556479, 0.0], [84.529595, 28.556586, 0.0], [84.53014, 28.556791, 0.0], [84.530687, 28.556898, 0.0], [84.531235, 28.557005, 0.0], [84.531782, 28.557112, 0.0], [84.532329, 28.557219, 0.0], [84.532762, 28.557518, 0.0], [84.533146, 28.557783, 0.0], [84.532845, 28.558163, 0.0], [84.532838, 28.558462, 0.0], [84.532866, 28.558462, 0.0], [84.533699, 28.558355, 0.0], [84.534255, 28.558243, 0.0], [84.534811, 28.558131, 0.0], [84.535365, 28.558141, 0.0], [84.536057, 28.558153, 0.0], [84.53661, 28.558163, 0.0], [84.537167, 28.558051, 0.0], [84.53772, 28.558061, 0.0], [84.538273, 28.558071, 0.0], [84.53883, 28.557959, 0.0], [84.539389, 28.557725, 0.0], [84.540087, 28.557493, 0.0], [84.540643, 28.557381, 0.0], [84.541202, 28.557147, 0.0], [84.541902, 28.556793, 0.0], [84.542462, 28.556559, 0.0], [84.543159, 28.556327, 0.0], [84.543718, 28.556092, 0.0], [84.544274, 28.55598, 0.0], [84.544834, 28.555746, 0.0], [84.54539, 28.555634, 0.0], [84.545949, 28.555399, 0.0], [84.546505, 28.555287, 0.0], [84.5472, 28.555178, 0.0], [84.547759, 28.554943, 0.0], [84.548315, 28.554831, 0.0], [84.548872, 28.554719, 0.0], [84.549428, 28.554607, 0.0], [84.549987, 28.554372, 0.0], [84.550126, 28.554351, 0.0], [84.550134, 28.554008, 0.0], [84.549869, 28.553515, 0.0], [84.549318, 28.553383, 0.0], [84.54877, 28.553128, 0.0], [84.548217, 28.553118, 0.0], [84.547658, 28.553353, 0.0], [84.547101, 28.553465, 0.0], [84.546404, 28.553697, 0.0], [84.545845, 28.553931, 0.0], [84.545611, 28.554079, 0.0], [84.545593, 28.554067, 0.0], [84.545468, 28.553952, 0.0], [84.544992, 28.554152, 0.0], [84.544547, 28.554529, 0.0], [84.543816, 28.554772, 0.0], [84.543229, 28.555018, 0.0], [84.542645, 28.555135, 0.0], [84.542065, 28.555125, 0.0], [84.541484, 28.555114, 0.0], [84.540901, 28.555232, 0.0], [84.540459, 28.55548, 0.0], [84.540018, 28.555729, 0.0], [84.539437, 28.555718, 0.0], [84.538996, 28.555967, 0.0], [84.538059, 28.556248, 0.0], [84.537636, 28.555956, 0.0], [84.537091, 28.555752, 0.0], [84.536436, 28.555546, 0.0], [84.536003, 28.555247, 0.0], [84.535571, 28.554948, 0.0], [84.53525, 28.554554, 0.0], [84.534817, 28.554255, 0.0], [84.534384, 28.553956, 0.0], [84.534723, 28.553573, 0.0], [84.534624, 28.553086, 0.0], [84.534077, 28.552979, 0.0], [84.533418, 28.552967, 0.0], [84.532868, 28.552957, 0.0], [84.532326, 28.552656, 0.0], [84.53215, 28.552386, 0.0], [84.532615, 28.552151, 0.0], [84.53314, 28.551886, 0.0], [84.533562, 28.551618, 0.0], [84.534085, 28.551444, 0.0], [84.534506, 28.551177, 0.0], [84.535029, 28.551003, 0.0], [84.535553, 28.550829, 0.0], [84.536076, 28.550656, 0.0], [84.536497, 28.550388, 0.0], [84.536819, 28.549936, 0.0], [84.537241, 28.549668, 0.0], [84.53756, 28.549308, 0.0], [84.537779, 28.548853, 0.0], [84.538101, 28.548401, 0.0], [84.538111, 28.547943, 0.0], [84.538115, 28.547786, 0.0], [84.5386, 28.547625, 0.0], [84.539149, 28.547635, 0.0], [84.539582, 28.547934, 0.0], [84.53979, 28.548423, 0.0], [84.539889, 28.548911, 0.0], [84.539988, 28.549398, 0.0], [84.540086, 28.549885, 0.0], [84.540075, 28.55037, 0.0], [84.539736, 28.550752, 0.0], [84.539288, 28.551132, 0.0], [84.538841, 28.551415, 0.0], [84.538502, 28.551798, 0.0], [84.538056, 28.552081, 0.0], [84.537825, 28.552562, 0.0], [84.538034, 28.553051, 0.0], [84.538061, 28.553052, 0.0], [84.537807, 28.553338, 0.0], [84.537796, 28.553823, 0.0], [84.537894, 28.554311, 0.0], [84.538213, 28.554802, 0.0], [84.538643, 28.555198, 0.0], [84.539195, 28.555111, 0.0], [84.539641, 28.554828, 0.0], [84.53998, 28.554445, 0.0], [84.539881, 28.553958, 0.0], [84.539673, 28.553469, 0.0], [84.539574, 28.552982, 0.0], [84.539591, 28.552915, 0.0], [84.539796, 28.552889, 0.0], [84.540348, 28.552802, 0.0], [84.5409, 28.552715, 0.0], [84.541452, 28.552628, 0.0], [84.542003, 28.552541, 0.0], [84.542333, 28.552547, 0.0], [84.542649, 28.553135, 0.0], [84.543192, 28.553436, 0.0], [84.54375, 28.553058, 0.0], [84.544197, 28.552774, 0.0], [84.544366, 28.552583, 0.0], [84.544861, 28.552592, 0.0], [84.54541, 28.552602, 0.0], [84.54596, 28.552612, 0.0], [84.546619, 28.552624, 0.0], [84.547278, 28.552636, 0.0], [84.54783, 28.552549, 0.0], [84.548276, 28.552266, 0.0], [84.548833, 28.551985, 0.0], [84.549047, 28.551849, 0.0], [84.548842, 28.551597, 0.0], [84.548743, 28.551109, 0.0], [84.548754, 28.550624, 0.0], [84.548766, 28.550139, 0.0], [84.549212, 28.549856, 0.0], [84.549876, 28.549674, 0.0], [84.55037, 28.549683, 0.0], [84.55021, 28.549486, 0.0], [84.550871, 28.5494, 0.0], [84.551421, 28.54941, 0.0], [84.551968, 28.549517, 0.0], [84.552513, 28.549721, 0.0], [84.55306, 28.549828, 0.0], [84.553493, 28.550127, 0.0], [84.554148, 28.550333, 0.0], [84.554698, 28.550343, 0.0], [84.555247, 28.550353, 0.0], [84.555797, 28.550363, 0.0], [84.55635, 28.550179, 0.0], [84.556907, 28.549898, 0.0], [84.557248, 28.549418, 0.0], [84.557479, 28.548937, 0.0], [84.55749, 28.548452, 0.0], [84.557501, 28.547967, 0.0], [84.557292, 28.547478, 0.0], [84.55686, 28.547179, 0.0], [84.556315, 28.546975, 0.0], [84.555773, 28.547044, 0.0], [84.555992, 28.546678, 0.0], [84.555996, 28.546484, 0.0], [84.556119, 28.545903, 0.0], [84.55635, 28.545422, 0.0], [84.556689, 28.54504, 0.0], [84.557135, 28.544757, 0.0], [84.557582, 28.544474, 0.0], [84.557813, 28.543992, 0.0], [84.557826, 28.54341, 0.0], [84.557837, 28.542925, 0.0], [84.557739, 28.542438, 0.0], [84.557187, 28.542525, 0.0], [84.556848, 28.542907, 0.0], [84.556727, 28.54339, 0.0], [84.556496, 28.543872, 0.0], [84.556265, 28.544353, 0.0], [84.555819, 28.544636, 0.0], [84.55583, 28.544151, 0.0], [84.555731, 28.543664, 0.0], [84.555633, 28.543177, 0.0], [84.555646, 28.542594, 0.0], [84.555657, 28.542109, 0.0], [84.555669, 28.541624, 0.0], [84.555348, 28.54123, 0.0], [84.554794, 28.541414, 0.0], [84.554455, 28.541796, 0.0], [84.554224, 28.542277, 0.0], [84.554213, 28.542763, 0.0], [84.554092, 28.543246, 0.0], [84.553971, 28.543729, 0.0], [84.55396, 28.544214, 0.0], [84.553839, 28.544697, 0.0], [84.5535, 28.54508, 0.0], [84.552948, 28.545167, 0.0], [84.552394, 28.545351, 0.0], [84.552282, 28.545446, 0.0], [84.552291, 28.545058, 0.0], [84.552083, 28.544569, 0.0], [84.551984, 28.544081, 0.0], [84.551775, 28.543592, 0.0], [84.551677, 28.543105, 0.0], [84.551578, 28.542618, 0.0], [84.551589, 28.542133, 0.0], [84.551601, 28.541648, 0.0], [84.551551, 28.541402, 0.0], [84.551868, 28.541133, 0.0], [84.55229, 28.540866, 0.0], [84.552713, 28.540507, 0.0], [84.553236, 28.540333, 0.0], [84.553865, 28.540069, 0.0], [84.554426, 28.539939, 0.0], [84.554498, 28.539953, 0.0], [84.555047, 28.539963, 0.0], [84.555597, 28.539972, 0.0], [84.556256, 28.539984, 0.0], [84.556808, 28.539897, 0.0], [84.557254, 28.539614, 0.0], [84.5577, 28.539331, 0.0], [84.558041, 28.538852, 0.0], [84.55838, 28.538469, 0.0], [84.558718, 28.538087, 0.0], [84.559057, 28.537705, 0.0], [84.559068, 28.53722, 0.0], [84.559079, 28.536735, 0.0], [84.559091, 28.536249, 0.0], [84.559102, 28.535764, 0.0], [84.559223, 28.535281, 0.0], [84.559454, 28.5348, 0.0], [84.559792, 28.534418, 0.0], [84.559913, 28.533934, 0.0], [84.560034, 28.533451, 0.0], [84.560265, 28.53297, 0.0], [84.560277, 28.532485, 0.0], [84.559734, 28.532184, 0.0], [84.558967, 28.532073, 0.0], [84.558422, 28.531869, 0.0], [84.557763, 28.531857, 0.0], [84.557654, 28.531797, 0.0], [84.557327, 28.531694, 0.0], [84.557218, 28.531653, 0.0], [84.557196, 28.531653, 0.0], [84.556999, 28.531591, 0.0], [84.557011, 28.531106, 0.0], [84.557022, 28.530621, 0.0], [84.557253, 28.530139, 0.0], [84.557699, 28.529856, 0.0], [84.558255, 28.529575, 0.0], [84.558807, 28.529488, 0.0], [84.559253, 28.529205, 0.0], [84.559701, 28.528824, 0.0], [84.560257, 28.528543, 0.0], [84.56031, 28.528499, 0.0], [84.560667, 28.528688, 0.0], [84.561232, 28.528986, 0.0], [84.561717, 28.529211, 0.0], [84.562202, 28.529436, 0.0], [84.562695, 28.529301, 0.0], [84.563195, 28.528877, 0.0], [84.563774, 28.528527, 0.0], [84.564189, 28.528246, 0.0], [84.564446, 28.527746, 0.0], [84.5647, 28.527318, 0.0], [84.565197, 28.527038, 0.0], [84.565532, 28.526684, 0.0], [84.565866, 28.526329, 0.0], [84.566201, 28.525974, 0.0], [84.566536, 28.52562, 0.0], [84.566791, 28.525192, 0.0], [84.567209, 28.524766, 0.0], [84.567464, 28.524338, 0.0], [84.567557, 28.523835, 0.0], [84.56765, 28.523332, 0.0], [84.567827, 28.522758, 0.0], [84.56792, 28.522255, 0.0], [84.568013, 28.521752, 0.0], [84.568106, 28.521248, 0.0], [84.568118, 28.520744, 0.0], [84.568129, 28.520239, 0.0], [84.568141, 28.519735, 0.0], [84.568153, 28.51923, 0.0], [84.568164, 28.518725, 0.0], [84.568094, 28.518219, 0.0], [84.568106, 28.517714, 0.0], [84.568119, 28.517138, 0.0], [84.568131, 28.516633, 0.0], [84.568149, 28.51658, 0.0], [84.568132, 28.516561, 0.0], [84.568102, 28.516505, 0.0], [84.567894, 28.516682, 0.0], [84.567448, 28.516965, 0.0], [84.567217, 28.517446, 0.0], [84.566987, 28.517928, 0.0], [84.566648, 28.51831, 0.0], [84.566527, 28.518793, 0.0], [84.566076, 28.51927, 0.0], [84.565527, 28.51926, 0.0], [84.565094, 28.518961, 0.0], [84.564996, 28.518474, 0.0], [84.565007, 28.517989, 0.0], [84.565345, 28.517607, 0.0], [84.565686, 28.517128, 0.0], [84.566027, 28.516648, 0.0], [84.566477, 28.516171, 0.0], [84.566816, 28.515789, 0.0], [84.567264, 28.515409, 0.0], [84.567607, 28.514832, 0.0], [84.567684, 28.514746, 0.0], [84.567692, 28.514389, 0.0], [84.567704, 28.513885, 0.0], [84.567715, 28.51338, 0.0], [84.567888, 28.512951, 0.0], [84.568223, 28.512596, 0.0], [84.568558, 28.512241, 0.0], [84.568894, 28.511815, 0.0], [84.569311, 28.511461, 0.0], [84.569729, 28.511036, 0.0], [84.569766, 28.511011, 0.0], [84.5699, 28.510679, 0.0], [84.570155, 28.510251, 0.0], [84.570248, 28.509747, 0.0], [84.570156, 28.509438, 0.0], [84.570092, 28.509456, 0.0], [84.569515, 28.509662, 0.0], [84.569022, 28.509798, 0.0], [84.568641, 28.509791, 0.0], [84.568604, 28.509705, 0.0], [84.568171, 28.509406, 0.0], [84.567624, 28.509299, 0.0], [84.567075, 28.509289, 0.0], [84.566306, 28.509276, 0.0], [84.565759, 28.509169, 0.0], [84.5651, 28.509157, 0.0], [84.564553, 28.50905, 0.0], [84.56412, 28.508751, 0.0], [84.563463, 28.508642, 0.0], [84.562916, 28.508535, 0.0], [84.562257, 28.508524, 0.0], [84.561829, 28.50861, 0.0], [84.561783, 28.508586, 0.0], [84.5613, 28.508289, 0.0], [84.560816, 28.508064, 0.0], [84.560331, 28.507839, 0.0], [84.55985, 28.507469, 0.0], [84.559662, 28.507322, 0.0], [84.559388, 28.507317, 0.0], [84.55943, 28.50723, 0.0], [84.559768, 28.506848, 0.0], [84.560109, 28.506369, 0.0], [84.560557, 28.505988, 0.0], [84.561003, 28.505705, 0.0], [84.561342, 28.505323, 0.0], [84.56168, 28.504941, 0.0], [84.562021, 28.504462, 0.0], [84.562142, 28.503978, 0.0], [84.562153, 28.503493, 0.0], [84.562164, 28.503008, 0.0], [84.562178, 28.502426, 0.0], [84.562189, 28.501941, 0.0], [84.56231, 28.501457, 0.0], [84.562321, 28.500972, 0.0], [84.562552, 28.500491, 0.0], [84.562783, 28.50001, 0.0], [84.562904, 28.499527, 0.0], [84.563025, 28.499043, 0.0], [84.563146, 28.49856, 0.0], [84.563157, 28.498075, 0.0], [84.563124, 28.497913, 0.0], [84.563161, 28.497881, 0.0], [84.563609, 28.497501, 0.0], [84.563948, 28.497118, 0.0], [84.564286, 28.496736, 0.0], [84.564735, 28.496356, 0.0], [84.565073, 28.495974, 0.0], [84.565304, 28.495492, 0.0], [84.565425, 28.495009, 0.0], [84.565436, 28.494524, 0.0], [84.565227, 28.494035, 0.0], [84.564909, 28.493544, 0.0], [84.56481, 28.493057, 0.0], [84.564266, 28.492853, 0.0], [84.5636, 28.493132, 0.0], [84.563154, 28.493415, 0.0], [84.563141, 28.493998, 0.0], [84.56294, 28.494415, 0.0], [84.562914, 28.494285, 0.0], [84.562928, 28.493703, 0.0], [84.563161, 28.493124, 0.0], [84.563391, 28.492643, 0.0], [84.563403, 28.492158, 0.0], [84.563414, 28.491673, 0.0], [84.563425, 28.491187, 0.0], [84.563436, 28.490702, 0.0], [84.563227, 28.490213, 0.0], [84.563129, 28.489726, 0.0], [84.56292, 28.489237, 0.0], [84.562822, 28.48875, 0.0], [84.562613, 28.488261, 0.0], [84.562295, 28.48777, 0.0], [84.561974, 28.487376, 0.0], [84.561429, 28.487172, 0.0], [84.560983, 28.487455, 0.0], [84.560753, 28.487936, 0.0], [84.560304, 28.488316, 0.0], [84.559966, 28.488699, 0.0], [84.560065, 28.489186, 0.0], [84.560385, 28.48958, 0.0], [84.560594, 28.490069, 0.0], [84.560802, 28.490558, 0.0], [84.560791, 28.491043, 0.0], [84.561, 28.491532, 0.0], [84.561098, 28.492019, 0.0], [84.561417, 28.49251, 0.0], [84.561405, 28.492996, 0.0], [84.561394, 28.493481, 0.0], [84.561163, 28.493962, 0.0], [84.561042, 28.494445, 0.0], [84.561042, 28.494465, 0.0], [84.560933, 28.494443, 0.0], [84.560386, 28.494336, 0.0], [84.559836, 28.494327, 0.0], [84.559287, 28.494317, 0.0], [84.559168, 28.494357, 0.0], [84.559172, 28.494331, 0.0], [84.557857, 28.49474, 0.0], [84.557775, 28.494739, 0.0], [84.557041, 28.494726, 0.0], [84.556303, 28.494857, 0.0], [84.55581, 28.494992, 0.0], [84.555317, 28.495127, 0.0], [84.555216, 28.495155, 0.0], [84.555322, 28.494731, 0.0], [84.555443, 28.494248, 0.0], [84.555122, 28.493854, 0.0], [84.554571, 28.493941, 0.0], [84.554017, 28.494125, 0.0], [84.553571, 28.494408, 0.0], [84.553018, 28.494592, 0.0], [84.552464, 28.494776, 0.0], [84.552125, 28.495159, 0.0], [84.551787, 28.495541, 0.0], [84.551666, 28.496024, 0.0], [84.551595, 28.496171, 0.0], [84.551373, 28.49621, 0.0], [84.550799, 28.496344, 0.0], [84.550306, 28.496479, 0.0], [84.549971, 28.496834, 0.0], [84.549636, 28.497189, 0.0], [84.549382, 28.497617, 0.0], [84.549127, 28.498045, 0.0], [84.549032, 28.49862, 0.0], [84.54902, 28.499125, 0.0], [84.549009, 28.499629, 0.0], [84.548997, 28.500134, 0.0], [84.548904, 28.500637, 0.0], [84.548889, 28.501286, 0.0], [84.548898, 28.501312, 0.0], [84.548844, 28.501388, 0.0], [84.548422, 28.501655, 0.0], [84.548001, 28.501923, 0.0], [84.54758, 28.50219, 0.0], [84.547258, 28.502643, 0.0], [84.54704, 28.503097, 0.0], [84.547343, 28.503469, 0.0], [84.547861, 28.503478, 0.0], [84.548384, 28.503305, 0.0], [84.548907, 28.503131, 0.0], [84.549227, 28.50277, 0.0], [84.549648, 28.502502, 0.0], [84.550173, 28.502237, 0.0], [84.550379, 28.502106, 0.0], [84.550584, 28.50211, 0.0], [84.551237, 28.502122, 0.0], [84.551808, 28.502132, 0.0], [84.552461, 28.502144, 0.0], [84.552954, 28.502008, 0.0], [84.553525, 28.502019, 0.0], [84.55418, 28.501958, 0.0], [84.554673, 28.501823, 0.0], [84.555166, 28.501688, 0.0], [84.555659, 28.501552, 0.0], [84.555995, 28.501126, 0.0], [84.556168, 28.500696, 0.0], [84.556341, 28.500266, 0.0], [84.556515, 28.499837, 0.0], [84.556688, 28.499407, 0.0], [84.556943, 28.498979, 0.0], [84.557117, 28.498477, 0.0], [84.557454, 28.498051, 0.0], [84.557709, 28.497622, 0.0], [84.557963, 28.497194, 0.0], [84.558218, 28.496766, 0.0], [84.558475, 28.496266, 0.0], [84.558596, 28.496112, 0.0], [84.558805, 28.496152, 0.0], [84.559352, 28.496259, 0.0], [84.559902, 28.496269, 0.0], [84.560332, 28.496665, 0.0], [84.560765, 28.496964, 0.0], [84.560898, 28.497056, 0.0], [84.560756, 28.497352, 0.0], [84.560745, 28.497838, 0.0], [84.560733, 28.498323, 0.0], [84.560832, 28.49881, 0.0], [84.561041, 28.499299, 0.0], [84.561357, 28.499887, 0.0], [84.561785, 28.50038, 0.0], [84.561991, 28.500966, 0.0], [84.56198, 28.501452, 0.0], [84.561969, 28.501937, 0.0], [84.561523, 28.50222, 0.0], [84.561077, 28.502503, 0.0], [84.560523, 28.502687, 0.0], [84.559969, 28.502872, 0.0], [84.559631, 28.503254, 0.0], [84.55929, 28.503733, 0.0], [84.559169, 28.504216, 0.0], [84.558826, 28.504792, 0.0], [84.558595, 28.505274, 0.0], [84.558149, 28.505557, 0.0], [84.5576, 28.505547, 0.0], [84.557055, 28.505343, 0.0], [84.556929, 28.505341, 0.0], [84.556946, 28.505322, 0.0], [84.557067, 28.504839, 0.0], [84.557188, 28.504355, 0.0], [84.557199, 28.50387, 0.0], [84.556991, 28.503381, 0.0], [84.556441, 28.503371, 0.0], [84.55589, 28.503458, 0.0], [84.555224, 28.503738, 0.0], [84.554778, 28.504021, 0.0], [84.55411, 28.504397, 0.0], [84.553207, 28.505449, 0.0], [84.552866, 28.505928, 0.0], [84.552635, 28.506409, 0.0], [84.552472, 28.506748, 0.0], [84.552404, 28.50689, 0.0], [84.552283, 28.507373, 0.0], [84.552052, 28.507855, 0.0], [84.551714, 28.508237, 0.0], [84.55116, 28.508421, 0.0], [84.550839, 28.508027, 0.0], [84.550911, 28.507739, 0.0], [84.55096, 28.507544, 0.0], [84.550971, 28.507059, 0.0], [84.550873, 28.506571, 0.0], [84.550326, 28.506464, 0.0], [84.549777, 28.506455, 0.0], [84.54933, 28.506738, 0.0], [84.548884, 28.507021, 0.0], [84.548546, 28.507403, 0.0], [84.548315, 28.507884, 0.0], [84.547974, 28.508363, 0.0], [84.547528, 28.508647, 0.0], [84.547436, 28.50875, 0.0], [84.547189, 28.509029, 0.0], [84.546849, 28.509508, 0.0], [84.546728, 28.509991, 0.0], [84.546497, 28.510472, 0.0], [84.545945, 28.51056, 0.0], [84.545512, 28.510261, 0.0], [84.545282, 28.509977, 0.0], [84.545192, 28.509866, 0.0], [84.545093, 28.509379, 0.0], [84.545104, 28.508894, 0.0], [84.544672, 28.508595, 0.0], [84.544127, 28.508391, 0.0], [84.54358, 28.508284, 0.0], [84.543242, 28.508666, 0.0], [84.54323, 28.509151, 0.0], [84.543551, 28.509546, 0.0], [84.544091, 28.509944, 0.0], [84.544522, 28.51034, 0.0], [84.544771, 28.510627, 0.0], [84.544669, 28.51073, 0.0], [84.544253, 28.511083, 0.0], [84.543836, 28.511436, 0.0], [84.543562, 28.511622, 0.0], [84.543504, 28.511551, 0.0], [84.543391, 28.511678, 0.0], [84.543053, 28.51206, 0.0], [84.542822, 28.512542, 0.0], [84.542591, 28.513023, 0.0], [84.542145, 28.513306, 0.0], [84.541936, 28.512817, 0.0], [84.542057, 28.512334, 0.0], [84.542398, 28.511854, 0.0], [84.542737, 28.511472, 0.0], [84.542748, 28.510987, 0.0], [84.542751, 28.510851, 0.0], [84.542759, 28.510502, 0.0], [84.542771, 28.510017, 0.0], [84.542338, 28.509718, 0.0], [84.541791, 28.509611, 0.0], [84.541242, 28.509601, 0.0], [84.540583, 28.509589, 0.0], [84.540033, 28.509579, 0.0], [84.539829, 28.509611, 0.0], [84.539814, 28.509575, 0.0], [84.539715, 28.509088, 0.0], [84.539726, 28.508603, 0.0], [84.539957, 28.508121, 0.0], [84.540625, 28.507745, 0.0], [84.541179, 28.507561, 0.0], [84.541733, 28.507377, 0.0], [84.542287, 28.507193, 0.0], [84.54284, 28.507009, 0.0], [84.543179, 28.506627, 0.0], [84.54341, 28.506145, 0.0], [84.543411, 28.50611, 0.0], [84.543862, 28.505881, 0.0], [84.544182, 28.50552, 0.0], [84.544195, 28.504971, 0.0], [84.543998, 28.504509, 0.0], [84.543484, 28.504316, 0.0], [84.542967, 28.504215, 0.0], [84.542448, 28.504206, 0.0], [84.542027, 28.504473, 0.0], [84.541604, 28.504832, 0.0], [84.541183, 28.505099, 0.0], [84.541022, 28.505236, 0.0], [84.540691, 28.504931, 0.0], [84.54015, 28.504533, 0.0], [84.539718, 28.504234, 0.0], [84.539285, 28.503935, 0.0], [84.538624, 28.50402, 0.0], [84.538068, 28.504301, 0.0], [84.537947, 28.504785, 0.0], [84.537935, 28.50527, 0.0], [84.537705, 28.505751, 0.0], [84.537803, 28.506238, 0.0], [84.538124, 28.506632, 0.0], [84.538332, 28.507121, 0.0], [84.53854, 28.50761, 0.0], [84.538529, 28.508096, 0.0], [84.538188, 28.508575, 0.0], [84.537639, 28.508565, 0.0], [84.537207, 28.508266, 0.0], [84.536998, 28.507777, 0.0], [84.536565, 28.507478, 0.0], [84.536021, 28.507273, 0.0], [84.535366, 28.507067, 0.0], [84.534709, 28.506958, 0.0], [84.534581, 28.50694, 0.0], [84.534498, 28.506801, 0.0], [84.534341, 28.506675, 0.0], [84.534256, 28.506454, 0.0], [84.534109, 28.505989, 0.0], [84.533963, 28.505524, 0.0], [84.533712, 28.505104, 0.0], [84.533407, 28.504729, 0.0], [84.533049, 28.504353, 0.0], [84.532585, 28.504067, 0.0], [84.532174, 28.503783, 0.0], [84.531837, 28.503473, 0.0], [84.532037, 28.503367, 0.0], [84.532013, 28.502077, 0.0], [84.53197, 28.501599, 0.0], [84.531764, 28.501166, 0.0], [84.531559, 28.500685, 0.0], [84.531299, 28.50025, 0.0], [84.531147, 28.499818, 0.0], [84.531058, 28.499005, 0.0], [84.531129, 28.49829, 0.0], [84.531355, 28.497864, 0.0], [84.531474, 28.497389, 0.0], [84.531754, 28.496964, 0.0], [84.532087, 28.496588, 0.0], [84.532527, 28.496262, 0.0], [84.53302, 28.495985, 0.0], [84.533442, 28.495747, 0.0], [84.533667, 28.495818, 0.0], [84.534238, 28.495828, 0.0], [84.534973, 28.495842, 0.0], [84.535544, 28.495852, 0.0], [84.536278, 28.495865, 0.0], [84.53685, 28.495876, 0.0], [84.537421, 28.495886, 0.0], [84.539792, 28.495713, 0.0], [84.540285, 28.495577, 0.0], [84.54094, 28.495517, 0.0], [84.541514, 28.495383, 0.0], [84.541929, 28.495102, 0.0], [84.542102, 28.494673, 0.0], [84.542357, 28.494244, 0.0], [84.54253, 28.493815, 0.0], [84.542787, 28.493315, 0.0], [84.543042, 28.492887, 0.0], [84.543456, 28.492606, 0.0], [84.543871, 28.492325, 0.0], [84.544367, 28.492045, 0.0], [84.545105, 28.491914, 0.0], [84.54568, 28.49178, 0.0], [84.546094, 28.491499, 0.0], [84.546594, 28.491076, 0.0], [84.54701, 28.490722, 0.0], [84.547265, 28.490294, 0.0], [84.547681, 28.489941, 0.0], [84.548098, 28.489588, 0.0], [84.548596, 28.489237, 0.0], [84.549094, 28.488885, 0.0], [84.549508, 28.488604, 0.0], [84.549925, 28.488251, 0.0], [84.550259, 28.487896, 0.0], [84.550674, 28.487615, 0.0], [84.551089, 28.487334, 0.0], [84.551343, 28.486906, 0.0], [84.551598, 28.486478, 0.0], [84.551771, 28.486048, 0.0], [84.551866, 28.485473, 0.0], [84.551878, 28.484968, 0.0], [84.551725, 28.484533, 0.0], [84.551736, 28.484028, 0.0], [84.55175, 28.483452, 0.0], [84.551763, 28.482875, 0.0], [84.551693, 28.482369, 0.0], [84.551292, 28.482073, 0.0], [84.550805, 28.48192, 0.0], [84.550234, 28.48191, 0.0], [84.549736, 28.482261, 0.0], [84.549563, 28.482691, 0.0], [84.54939, 28.483121, 0.0], [84.549217, 28.48355, 0.0], [84.549044, 28.48398, 0.0], [84.54887, 28.484409, 0.0], [84.548378, 28.484545, 0.0], [84.547895, 28.484248, 0.0], [84.547906, 28.483743, 0.0], [84.547911, 28.483532, 0.0], [84.547595, 28.483582, 0.0], [84.547077, 28.483573, 0.0], [84.54656, 28.483472, 0.0], [84.546042, 28.483463, 0.0], [84.545525, 28.483362, 0.0], [84.545328, 28.4829, 0.0], [84.545301, 28.482866, 0.0], [84.545229, 28.483045, 0.0], [84.545056, 28.483475, 0.0], [84.544882, 28.483905, 0.0], [84.544709, 28.484334, 0.0], [84.544536, 28.484764, 0.0], [84.544363, 28.485193, 0.0], [84.544106, 28.485694, 0.0], [84.54377, 28.48612, 0.0], [84.543597, 28.48655, 0.0], [84.543423, 28.48698, 0.0], [84.54333, 28.487483, 0.0], [84.543318, 28.487987, 0.0], [84.543307, 28.488492, 0.0], [84.543214, 28.488995, 0.0], [84.543202, 28.4895, 0.0], [84.543027, 28.490001, 0.0], [84.542692, 28.490356, 0.0], [84.542357, 28.490711, 0.0], [84.541941, 28.491064, 0.0], [84.541446, 28.491271, 0.0], [84.54087, 28.491477, 0.0], [84.540376, 28.491684, 0.0], [84.539883, 28.49182, 0.0], [84.539308, 28.491953, 0.0], [84.538815, 28.492089, 0.0], [84.538244, 28.492078, 0.0], [84.537751, 28.492214, 0.0], [84.53718, 28.492203, 0.0], [84.536524, 28.492336, 0.0], [84.535951, 28.492397, 0.0], [84.535862, 28.492413, 0.0], [84.535319, 28.492398, 0.0], [84.534829, 28.492532, 0.0], [84.534391, 28.492811, 0.0], [84.533952, 28.493089, 0.0], [84.533462, 28.493224, 0.0], [84.533024, 28.493502, 0.0], [84.532532, 28.493732, 0.0], [84.532091, 28.494106, 0.0], [84.531705, 28.494433, 0.0], [84.531319, 28.49476, 0.0], [84.530828, 28.494942, 0.0], [84.530286, 28.495028, 0.0], [84.529858, 28.494829, 0.0], [84.529005, 28.494336, 0.0], [84.528908, 28.493857, 0.0], [84.528593, 28.493469, 0.0], [84.528441, 28.493037, 0.0], [84.527707, 28.492069, 0.0], [84.527447, 28.491634, 0.0], [84.527077, 28.491293, 0.0], [84.526707, 28.490905, 0.0], [84.526392, 28.490517, 0.0], [84.526077, 28.490129, 0.0], [84.525656, 28.489644, 0.0], [84.525396, 28.48921, 0.0], [84.525136, 28.488776, 0.0], [84.524821, 28.488388, 0.0], [84.52445, 28.488047, 0.0], [84.52408, 28.487706, 0.0], [84.523765, 28.487318, 0.0], [84.523505, 28.486884, 0.0], [84.523191, 28.486449, 0.0], [84.522985, 28.486015, 0.0], [84.522833, 28.485583, 0.0], [84.522407, 28.485288, 0.0], [84.521928, 28.484993, 0.0], [84.52103, 28.484118, 0.0], [84.520715, 28.48373, 0.0], [84.52029, 28.483388, 0.0], [84.520084, 28.482954, 0.0], [84.519716, 28.482518, 0.0], [84.519346, 28.482177, 0.0], [84.518866, 28.48193, 0.0], [84.518385, 28.481682, 0.0], [84.51796, 28.481388, 0.0], [84.517645, 28.481, 0.0], [84.517275, 28.480612, 0.0], [84.516794, 28.480412, 0.0], [84.516425, 28.480023, 0.0], [84.516054, 28.479682, 0.0], [84.515684, 28.479341, 0.0], [84.515201, 28.479189, 0.0], [84.514719, 28.479037, 0.0], [84.514236, 28.478885, 0.0], [84.513755, 28.478638, 0.0], [84.513215, 28.478628, 0.0], [84.512678, 28.478522, 0.0], [84.512157, 28.478438, 0.0], [84.511764, 28.478315, 0.0], [84.511225, 28.478257, 0.0], [84.510687, 28.478152, 0.0], [84.510148, 28.478094, 0.0], [84.509609, 28.478036, 0.0], [84.508799, 28.478022, 0.0], [84.508207, 28.477915, 0.0], [84.507726, 28.477716, 0.0], [84.507188, 28.47761, 0.0], [84.506649, 28.477553, 0.0], [84.50611, 28.477495, 0.0], [84.50557, 28.477485, 0.0], [84.504977, 28.477426, 0.0], [84.504435, 28.477464, 0.0], [84.503894, 28.477502, 0.0], [84.503353, 28.47754, 0.0], [84.502812, 28.477578, 0.0], [84.502272, 28.477568, 0.0], [84.501731, 28.477605, 0.0], [84.501188, 28.477691, 0.0], [84.500648, 28.477681, 0.0], [84.500106, 28.477767, 0.0], [84.499566, 28.477757, 0.0], [84.499025, 28.477794, 0.0], [84.498482, 28.47788, 0.0], [84.49794, 28.477965, 0.0], [84.497129, 28.477998, 0.0], [84.496586, 28.478084, 0.0], [84.496044, 28.478169, 0.0], [84.495555, 28.478303, 0.0], [84.495065, 28.478438, 0.0], [84.494574, 28.47862, 0.0], [84.494136, 28.478898, 0.0], [84.493645, 28.47908, 0.0], [84.493648, 28.479115, 0.0], [84.493845, 28.479577, 0.0], [84.494041, 28.480039, 0.0], [84.494236, 28.480592, 0.0], [84.494538, 28.480965, 0.0], [84.494946, 28.481247, 0.0], [84.495458, 28.481531, 0.0], [84.495973, 28.481724, 0.0], [84.496487, 28.481917, 0.0], [84.496588, 28.481937, 0.0], [84.496658, 28.481904, 0.0], [84.497149, 28.481722, 0.0], [84.49769, 28.481685, 0.0], [84.49823, 28.481695, 0.0], [84.49877, 28.481704, 0.0], [84.49931, 28.481714, 0.0], [84.499904, 28.481725, 0.0], [84.500499, 28.481736, 0.0], [84.501039, 28.481746, 0.0], [84.501119, 28.481755, 0.0], [84.501427, 28.48167, 0.0], [84.50192, 28.481535, 0.0], [84.502492, 28.481546, 0.0], [84.503063, 28.481556, 0.0], [84.503634, 28.481567, 0.0], [84.504205, 28.481577, 0.0], [84.504776, 28.481588, 0.0], [84.505347, 28.481598, 0.0], [84.505918, 28.481609, 0.0], [84.506489, 28.481619, 0.0], [84.507059, 28.481702, 0.0], [84.507628, 28.481784, 0.0], [84.508198, 28.481867, 0.0], [84.508767, 28.481949, 0.0], [84.509338, 28.48196, 0.0], [84.509824, 28.482113, 0.0], [84.510098, 28.482428, 0.0], [84.510208, 28.48244, 0.0], [84.510746, 28.482545, 0.0], [84.511228, 28.482745, 0.0], [84.51171, 28.482897, 0.0], [84.512157, 28.483134, 0.0], [84.512573, 28.48355, 0.0], [84.51299, 28.483967, 0.0], [84.513942, 28.484513, 0.0], [84.514367, 28.484807, 0.0], [84.514682, 28.485195, 0.0], [84.515053, 28.485536, 0.0], [84.515478, 28.48583, 0.0], [84.515738, 28.486265, 0.0], [84.516053, 28.486652, 0.0], [84.516205, 28.487085, 0.0], [84.516465, 28.487519, 0.0], [84.516836, 28.48786, 0.0], [84.517151, 28.488248, 0.0], [84.517466, 28.488636, 0.0], [84.517781, 28.489023, 0.0], [84.518151, 28.489364, 0.0], [84.518468, 28.489704, 0.0], [84.518784, 28.490044, 0.0], [84.519099, 28.490432, 0.0], [84.519414, 28.49082, 0.0], [84.519729, 28.491207, 0.0], [84.520099, 28.491596, 0.0], [84.520414, 28.491984, 0.0], [84.520674, 28.492418, 0.0], [84.521044, 28.492759, 0.0], [84.521359, 28.493147, 0.0], [84.521619, 28.493581, 0.0], [84.521933, 28.494017, 0.0], [84.522358, 28.494358, 0.0], [84.522728, 28.494699, 0.0], [84.523098, 28.49504, 0.0], [84.523206, 28.495042, 0.0], [84.524162, 28.495776, 0.0], [84.524314, 28.496208, 0.0], [84.524629, 28.496596, 0.0], [84.524943, 28.497031, 0.0], [84.524932, 28.497509, 0.0], [84.524867, 28.497985, 0.0], [84.524856, 28.498462, 0.0], [84.524845, 28.498939, 0.0], [84.524888, 28.499417, 0.0], [84.52497, 28.499827, 0.0], [84.524423, 28.500384, 0.0], [84.524082, 28.500863, 0.0], [84.523743, 28.501245, 0.0], [84.523622, 28.501728, 0.0], [84.523611, 28.502214, 0.0], [84.52349, 28.502697, 0.0], [84.523259, 28.503178, 0.0], [84.522918, 28.503657, 0.0], [84.522577, 28.504136, 0.0], [84.522566, 28.504621, 0.0], [84.522664, 28.505108, 0.0], [84.522872, 28.505598, 0.0], [84.523193, 28.505992, 0.0], [84.523439, 28.506096, 0.0], [84.523432, 28.506395, 0.0], [84.523631, 28.506815, 0.0], [84.523936, 28.50719, 0.0], [84.524241, 28.507565, 0.0], [84.524272, 28.507581, 0.0], [84.52434, 28.507798, 0.0], [84.524592, 28.508218, 0.0], [84.524897, 28.508593, 0.0], [84.525096, 28.509012, 0.0], [84.525398, 28.509526, 0.0], [84.525597, 28.509946, 0.0], [84.525849, 28.510366, 0.0], [84.526314, 28.510605, 0.0], [84.526778, 28.510891, 0.0], [84.527302, 28.510854, 0.0], [84.527878, 28.510819, 0.0], [84.528454, 28.510783, 0.0], [84.52903, 28.510747, 0.0], [84.529553, 28.510757, 0.0], [84.530128, 28.510767, 0.0], [84.530651, 28.510777, 0.0], [84.531174, 28.510786, 0.0], [84.531695, 28.510842, 0.0], [84.532218, 28.510851, 0.0], [84.53274, 28.510907, 0.0], [84.53326, 28.511009, 0.0], [84.533672, 28.511293, 0.0], [84.534084, 28.511578, 0.0], [84.534607, 28.511588, 0.0], [84.53496, 28.511594, 0.0], [84.5353, 28.511829, 0.0], [84.535506, 28.512262, 0.0], [84.535745, 28.512482, 0.0], [84.535457, 28.512602, 0.0], [84.534901, 28.512883, 0.0], [84.534563, 28.513266, 0.0], [84.534224, 28.513648, 0.0], [84.533963, 28.513813, 0.0], [84.533679, 28.513463, 0.0], [84.533248, 28.513067, 0.0], [84.532816, 28.512768, 0.0], [84.532269, 28.512661, 0.0], [84.531713, 28.512942, 0.0], [84.531374, 28.513324, 0.0], [84.530818, 28.513605, 0.0], [84.530479, 28.513987, 0.0], [84.530248, 28.514469, 0.0], [84.530127, 28.514952, 0.0], [84.530116, 28.515437, 0.0], [84.529562, 28.515621, 0.0], [84.529006, 28.515902, 0.0], [84.528558, 28.516282, 0.0], [84.528217, 28.516761, 0.0], [84.527983, 28.51734, 0.0], [84.527645, 28.517722, 0.0], [84.527414, 28.518203, 0.0], [84.527292, 28.518686, 0.0], [84.527613, 28.51908, 0.0], [84.528162, 28.51909, 0.0], [84.528826, 28.518908, 0.0], [84.529083, 28.518823, 0.0], [84.529079, 28.518972, 0.0], [84.529014, 28.519449, 0.0], [84.529003, 28.519926, 0.0], [84.528992, 28.520403, 0.0], [84.52882, 28.52083, 0.0], [84.528158, 28.52139, 0.0], [84.528157, 28.521438, 0.0], [84.527771, 28.521765, 0.0], [84.52728, 28.521947, 0.0], [84.526791, 28.522082, 0.0], [84.52643, 28.52225, 0.0], [84.526119, 28.521868, 0.0], [84.525579, 28.52147, 0.0], [84.525034, 28.521266, 0.0], [84.524482, 28.521353, 0.0], [84.523929, 28.521537, 0.0], [84.523375, 28.521721, 0.0], [84.523125, 28.521804, 0.0], [84.523155, 28.521717, 0.0], [84.5233, 28.521415, 0.0], [84.52373, 28.521214, 0.0], [84.524223, 28.520937, 0.0], [84.524716, 28.520659, 0.0], [84.524942, 28.520234, 0.0], [84.524627, 28.519846, 0.0], [84.524311, 28.519458, 0.0], [84.524051, 28.519024, 0.0], [84.523747, 28.518813, 0.0], [84.523999, 28.518529, 0.0], [84.52423, 28.518048, 0.0], [84.524131, 28.517561, 0.0], [84.524033, 28.517073, 0.0], [84.524044, 28.516588, 0.0], [84.524056, 28.516103, 0.0], [84.523847, 28.515614, 0.0], [84.523303, 28.51541, 0.0], [84.522755, 28.515303, 0.0], [84.522415, 28.515782, 0.0], [84.522293, 28.516265, 0.0], [84.522172, 28.516748, 0.0], [84.522051, 28.517231, 0.0], [84.521712, 28.517614, 0.0], [84.521371, 28.518093, 0.0], [84.521193, 28.518206, 0.0], [84.521152, 28.518089, 0.0], [84.520502, 28.517689, 0.0], [84.520474, 28.517688, 0.0], [84.520389, 28.517784, 0.0], [84.519943, 28.518067, 0.0], [84.519605, 28.518449, 0.0], [84.519048, 28.51873, 0.0], [84.518495, 28.518914, 0.0], [84.517941, 28.519098, 0.0], [84.517387, 28.519282, 0.0], [84.516831, 28.519563, 0.0], [84.516277, 28.519747, 0.0], [84.515925, 28.51974, 0.0], [84.515945, 28.519838, 0.0], [84.51649, 28.520042, 0.0], [84.51638, 28.52004, 0.0], [84.515831, 28.52003, 0.0], [84.515288, 28.519729, 0.0], [84.51529, 28.519632, 0.0], [84.515302, 28.519147, 0.0], [84.515313, 28.518661, 0.0], [84.515325, 28.518176, 0.0], [84.515663, 28.517794, 0.0], [84.516217, 28.51761, 0.0], [84.516769, 28.517523, 0.0], [84.51732, 28.517436, 0.0], [84.517984, 28.517254, 0.0], [84.518536, 28.517167, 0.0], [84.519089, 28.516983, 0.0], [84.519538, 28.516603, 0.0], [84.519984, 28.51632, 0.0], [84.520215, 28.515839, 0.0], [84.51967, 28.515635, 0.0], [84.519121, 28.515625, 0.0], [84.518572, 28.515615, 0.0], [84.517803, 28.515601, 0.0], [84.517254, 28.515591, 0.0], [84.516704, 28.515581, 0.0], [84.516155, 28.515571, 0.0], [84.515606, 28.515561, 0.0], [84.515061, 28.515356, 0.0], [84.514853, 28.514867, 0.0], [84.514303, 28.514857, 0.0], [84.513969, 28.51507, 0.0], [84.51396, 28.51542, 0.0], [84.514051, 28.515972, 0.0], [84.514041, 28.51643, 0.0], [84.51403, 28.516888, 0.0], [84.514019, 28.517346, 0.0], [84.514008, 28.517804, 0.0], [84.513998, 28.518262, 0.0], [84.51409, 28.518722, 0.0], [84.514078, 28.519272, 0.0], [84.514067, 28.51973, 0.0], [84.514264, 28.520192, 0.0], [84.51446, 28.520654, 0.0], [84.514657, 28.521116, 0.0], [84.514854, 28.521578, 0.0], [84.51505, 28.52204, 0.0], [84.515561, 28.522416, 0.0], [84.515969, 28.522698, 0.0], [84.516378, 28.522981, 0.0], [84.516743, 28.523317, 0.0], [84.516747, 28.523153, 0.0], [84.517193, 28.52287, 0.0], [84.517532, 28.522488, 0.0], [84.517786, 28.522201, 0.0], [84.518088, 28.522207, 0.0], [84.518079, 28.522571, 0.0], [84.518404, 28.522795, 0.0], [84.518944, 28.523193, 0.0], [84.519374, 28.523589, 0.0], [84.519695, 28.523984, 0.0], [84.520127, 28.524283, 0.0], [84.52056, 28.524582, 0.0], [84.520767, 28.524725, 0.0], [84.520656, 28.525166, 0.0], [84.520425, 28.525647, 0.0], [84.520086, 28.526029, 0.0], [84.519533, 28.526213, 0.0], [84.518988, 28.526009, 0.0], [84.518438, 28.525999, 0.0], [84.517992, 28.526282, 0.0], [84.518091, 28.526769, 0.0], [84.518189, 28.527256, 0.0], [84.518622, 28.527556, 0.0], [84.519164, 28.527857, 0.0], [84.519597, 28.528156, 0.0], [84.519918, 28.52855, 0.0], [84.519698, 28.528546, 0.0], [84.518929, 28.528532, 0.0], [84.518265, 28.528714, 0.0], [84.517926, 28.529096, 0.0], [84.517805, 28.529579, 0.0], [84.517684, 28.530062, 0.0], [84.517672, 28.530548, 0.0], [84.517661, 28.531033, 0.0], [84.517982, 28.531427, 0.0], [84.518235, 28.531602, 0.0], [84.518082, 28.531817, 0.0], [84.517526, 28.532098, 0.0], [84.517078, 28.532478, 0.0], [84.516629, 28.532858, 0.0], [84.516398, 28.533339, 0.0], [84.516277, 28.533822, 0.0], [84.516155, 28.534306, 0.0], [84.515817, 28.534688, 0.0], [84.51526, 28.534969, 0.0], [84.514814, 28.535252, 0.0], [84.514475, 28.535634, 0.0], [84.514244, 28.536115, 0.0], [84.513905, 28.536497, 0.0], [84.513567, 28.536879, 0.0], [84.513335, 28.53736, 0.0], [84.513883, 28.537467, 0.0], [84.514437, 28.537283, 0.0], [84.515068, 28.537019, 0.0], [84.514974, 28.537523, 0.0], [84.514719, 28.537951, 0.0], [84.514625, 28.538454, 0.0], [84.514722, 28.538566, 0.0], [84.51442, 28.538736, 0.0], [84.514778, 28.538822, 0.0], [84.515328, 28.538954, 0.0], [84.515735, 28.539328, 0.0], [84.516138, 28.539824, 0.0], [84.516403, 28.540318, 0.0], [84.516669, 28.540812, 0.0], [84.516934, 28.541305, 0.0], [84.517061, 28.541797, 0.0], [84.517188, 28.542288, 0.0], [84.517453, 28.542781, 0.0], [84.51758, 28.543273, 0.0], [84.517568, 28.543761, 0.0], [84.517695, 28.544253, 0.0], [84.517684, 28.544741, 0.0], [84.517669, 28.545352, 0.0], [84.517658, 28.545841, 0.0], [84.51765, 28.54617, 0.0]], [[84.546339, 28.537825, 0.0], [84.546037, 28.537453, 0.0], [84.545689, 28.53726, 0.0], [84.545659, 28.537114, 0.0], [84.545671, 28.536629, 0.0], [84.545682, 28.536143, 0.0], [84.545685, 28.536008, 0.0], [84.546235, 28.536018, 0.0], [84.546784, 28.536028, 0.0], [84.546828, 28.536028, 0.0], [84.546995, 28.53642, 0.0], [84.54754, 28.536624, 0.0], [84.547848, 28.536837, 0.0], [84.547601, 28.537115, 0.0], [84.547282, 28.537476, 0.0], [84.54686, 28.537743, 0.0], [84.546596, 28.537967, 0.0], [84.546339, 28.537825, 0.0]], [[84.546598, 28.534568, 0.0], [84.546053, 28.534364, 0.0], [84.545506, 28.534257, 0.0], [84.544959, 28.53415, 0.0], [84.544409, 28.53414, 0.0], [84.54364, 28.534126, 0.0], [84.543782, 28.534459, 0.0], [84.543633, 28.534456, 0.0], [84.543085, 28.534349, 0.0], [84.542765, 28.533955, 0.0], [84.542666, 28.533468, 0.0], [84.54268, 28.532886, 0.0], [84.542691, 28.532401, 0.0], [84.542595, 28.531816, 0.0], [84.542606, 28.531331, 0.0], [84.542615, 28.530936, 0.0], [84.54275, 28.530822, 0.0], [84.543189, 28.530543, 0.0], [84.543575, 28.530216, 0.0], [84.543586, 28.529739, 0.0], [84.543597, 28.529262, 0.0], [84.543501, 28.528735, 0.0], [84.543349, 28.528302, 0.0], [84.543468, 28.527827, 0.0], [84.543589, 28.527304, 0.0], [84.543761, 28.526877, 0.0], [84.543987, 28.526452, 0.0], [84.544374, 28.526077, 0.0], [84.545031, 28.525707, 0.0], [84.545032, 28.525659, 0.0], [84.545418, 28.525332, 0.0], [84.54559, 28.524905, 0.0], [84.546319, 28.523961, 0.0], [84.546403, 28.524022, 0.0], [84.546945, 28.524323, 0.0], [84.547378, 28.524622, 0.0], [84.547645, 28.524951, 0.0], [84.547589, 28.525014, 0.0], [84.547577, 28.5255, 0.0], [84.547676, 28.525987, 0.0], [84.547775, 28.526474, 0.0], [84.547763, 28.526959, 0.0], [84.547752, 28.527444, 0.0], [84.547741, 28.527929, 0.0], [84.54784, 28.528417, 0.0], [84.54816, 28.528811, 0.0], [84.548369, 28.5293, 0.0], [84.548358, 28.529785, 0.0], [84.548127, 28.530266, 0.0], [84.547461, 28.530545, 0.0], [84.54714, 28.530151, 0.0], [84.546595, 28.529947, 0.0], [84.545936, 28.529935, 0.0], [84.545386, 28.529925, 0.0], [84.54472, 28.530205, 0.0], [84.544382, 28.530587, 0.0], [84.543933, 28.530967, 0.0], [84.543702, 28.531448, 0.0], [84.543361, 28.531927, 0.0], [84.54357, 28.532416, 0.0], [84.544115, 28.53262, 0.0], [84.54477, 28.532826, 0.0], [84.545202, 28.533126, 0.0], [84.545635, 28.533425, 0.0], [84.546178, 28.533726, 0.0], [84.546723, 28.53393, 0.0], [84.547131, 28.534212, 0.0], [84.547044, 28.534285, 0.0], [84.546598, 28.534568, 0.0]], [[84.525453, 28.532955, 0.0], [84.525141, 28.533051, 0.0], [84.525094, 28.532819, 0.0], [84.524549, 28.532615, 0.0], [84.524103, 28.532898, 0.0], [84.523551, 28.532985, 0.0], [84.522997, 28.533169, 0.0], [84.52245, 28.533062, 0.0], [84.522461, 28.532576, 0.0], [84.522802, 28.532097, 0.0], [84.522924, 28.531614, 0.0], [84.522949, 28.531514, 0.0], [84.523477, 28.53143, 0.0], [84.523924, 28.531147, 0.0], [84.52437, 28.530864, 0.0], [84.524709, 28.530482, 0.0], [84.525047, 28.5301, 0.0], [84.525388, 28.529621, 0.0], [84.525729, 28.529141, 0.0], [84.52596, 28.52866, 0.0], [84.526519, 28.528282, 0.0], [84.527077, 28.527904, 0.0], [84.527308, 28.527423, 0.0], [84.527647, 28.527041, 0.0], [84.527878, 28.52656, 0.0], [84.528217, 28.526177, 0.0], [84.528359, 28.525882, 0.0], [84.528864, 28.525891, 0.0], [84.529405, 28.525853, 0.0], [84.529898, 28.525576, 0.0], [84.530284, 28.525248, 0.0], [84.53067, 28.524921, 0.0], [84.530951, 28.524497, 0.0], [84.531123, 28.52407, 0.0], [84.531295, 28.523644, 0.0], [84.531467, 28.523217, 0.0], [84.531639, 28.52279, 0.0], [84.531758, 28.522315, 0.0], [84.531931, 28.521841, 0.0], [84.532103, 28.521414, 0.0], [84.532276, 28.520988, 0.0], [84.532395, 28.520513, 0.0], [84.53246, 28.520036, 0.0], [84.532471, 28.519559, 0.0], [84.532536, 28.519083, 0.0], [84.532708, 28.518656, 0.0], [84.532934, 28.518231, 0.0], [84.533161, 28.517805, 0.0], [84.533495, 28.517382, 0.0], [84.533721, 28.516956, 0.0], [84.533786, 28.51648, 0.0], [84.53386, 28.516184, 0.0], [84.534086, 28.516189, 0.0], [84.534161, 28.516365, 0.0], [84.534369, 28.516854, 0.0], [84.534578, 28.517343, 0.0], [84.534676, 28.51783, 0.0], [84.534775, 28.518317, 0.0], [84.534873, 28.518804, 0.0], [84.534862, 28.51929, 0.0], [84.534961, 28.519777, 0.0], [84.53511, 28.519961, 0.0], [84.5351, 28.520419, 0.0], [84.535141, 28.520944, 0.0], [84.53514, 28.520992, 0.0], [84.535183, 28.52147, 0.0], [84.535118, 28.521947, 0.0], [84.535053, 28.522423, 0.0], [84.534882, 28.522779, 0.0], [84.534717, 28.522891, 0.0], [84.534218, 28.5231, 0.0], [84.533799, 28.523384, 0.0], [84.53338, 28.523667, 0.0], [84.532958, 28.524096, 0.0], [84.532537, 28.524453, 0.0], [84.532198, 28.524883, 0.0], [84.532023, 28.525317, 0.0], [84.531846, 28.525824, 0.0], [84.531752, 28.526331, 0.0], [84.531577, 28.526765, 0.0], [84.531482, 28.527273, 0.0], [84.531225, 28.527705, 0.0], [84.530968, 28.528137, 0.0], [84.530544, 28.528639, 0.0], [84.530369, 28.529073, 0.0], [84.530357, 28.529582, 0.0], [84.53051, 28.530095, 0.0], [84.530545, 28.530349, 0.0], [84.530241, 28.530734, 0.0], [84.529821, 28.531231, 0.0], [84.529486, 28.531586, 0.0], [84.528991, 28.531793, 0.0], [84.528415, 28.531999, 0.0], [84.527838, 28.532205, 0.0], [84.52726, 28.532483, 0.0], [84.526687, 28.532544, 0.0], [84.526029, 28.532749, 0.0], [84.525453, 28.532955, 0.0]], [[84.538582, 28.543645, 0.0], [84.539013, 28.544041, 0.0], [84.539562, 28.544051, 0.0], [84.540112, 28.544061, 0.0], [84.540773, 28.543976, 0.0], [84.541325, 28.543889, 0.0], [84.54144, 28.543871, 0.0], [84.541625, 28.544156, 0.0], [84.541822, 28.544618, 0.0], [84.542231, 28.544901, 0.0], [84.542639, 28.545183, 0.0], [84.543048, 28.545466, 0.0], [84.543194, 28.545634, 0.0], [84.542928, 28.545859, 0.0], [84.542917, 28.546344, 0.0], [84.543015, 28.546832, 0.0], [84.542784, 28.547313, 0.0], [84.542714, 28.547593, 0.0], [84.542562, 28.547406, 0.0], [84.542466, 28.546822, 0.0], [84.542145, 28.546428, 0.0], [84.541825, 28.546033, 0.0], [84.541392, 28.545734, 0.0], [84.540849, 28.545433, 0.0], [84.5403, 28.545423, 0.0], [84.53975, 28.545413, 0.0], [84.539196, 28.545598, 0.0], [84.538533, 28.54578, 0.0], [84.537917, 28.545859, 0.0], [84.537855, 28.545555, 0.0], [84.537866, 28.545097, 0.0], [84.537877, 28.544638, 0.0], [84.537684, 28.543993, 0.0], [84.537408, 28.54348, 0.0], [84.537706, 28.543143, 0.0], [84.538108, 28.543062, 0.0], [84.538262, 28.543251, 0.0], [84.538582, 28.543645, 0.0]], [[84.545895, 28.545913, 0.0], [84.546341, 28.54563, 0.0], [84.546415, 28.545631, 0.0], [84.546559, 28.545731, 0.0], [84.547106, 28.545838, 0.0], [84.547651, 28.546042, 0.0], [84.547972, 28.546436, 0.0], [84.54818, 28.546925, 0.0], [84.548169, 28.54741, 0.0], [84.547723, 28.547693, 0.0], [84.547274, 28.548074, 0.0], [84.546725, 28.548064, 0.0], [84.546285, 28.548056, 0.0], [84.546292, 28.547765, 0.0], [84.545971, 28.54737, 0.0], [84.545873, 28.546883, 0.0], [84.545884, 28.546398, 0.0], [84.545895, 28.545913, 0.0]], [[84.552038, 28.546509, 0.0], [84.552064, 28.546406, 0.0], [84.552258, 28.546513, 0.0], [84.552807, 28.546523, 0.0], [84.553361, 28.546339, 0.0], [84.553809, 28.545959, 0.0], [84.554469, 28.545971, 0.0], [84.555018, 28.545981, 0.0], [84.555227, 28.54647, 0.0], [84.555545, 28.546961, 0.0], [84.55554, 28.547187, 0.0], [84.555314, 28.547442, 0.0], [84.555083, 28.547923, 0.0], [84.554968, 28.548164, 0.0], [84.55496, 28.548503, 0.0], [84.554511, 28.548884, 0.0], [84.554065, 28.549167, 0.0], [84.553619, 28.54945, 0.0], [84.553074, 28.549246, 0.0], [84.552865, 28.548757, 0.0], [84.552876, 28.548272, 0.0], [84.552915, 28.548208, 0.0], [84.552879, 28.548175, 0.0], [84.552336, 28.547874, 0.0], [84.552015, 28.54748, 0.0], [84.552027, 28.546994, 0.0], [84.552038, 28.546509, 0.0]]]}}]}